{"type":"FeatureCollection","metadata":{"generated":1775733556000,"url":"https://earthquake.usgs.gov/earthquakes/feed/v1.0/summary/all_day.geojson","title":"USGS All Earthquakes, Past Day","status":200,"api":"2.3.0","count":220},"features":[{"type":"Feature","properties":{"mag":0.48,"place":"1 km NW of Valle Vista, CA","time":1775733231380,"updated":1775733437978,"tz":null,"url":"https://earthquake.usgs.gov/earthquakes/eventpage/ci41436328","detail":"https://earthquake.usgs.gov/earthquakes/feed/v1.0/detail/ci41436328.geojson","felt":null,"cdi":null,"mmi":null,"alert":null,"status":"automatic","tsunami":0,"sig":4,"net":"ci","code":"41436328","ids":",ci41436328,","sources":",ci,","types":",nearby-cities,origin,phase-data,scitech-link,","nst":22,"dmin":0.0707,"rms":0.18,"gap":152,"magType":"ml","type":"earthquake","title":"M 0.5 - 1 km NW of Valle Vista, CA"},"geometry":{"type":"Point","coordinates":[-116.904833333333,33.7561666666667,9.62]},"id":"ci41436328"},
{"type":"Feature","properties":{"mag":0.7,"place":"6 km WNW of Cobb, CA","time":1775732657050,"updated":1775732752132,"tz":null,"url":"https://earthquake.usgs.gov/earthquakes/eventpage/nc75341557","detail":"https://earthquake.usgs.gov/earthquakes/feed/v1.0/detail/nc75341557.geojson","felt":null,"cdi":null,"mmi":null,"alert":null,"status":"automatic","tsunami":0,"sig":8,"net":"nc","code":"75341557","ids":",nc75341557,","sources":",nc,","types":",nearby-cities,origin,phase-data,","nst":11,"dmin":0.002839,"rms":0.03,"gap":78,"magType":"md","type":"earthquake","title":"M 0.7 - 6 km WNW of Cobb, CA"},"geometry":{"type":"Point","coordinates":[-122.793502807617,38.8370018005371,2.29999995231628]},"id":"nc75341557"},
{"type":"Feature","properties":{"mag":1.97,"place":"14 km E of Pāhala, Hawaii","time":1775732248450,"updated":1775732458840,"tz":null,"url":"https://earthquake.usgs.gov/earthquakes/eventpage/hv74934522","detail":"https://earthquake.usgs.gov/earthquakes/feed/v1.0/detail/hv74934522.geojson","felt":null,"cdi":null,"mmi":null,"alert":null,"status":"automatic","tsunami":0,"sig":60,"net":"hv","code":"74934522","ids":",hv74934522,","sources":",hv,","types":",origin,phase-data,","nst":27,"dmin":0.06168,"rms":0.119999997,"gap":191,"magType":"md","type":"earthquake","title":"M 2.0 - 14 km E of Pāhala, Hawaii"},"geometry":{"type":"Point","coordinates":[-155.339996337891,19.2081661224365,30.5400009155273]},"id":"hv74934522"},
{"type":"Feature","properties":{"mag":1.7,"place":"70 km WSW of Nanwalek, Alaska","time":1775731936263,"updated":1775732147378,"tz":null,"url":"https://earthquake.usgs.gov/earthquakes/eventpage/aka2026gysuip","detail":"https://earthquake.usgs.gov/earthquakes/feed/v1.0/detail/aka2026gysuip.geojson","felt":null,"cdi":null,"mmi":null,"alert":null,"status":"automatic","tsunami":0,"sig":44,"net":"ak","code":"a2026gysuip","ids":",aka2026gysuip,","sources":",ak,","types":",origin,phase-data,","nst":47,"dmin":0.3,"rms":0.6,"gap":83,"magType":"ml","type":"earthquake","title":"M 1.7 - 70 km WSW of Nanwalek, Alaska"},"geometry":{"type":"Point","coordinates":[-153.044,59.086,67.6]},"id":"aka2026gysuip"},
{"type":"Feature","properties":{"mag":1.73,"place":"12 km WSW of San Ardo, CA","time":1775731879770,"updated":1775732839779,"tz":null,"url":"https://earthquake.usgs.gov/earthquakes/eventpage/nc75341552","detail":"https://earthquake.usgs.gov/earthquakes/feed/v1.0/detail/nc75341552.geojson","felt":null,"cdi":null,"mmi":null,"alert":null,"status":"automatic","tsunami":0,"sig":46,"net":"nc","code":"75341552","ids":",nc75341552,","sources":",nc,","types":",focal-mechanism,nearby-cities,origin,phase-data,scitech-link,","nst":37,"dmin":0.1471,"rms":0.09,"gap":69,"magType":"md","type":"earthquake","title":"M 1.7 - 12 km WSW of San Ardo, CA"},"geometry":{"type":"Point","coordinates":[-121.028999328613,35.9908332824707,12.4399995803833]},"id":"nc75341552"},
{"type":"Feature","properties":{"mag":1.3,"place":"50 km ESE of Denali Park, Alaska","time":1775731754058,"updated":1775731936887,"tz":null,"url":"https://earthquake.usgs.gov/earthquakes/eventpage/aka2026gysrsl","detail":"https://earthquake.usgs.gov/earthquakes/feed/v1.0/detail/aka2026gysrsl.geojson","felt":null,"cdi":null,"mmi":null,"alert":null,"status":"automatic","tsunami":0,"sig":26,"net":"ak","code":"a2026gysrsl","ids":",aka2026gysrsl,","sources":",ak,","types":",origin,phase-data,","nst":12,"dmin":0.5,"rms":0.6,"gap":79,"magType":"ml","type":"earthquake","title":"M 1.3 - 50 km ESE of Denali Park, Alaska"},"geometry":{"type":"Point","coordinates":[-147.947,63.603,4.7]},"id":"aka2026gysrsl"},
{"type":"Feature","properties":{"mag":0.98,"place":"16 km WSW of Toms Place, CA","time":1775731523960,"updated":1775731622053,"tz":null,"url":"https://earthquake.usgs.gov/earthquakes/eventpage/nc75341547","detail":"https://earthquake.usgs.gov/earthquakes/feed/v1.0/detail/nc75341547.geojson","felt":null,"cdi":null,"mmi":null,"alert":null,"status":"automatic","tsunami":0,"sig":15,"net":"nc","code":"75341547","ids":",nc75341547,","sources":",nc,","types":",nearby-cities,origin,phase-data,","nst":11,"dmin":0.1007,"rms":0.05,"gap":222,"magType":"md","type":"earthquake","title":"M 1.0 - 16 km WSW of Toms Place, CA"},"geometry":{"type":"Point","coordinates":[-118.83716583252,37.4893341064453,3.8199999332428]},"id":"nc75341547"},
{"type":"Feature","properties":{"mag":1,"place":"86 km SSW of McCarthy, Alaska","time":1775731087578,"updated":1775731167060,"tz":null,"url":"https://earthquake.usgs.gov/earthquakes/eventpage/aka2026gysido","detail":"https://earthquake.usgs.gov/earthquakes/feed/v1.0/detail/aka2026gysido.geojson","felt":null,"cdi":null,"mmi":null,"alert":null,"status":"automatic","tsunami":0,"sig":15,"net":"ak","code":"a2026gysido","ids":",aka2026gysido,","sources":",ak,","types":",origin,phase-data,","nst":10,"dmin":0.1,"rms":0.4,"gap":122,"magType":"ml","type":"earthquake","title":"M 1.0 - 86 km SSW of McCarthy, Alaska"},"geometry":{"type":"Point","coordinates":[-143.282,60.674,13.5]},"id":"aka2026gysido"},
{"type":"Feature","properties":{"mag":0.77,"place":"8 km NW of The Geysers, CA","time":1775731001860,"updated":1775731096933,"tz":null,"url":"https://earthquake.usgs.gov/earthquakes/eventpage/nc75341542","detail":"https://earthquake.usgs.gov/earthquakes/feed/v1.0/detail/nc75341542.geojson","felt":null,"cdi":null,"mmi":null,"alert":null,"status":"automatic","tsunami":0,"sig":9,"net":"nc","code":"75341542","ids":",nc75341542,","sources":",nc,","types":",nearby-cities,origin,phase-data,","nst":8,"dmin":0.01053,"rms":0.01,"gap":72,"magType":"md","type":"earthquake","title":"M 0.8 - 8 km NW of The Geysers, CA"},"geometry":{"type":"Point","coordinates":[-122.82266998291,38.8273315429688,2.34999990463257]},"id":"nc75341542"},
{"type":"Feature","properties":{"mag":1.5,"place":"85 km NNW of Karluk, Alaska","time":1775730213898,"updated":1775730325248,"tz":null,"url":"https://earthquake.usgs.gov/earthquakes/eventpage/aka2026gyrtzh","detail":"https://earthquake.usgs.gov/earthquakes/feed/v1.0/detail/aka2026gyrtzh.geojson","felt":null,"cdi":null,"mmi":null,"alert":null,"status":"automatic","tsunami":0,"sig":35,"net":"ak","code":"a2026gyrtzh","ids":",aka2026gyrtzh,","sources":",ak,","types":",origin,phase-data,","nst":39,"dmin":0.1,"rms":0.6,"gap":72,"magType":"ml","type":"earthquake","title":"M 1.5 - 85 km NNW of Karluk, Alaska"},"geometry":{"type":"Point","coordinates":[-154.965,58.283,5]},"id":"aka2026gyrtzh"},
{"type":"Feature","properties":{"mag":1.9,"place":"72 km SE of Ugashik, Alaska","time":1775729514227,"updated":1775729641315,"tz":null,"url":"https://earthquake.usgs.gov/earthquakes/eventpage/aka2026gyrlqp","detail":"https://earthquake.usgs.gov/earthquakes/feed/v1.0/detail/aka2026gyrlqp.geojson","felt":null,"cdi":null,"mmi":null,"alert":null,"status":"automatic","tsunami":0,"sig":56,"net":"ak","code":"a2026gyrlqp","ids":",aka2026gyrlqp,","sources":",ak,","types":",origin,phase-data,","nst":30,"dmin":0.7,"rms":0.5,"gap":199,"magType":"ml","type":"earthquake","title":"M 1.9 - 72 km SE of Ugashik, Alaska"},"geometry":{"type":"Point","coordinates":[-156.655,57.003,5]},"id":"aka2026gyrlqp"},
{"type":"Feature","properties":{"mag":2.33,"place":"12 km E of Pāhala, Hawaii","time":1775729454140,"updated":1775729661130,"tz":null,"url":"https://earthquake.usgs.gov/earthquakes/eventpage/hv74934497","detail":"https://earthquake.usgs.gov/earthquakes/feed/v1.0/detail/hv74934497.geojson","felt":null,"cdi":null,"mmi":null,"alert":null,"status":"automatic","tsunami":0,"sig":84,"net":"hv","code":"74934497","ids":",hv74934497,","sources":",hv,","types":",origin,phase-data,","nst":48,"dmin":0.05787,"rms":0.140000001,"gap":173,"magType":"md","type":"earthquake","title":"M 2.3 - 12 km E of Pāhala, Hawaii"},"geometry":{"type":"Point","coordinates":[-155.363159179688,19.1893329620361,29.7800006866455]},"id":"hv74934497"},
{"type":"Feature","properties":{"mag":4.2,"place":"297 km SW of Yakutat, Alaska","time":1775729101304,"updated":1775730942040,"tz":null,"url":"https://earthquake.usgs.gov/earthquakes/eventpage/us6000snn9","detail":"https://earthquake.usgs.gov/earthquakes/feed/v1.0/detail/us6000snn9.geojson","felt":null,"cdi":null,"mmi":0,"alert":null,"status":"reviewed","tsunami":0,"sig":271,"net":"us","code":"6000snn9","ids":",aka2026gyrfoy,us6000snn9,","sources":",ak,us,","types":",origin,phase-data,shakemap,","nst":78,"dmin":2.615,"rms":1.21,"gap":131,"magType":"mb","type":"earthquake","title":"M 4.2 - 297 km SW of Yakutat, Alaska"},"geometry":{"type":"Point","coordinates":[-142.8856,57.4443,10]},"id":"us6000snn9"},
{"type":"Feature","properties":{"mag":1.2,"place":"62 km WNW of Nanwalek, Alaska","time":1775728029900,"updated":1775728137146,"tz":null,"url":"https://earthquake.usgs.gov/earthquakes/eventpage/aka2026gyqqfn","detail":"https://earthquake.usgs.gov/earthquakes/feed/v1.0/detail/aka2026gyqqfn.geojson","felt":null,"cdi":null,"mmi":null,"alert":null,"status":"automatic","tsunami":0,"sig":22,"net":"ak","code":"a2026gyqqfn","ids":",aka2026gyqqfn,","sources":",ak,","types":",origin,phase-data,","nst":47,"dmin":0.2,"rms":0.5,"gap":83,"magType":"ml","type":"earthquake","title":"M 1.2 - 62 km WNW of Nanwalek, Alaska"},"geometry":{"type":"Point","coordinates":[-152.972,59.533,89]},"id":"aka2026gyqqfn"},
{"type":"Feature","properties":{"mag":0.78,"place":"20 km ESE of Anza, CA","time":1775727763090,"updated":1775727970387,"tz":null,"url":"https://earthquake.usgs.gov/earthquakes/eventpage/ci41436312","detail":"https://earthquake.usgs.gov/earthquakes/feed/v1.0/detail/ci41436312.geojson","felt":null,"cdi":null,"mmi":null,"alert":null,"status":"automatic","tsunami":0,"sig":9,"net":"ci","code":"41436312","ids":",ci41436312,","sources":",ci,","types":",nearby-cities,origin,phase-data,scitech-link,","nst":41,"dmin":0.1122,"rms":0.17,"gap":59,"magType":"ml","type":"earthquake","title":"M 0.8 - 20 km ESE of Anza, CA"},"geometry":{"type":"Point","coordinates":[-116.468333333333,33.4866666666667,14.41]},"id":"ci41436312"},
{"type":"Feature","properties":{"mag":1.08,"place":"9 km WNW of The Geysers, CA","time":1775727714780,"updated":1775727812741,"tz":null,"url":"https://earthquake.usgs.gov/earthquakes/eventpage/nc75341537","detail":"https://earthquake.usgs.gov/earthquakes/feed/v1.0/detail/nc75341537.geojson","felt":null,"cdi":null,"mmi":null,"alert":null,"status":"automatic","tsunami":0,"sig":18,"net":"nc","code":"75341537","ids":",nc75341537,","sources":",nc,","types":",nearby-cities,origin,phase-data,","nst":16,"dmin":0.007023,"rms":0.01,"gap":103,"magType":"md","type":"earthquake","title":"M 1.1 - 9 km WNW of The Geysers, CA"},"geometry":{"type":"Point","coordinates":[-122.84400177002,38.8226661682129,2.19000005722046]},"id":"nc75341537"},
{"type":"Feature","properties":{"mag":1.7,"place":"50 km E of Clear, Alaska","time":1775727629063,"updated":1775727812317,"tz":null,"url":"https://earthquake.usgs.gov/earthquakes/eventpage/aka2026gyqklt","detail":"https://earthquake.usgs.gov/earthquakes/feed/v1.0/detail/aka2026gyqklt.geojson","felt":null,"cdi":null,"mmi":null,"alert":null,"status":"automatic","tsunami":0,"sig":44,"net":"ak","code":"a2026gyqklt","ids":",aka2026gyqklt,","sources":",ak,","types":",origin,phase-data,","nst":32,"dmin":0.2,"rms":0.8,"gap":55,"magType":"ml","type":"earthquake","title":"M 1.7 - 50 km E of Clear, Alaska"},"geometry":{"type":"Point","coordinates":[-148.149,64.265,0.4]},"id":"aka2026gyqklt"},
{"type":"Feature","properties":{"mag":3.2,"place":"57 km S of Whites City, New Mexico","time":1775727453090,"updated":1775728488417,"tz":null,"url":"https://earthquake.usgs.gov/earthquakes/eventpage/tx2026gyqhyi","detail":"https://earthquake.usgs.gov/earthquakes/feed/v1.0/detail/tx2026gyqhyi.geojson","felt":null,"cdi":null,"mmi":4.377,"alert":null,"status":"reviewed","tsunami":0,"sig":158,"net":"tx","code":"2026gyqhyi","ids":",us6000snn5,tx2026gyqhyi,","sources":",us,tx,","types":",origin,phase-data,shakemap,","nst":24,"dmin":0,"rms":0.1,"gap":68,"magType":"ml","type":"earthquake","title":"M 3.2 - 57 km S of Whites City, New Mexico"},"geometry":{"type":"Point","coordinates":[-104.318,31.658,6.6125]},"id":"tx2026gyqhyi"},
{"type":"Feature","properties":{"mag":1.11,"place":"10 km SE of Pinnacles, CA","time":1775726166300,"updated":1775728043262,"tz":null,"url":"https://earthquake.usgs.gov/earthquakes/eventpage/nc75341527","detail":"https://earthquake.usgs.gov/earthquakes/feed/v1.0/detail/nc75341527.geojson","felt":null,"cdi":null,"mmi":null,"alert":null,"status":"automatic","tsunami":0,"sig":19,"net":"nc","code":"75341527","ids":",nc75341527,","sources":",nc,","types":",nearby-cities,origin,phase-data,scitech-link,","nst":9,"dmin":0.01054,"rms":0.07,"gap":110,"magType":"md","type":"earthquake","title":"M 1.1 - 10 km SE of Pinnacles, CA"},"geometry":{"type":"Point","coordinates":[-121.070663452148,36.4578323364258,6.51999998092651]},"id":"nc75341527"},
{"type":"Feature","properties":{"mag":1.3,"place":"66 km SE of Denali National Park, Alaska","time":1775725305425,"updated":1775725408357,"tz":null,"url":"https://earthquake.usgs.gov/earthquakes/eventpage/aka2026gypdcm","detail":"https://earthquake.usgs.gov/earthquakes/feed/v1.0/detail/aka2026gypdcm.geojson","felt":null,"cdi":null,"mmi":null,"alert":null,"status":"automatic","tsunami":0,"sig":26,"net":"ak","code":"a2026gypdcm","ids":",aka2026gypdcm,","sources":",ak,","types":",origin,phase-data,","nst":20,"dmin":0.7,"rms":0.4,"gap":110,"magType":"ml","type":"earthquake","title":"M 1.3 - 66 km SE of Denali National Park, Alaska"},"geometry":{"type":"Point","coordinates":[-150.634,63.194,123.2]},"id":"aka2026gypdcm"},
{"type":"Feature","properties":{"mag":1.84,"place":"9 km SSE of Calumet, Oklahoma","time":1775725185157,"updated":1775725270000,"tz":null,"url":"https://earthquake.usgs.gov/earthquakes/eventpage/ok2026gxtc","detail":"https://earthquake.usgs.gov/earthquakes/feed/v1.0/detail/ok2026gxtc.geojson","felt":null,"cdi":null,"mmi":null,"alert":null,"status":"automatic","tsunami":0,"sig":52,"net":"ok","code":"2026gxtc","ids":",ok2026gxtc,","sources":",ok,","types":",origin,phase-data,","nst":7,"dmin":0.1047985703,"rms":0.4856059361,"gap":85.8681488,"magType":"ml","type":"earthquake","title":"M 1.8 - 9 km SSE of Calumet, Oklahoma"},"geometry":{"type":"Point","coordinates":[-98.08328247,35.5195961,4.706746101]},"id":"ok2026gxtc"},
{"type":"Feature","properties":{"mag":0.9,"place":"4 km SSE of Mentone, CA","time":1775724653630,"updated":1775724865001,"tz":null,"url":"https://earthquake.usgs.gov/earthquakes/eventpage/ci41436304","detail":"https://earthquake.usgs.gov/earthquakes/feed/v1.0/detail/ci41436304.geojson","felt":null,"cdi":null,"mmi":null,"alert":null,"status":"automatic","tsunami":0,"sig":12,"net":"ci","code":"41436304","ids":",ci41436304,","sources":",ci,","types":",nearby-cities,origin,phase-data,scitech-link,","nst":57,"dmin":0.009902,"rms":0.18,"gap":29,"magType":"ml","type":"earthquake","title":"M 0.9 - 4 km SSE of Mentone, CA"},"geometry":{"type":"Point","coordinates":[-117.124333333333,34.0353333333333,5.87]},"id":"ci41436304"},
{"type":"Feature","properties":{"mag":1.97,"place":"7 km NNW of Big Pine, CA","time":1775723503850,"updated":1775724741875,"tz":null,"url":"https://earthquake.usgs.gov/earthquakes/eventpage/nc75341492","detail":"https://earthquake.usgs.gov/earthquakes/feed/v1.0/detail/nc75341492.geojson","felt":null,"cdi":null,"mmi":null,"alert":null,"status":"automatic","tsunami":0,"sig":60,"net":"nc","code":"75341492","ids":",nc75341492,nn00913909,","sources":",nc,nn,","types":",nearby-cities,origin,phase-data,scitech-link,","nst":13,"dmin":0.01876,"rms":0.06,"gap":124,"magType":"md","type":"earthquake","title":"M 2.0 - 7 km NNW of Big Pine, CA"},"geometry":{"type":"Point","coordinates":[-118.306503295898,37.2304992675781,4.1399998664856]},"id":"nc75341492"},
{"type":"Feature","properties":{"mag":1.9,"place":"14 km E of Pāhala, Hawaii","time":1775722836250,"updated":1775723052030,"tz":null,"url":"https://earthquake.usgs.gov/earthquakes/eventpage/hv74934457","detail":"https://earthquake.usgs.gov/earthquakes/feed/v1.0/detail/hv74934457.geojson","felt":null,"cdi":null,"mmi":null,"alert":null,"status":"automatic","tsunami":0,"sig":56,"net":"hv","code":"74934457","ids":",hv74934457,","sources":",hv,","types":",origin,phase-data,","nst":29,"dmin":0.06284,"rms":0.119999997,"gap":192,"magType":"md","type":"earthquake","title":"M 1.9 - 14 km E of Pāhala, Hawaii"},"geometry":{"type":"Point","coordinates":[-155.339660644531,19.2063331604004,30.1000003814697]},"id":"hv74934457"},
{"type":"Feature","properties":{"mag":1.5,"place":"55 km S of Whites City, New Mexico","time":1775722775815,"updated":1775722910888,"tz":null,"url":"https://earthquake.usgs.gov/earthquakes/eventpage/tx2026gynstx","detail":"https://earthquake.usgs.gov/earthquakes/feed/v1.0/detail/tx2026gynstx.geojson","felt":null,"cdi":null,"mmi":null,"alert":null,"status":"automatic","tsunami":0,"sig":35,"net":"tx","code":"2026gynstx","ids":",tx2026gynstx,","sources":",tx,","types":",origin,phase-data,","nst":7,"dmin":0.1,"rms":0.3,"gap":140,"magType":"ml","type":"earthquake","title":"M 1.5 - 55 km S of Whites City, New Mexico"},"geometry":{"type":"Point","coordinates":[-104.366,31.672,5.5347]},"id":"tx2026gynstx"},
{"type":"Feature","properties":{"mag":0.85,"place":"7 km WNW of Cobb, CA","time":1775722553940,"updated":1775722651829,"tz":null,"url":"https://earthquake.usgs.gov/earthquakes/eventpage/nc75341487","detail":"https://earthquake.usgs.gov/earthquakes/feed/v1.0/detail/nc75341487.geojson","felt":null,"cdi":null,"mmi":null,"alert":null,"status":"automatic","tsunami":0,"sig":11,"net":"nc","code":"75341487","ids":",nc75341487,","sources":",nc,","types":",nearby-cities,origin,phase-data,","nst":8,"dmin":0.006265,"rms":0.01,"gap":71,"magType":"md","type":"earthquake","title":"M 0.9 - 7 km WNW of Cobb, CA"},"geometry":{"type":"Point","coordinates":[-122.798332214355,38.837833404541,1.70000004768372]},"id":"nc75341487"},
{"type":"Feature","properties":{"mag":1.89,"place":"13 km E of Pāhala, Hawaii","time":1775721931400,"updated":1775722136450,"tz":null,"url":"https://earthquake.usgs.gov/earthquakes/eventpage/hv74934447","detail":"https://earthquake.usgs.gov/earthquakes/feed/v1.0/detail/hv74934447.geojson","felt":null,"cdi":null,"mmi":null,"alert":null,"status":"automatic","tsunami":0,"sig":55,"net":"hv","code":"74934447","ids":",hv74934447,","sources":",hv,","types":",origin,phase-data,","nst":28,"dmin":0.04361,"rms":0.150000006,"gap":182,"magType":"md","type":"earthquake","title":"M 1.9 - 13 km E of Pāhala, Hawaii"},"geometry":{"type":"Point","coordinates":[-155.353164672852,19.2253341674805,29.3400001525879]},"id":"hv74934447"},
{"type":"Feature","properties":{"mag":1.76,"place":"23 km SSE of Volcano, Hawaii","time":1775721857650,"updated":1775722059040,"tz":null,"url":"https://earthquake.usgs.gov/earthquakes/eventpage/hv74934442","detail":"https://earthquake.usgs.gov/earthquakes/feed/v1.0/detail/hv74934442.geojson","felt":null,"cdi":null,"mmi":null,"alert":null,"status":"automatic","tsunami":0,"sig":48,"net":"hv","code":"74934442","ids":",hv74934442,","sources":",hv,","types":",origin,phase-data,","nst":29,"dmin":0.1441,"rms":0.100000001,"gap":223,"magType":"md","type":"earthquake","title":"M 1.8 - 23 km SSE of Volcano, Hawaii"},"geometry":{"type":"Point","coordinates":[-155.136337280273,19.25,36.9599990844727]},"id":"hv74934442"},
{"type":"Feature","properties":{"mag":1.7,"place":"55 km N of Chase, Alaska","time":1775721795853,"updated":1775721914011,"tz":null,"url":"https://earthquake.usgs.gov/earthquakes/eventpage/aka2026gyneru","detail":"https://earthquake.usgs.gov/earthquakes/feed/v1.0/detail/aka2026gyneru.geojson","felt":null,"cdi":null,"mmi":null,"alert":null,"status":"automatic","tsunami":0,"sig":44,"net":"ak","code":"a2026gyneru","ids":",aka2026gyneru,","sources":",ak,","types":",origin,phase-data,","nst":26,"dmin":0.5,"rms":0.7,"gap":94,"magType":"ml","type":"earthquake","title":"M 1.7 - 55 km N of Chase, Alaska"},"geometry":{"type":"Point","coordinates":[-150.089,62.947,78.6]},"id":"aka2026gyneru"},
{"type":"Feature","properties":{"mag":1.2,"place":"63 km SSE of Cantwell, Alaska","time":1775721744213,"updated":1775721847790,"tz":null,"url":"https://earthquake.usgs.gov/earthquakes/eventpage/aka2026gyndyp","detail":"https://earthquake.usgs.gov/earthquakes/feed/v1.0/detail/aka2026gyndyp.geojson","felt":null,"cdi":null,"mmi":null,"alert":null,"status":"automatic","tsunami":0,"sig":22,"net":"ak","code":"a2026gyndyp","ids":",aka2026gyndyp,","sources":",ak,","types":",origin,phase-data,","nst":20,"dmin":0.1,"rms":0.7,"gap":73,"magType":"ml","type":"earthquake","title":"M 1.2 - 63 km SSE of Cantwell, Alaska"},"geometry":{"type":"Point","coordinates":[-148.314,62.898,0.1]},"id":"aka2026gyndyp"},
{"type":"Feature","properties":{"mag":0.57,"place":"9 km NE of Julian, CA","time":1775721019480,"updated":1775721219871,"tz":null,"url":"https://earthquake.usgs.gov/earthquakes/eventpage/ci41436296","detail":"https://earthquake.usgs.gov/earthquakes/feed/v1.0/detail/ci41436296.geojson","felt":null,"cdi":null,"mmi":null,"alert":null,"status":"automatic","tsunami":0,"sig":5,"net":"ci","code":"41436296","ids":",ci41436296,","sources":",ci,","types":",nearby-cities,origin,phase-data,scitech-link,","nst":31,"dmin":0.08059,"rms":0.18,"gap":89,"magType":"ml","type":"earthquake","title":"M 0.6 - 9 km NE of Julian, CA"},"geometry":{"type":"Point","coordinates":[-116.531333333333,33.1395,6.71]},"id":"ci41436296"},
{"type":"Feature","properties":{"mag":1.5,"place":"57 km S of Whites City, New Mexico","time":1775720709378,"updated":1775724255455,"tz":null,"url":"https://earthquake.usgs.gov/earthquakes/eventpage/tx2026gympcj","detail":"https://earthquake.usgs.gov/earthquakes/feed/v1.0/detail/tx2026gympcj.geojson","felt":null,"cdi":null,"mmi":null,"alert":null,"status":"reviewed","tsunami":0,"sig":35,"net":"tx","code":"2026gympcj","ids":",tx2026gympcj,","sources":",tx,","types":",origin,phase-data,","nst":29,"dmin":0,"rms":0.2,"gap":70,"magType":"ml","type":"earthquake","title":"M 1.5 - 57 km S of Whites City, New Mexico"},"geometry":{"type":"Point","coordinates":[-104.386,31.657,5.7922]},"id":"tx2026gympcj"},
{"type":"Feature","properties":{"mag":2.9,"place":"58 km S of Whites City, New Mexico","time":1775720283838,"updated":1775721077190,"tz":null,"url":"https://earthquake.usgs.gov/earthquakes/eventpage/tx2026gymizh","detail":"https://earthquake.usgs.gov/earthquakes/feed/v1.0/detail/tx2026gymizh.geojson","felt":null,"cdi":null,"mmi":null,"alert":null,"status":"reviewed","tsunami":0,"sig":129,"net":"tx","code":"2026gymizh","ids":",us6000snmx,tx2026gymizh,","sources":",us,tx,","types":",origin,phase-data,","nst":34,"dmin":0,"rms":0.1,"gap":71,"magType":"ml","type":"earthquake","title":"M 2.9 - 58 km S of Whites City, New Mexico"},"geometry":{"type":"Point","coordinates":[-104.383,31.652,5.741]},"id":"tx2026gymizh"},
{"type":"Feature","properties":{"mag":1.8,"place":"19 km WNW of Fishhook, Alaska","time":1775720182532,"updated":1775721136104,"tz":null,"url":"https://earthquake.usgs.gov/earthquakes/eventpage/aka2026gymgzu","detail":"https://earthquake.usgs.gov/earthquakes/feed/v1.0/detail/aka2026gymgzu.geojson","felt":null,"cdi":null,"mmi":null,"alert":null,"status":"automatic","tsunami":0,"sig":50,"net":"ak","code":"a2026gymgzu","ids":",aka2026gymgzu,","sources":",ak,","types":",origin,","nst":23,"dmin":0.3,"rms":0.7,"gap":69,"magType":"ml","type":"earthquake","title":"M 1.8 - 19 km WNW of Fishhook, Alaska"},"geometry":{"type":"Point","coordinates":[-149.558,61.822,29.4]},"id":"aka2026gymgzu"},
{"type":"Feature","properties":{"mag":5.1,"place":"93 km ENE of Nabire, Indonesia","time":1775719941057,"updated":1775721061040,"tz":null,"url":"https://earthquake.usgs.gov/earthquakes/eventpage/us6000snmv","detail":"https://earthquake.usgs.gov/earthquakes/feed/v1.0/detail/us6000snmv.geojson","felt":null,"cdi":null,"mmi":null,"alert":null,"status":"reviewed","tsunami":0,"sig":400,"net":"us","code":"6000snmv","ids":",us6000snmv,","sources":",us,","types":",origin,phase-data,","nst":65,"dmin":4.004,"rms":0.67,"gap":52,"magType":"mb","type":"earthquake","title":"M 5.1 - 93 km ENE of Nabire, Indonesia"},"geometry":{"type":"Point","coordinates":[136.2579,-2.9855,10]},"id":"us6000snmv"},
{"type":"Feature","properties":{"mag":2.05,"place":"5 km S of Pāhala, Hawaii","time":1775719599870,"updated":1775719807350,"tz":null,"url":"https://earthquake.usgs.gov/earthquakes/eventpage/hv74934427","detail":"https://earthquake.usgs.gov/earthquakes/feed/v1.0/detail/hv74934427.geojson","felt":null,"cdi":null,"mmi":null,"alert":null,"status":"automatic","tsunami":0,"sig":65,"net":"hv","code":"74934427","ids":",hv74934427,","sources":",hv,","types":",origin,phase-data,","nst":33,"dmin":0.02478,"rms":0.129999995,"gap":135,"magType":"md","type":"earthquake","title":"M 2.1 - 5 km S of Pāhala, Hawaii"},"geometry":{"type":"Point","coordinates":[-155.488327026367,19.1555004119873,31.9400005340576]},"id":"hv74934427"},
{"type":"Feature","properties":{"mag":2.3,"place":"57 km S of Whites City, New Mexico","time":1775719582565,"updated":1775722621308,"tz":null,"url":"https://earthquake.usgs.gov/earthquakes/eventpage/tx2026gylywg","detail":"https://earthquake.usgs.gov/earthquakes/feed/v1.0/detail/tx2026gylywg.geojson","felt":null,"cdi":null,"mmi":null,"alert":null,"status":"reviewed","tsunami":0,"sig":81,"net":"tx","code":"2026gylywg","ids":",tx2026gylywg,","sources":",tx,","types":",origin,phase-data,","nst":38,"dmin":0,"rms":0.1,"gap":70,"magType":"ml","type":"earthquake","title":"M 2.3 - 57 km S of Whites City, New Mexico"},"geometry":{"type":"Point","coordinates":[-104.383,31.656,5.9204]},"id":"tx2026gylywg"},
{"type":"Feature","properties":{"mag":1.6,"place":"20 km E of Fort Davis, Texas","time":1775717110209,"updated":1775717408732,"tz":null,"url":"https://earthquake.usgs.gov/earthquakes/eventpage/tx2026gykpkg","detail":"https://earthquake.usgs.gov/earthquakes/feed/v1.0/detail/tx2026gykpkg.geojson","felt":null,"cdi":null,"mmi":null,"alert":null,"status":"automatic","tsunami":0,"sig":39,"net":"tx","code":"2026gykpkg","ids":",tx2026gykpkg,","sources":",tx,","types":",origin,phase-data,","nst":7,"dmin":0.2,"rms":0.8,"gap":123,"magType":"ml","type":"earthquake","title":"M 1.6 - 20 km E of Fort Davis, Texas"},"geometry":{"type":"Point","coordinates":[-103.683,30.554,4.8589]},"id":"tx2026gykpkg"},
{"type":"Feature","properties":{"mag":1.06,"place":"2 km NW of Cobb, CA","time":1775716799430,"updated":1775716897147,"tz":null,"url":"https://earthquake.usgs.gov/earthquakes/eventpage/nc75341482","detail":"https://earthquake.usgs.gov/earthquakes/feed/v1.0/detail/nc75341482.geojson","felt":null,"cdi":null,"mmi":null,"alert":null,"status":"automatic","tsunami":0,"sig":17,"net":"nc","code":"75341482","ids":",nc75341482,","sources":",nc,","types":",nearby-cities,origin,phase-data,","nst":9,"dmin":0.02376,"rms":0.03,"gap":176,"magType":"md","type":"earthquake","title":"M 1.1 - 2 km NW of Cobb, CA"},"geometry":{"type":"Point","coordinates":[-122.739669799805,38.8330001831055,0.569999992847443]},"id":"nc75341482"},
{"type":"Feature","properties":{"mag":1.82,"place":"14 km WNW of Volcano, Hawaii","time":1775716787970,"updated":1775716994560,"tz":null,"url":"https://earthquake.usgs.gov/earthquakes/eventpage/hv74934417","detail":"https://earthquake.usgs.gov/earthquakes/feed/v1.0/detail/hv74934417.geojson","felt":null,"cdi":null,"mmi":null,"alert":null,"status":"automatic","tsunami":0,"sig":51,"net":"hv","code":"74934417","ids":",hv74934417,","sources":",hv,","types":",origin,phase-data,","nst":29,"dmin":0.02034,"rms":0.150000006,"gap":53,"magType":"md","type":"earthquake","title":"M 1.8 - 14 km WNW of Volcano, Hawaii"},"geometry":{"type":"Point","coordinates":[-155.366500854492,19.4845008850098,12.8299999237061]},"id":"hv74934417"},
{"type":"Feature","properties":{"mag":0.82,"place":"8 km NW of Idyllwild, CA","time":1775716712130,"updated":1775716924609,"tz":null,"url":"https://earthquake.usgs.gov/earthquakes/eventpage/ci41436280","detail":"https://earthquake.usgs.gov/earthquakes/feed/v1.0/detail/ci41436280.geojson","felt":null,"cdi":null,"mmi":null,"alert":null,"status":"automatic","tsunami":0,"sig":10,"net":"ci","code":"41436280","ids":",ci41436280,","sources":",ci,","types":",nearby-cities,origin,phase-data,scitech-link,","nst":50,"dmin":0.04948,"rms":0.16,"gap":28,"magType":"ml","type":"earthquake","title":"M 0.8 - 8 km NW of Idyllwild, CA"},"geometry":{"type":"Point","coordinates":[-116.782,33.7856666666667,10.68]},"id":"ci41436280"},
{"type":"Feature","properties":{"mag":2.27,"place":"5 km SSW of Pāhala, Hawaii","time":1775716364340,"updated":1775716575780,"tz":null,"url":"https://earthquake.usgs.gov/earthquakes/eventpage/hv74934412","detail":"https://earthquake.usgs.gov/earthquakes/feed/v1.0/detail/hv74934412.geojson","felt":null,"cdi":null,"mmi":null,"alert":null,"status":"automatic","tsunami":0,"sig":79,"net":"hv","code":"74934412","ids":",hv74934412,","sources":",hv,","types":",origin,phase-data,","nst":49,"dmin":0.03725,"rms":0.140000001,"gap":130,"magType":"ml","type":"earthquake","title":"M 2.3 - 5 km SSW of Pāhala, Hawaii"},"geometry":{"type":"Point","coordinates":[-155.501495361328,19.156665802002,32.0299987792969]},"id":"hv74934412"},
{"type":"Feature","properties":{"mag":1.2,"place":"55 km NNE of Chenega, Alaska","time":1775716110486,"updated":1775716205671,"tz":null,"url":"https://earthquake.usgs.gov/earthquakes/eventpage/aka2026gykbau","detail":"https://earthquake.usgs.gov/earthquakes/feed/v1.0/detail/aka2026gykbau.geojson","felt":null,"cdi":null,"mmi":null,"alert":null,"status":"automatic","tsunami":0,"sig":22,"net":"ak","code":"a2026gykbau","ids":",aka2026gykbau,","sources":",ak,","types":",origin,phase-data,","nst":14,"dmin":0.4,"rms":0.8,"gap":141,"magType":"ml","type":"earthquake","title":"M 1.2 - 55 km NNE of Chenega, Alaska"},"geometry":{"type":"Point","coordinates":[-147.727,60.543,13.5]},"id":"aka2026gykbau"},
{"type":"Feature","properties":{"mag":0.5,"place":"10 km WNW of Cobb, CA","time":1775715322240,"updated":1775715417000,"tz":null,"url":"https://earthquake.usgs.gov/earthquakes/eventpage/nc75341477","detail":"https://earthquake.usgs.gov/earthquakes/feed/v1.0/detail/nc75341477.geojson","felt":null,"cdi":null,"mmi":null,"alert":null,"status":"automatic","tsunami":0,"sig":4,"net":"nc","code":"75341477","ids":",nc75341477,","sources":",nc,","types":",nearby-cities,origin,phase-data,","nst":7,"dmin":0.004972,"rms":0.03,"gap":173,"magType":"md","type":"earthquake","title":"M 0.5 - 10 km WNW of Cobb, CA"},"geometry":{"type":"Point","coordinates":[-122.831832885742,38.8426666259766,2.74000000953674]},"id":"nc75341477"},
{"type":"Feature","properties":{"mag":4.2,"place":"145 km SSW of San Pedro de Atacama, Chile","time":1775715219899,"updated":1775721427040,"tz":null,"url":"https://earthquake.usgs.gov/earthquakes/eventpage/us6000snmj","detail":"https://earthquake.usgs.gov/earthquakes/feed/v1.0/detail/us6000snmj.geojson","felt":null,"cdi":null,"mmi":null,"alert":null,"status":"reviewed","tsunami":0,"sig":271,"net":"us","code":"6000snmj","ids":",us6000snmj,","sources":",us,","types":",origin,phase-data,","nst":20,"dmin":1.269,"rms":1.18,"gap":103,"magType":"mb","type":"earthquake","title":"M 4.2 - 145 km SSW of San Pedro de Atacama, Chile"},"geometry":{"type":"Point","coordinates":[-68.9298,-24.0406,102.661]},"id":"us6000snmj"},
{"type":"Feature","properties":{"mag":1.08,"place":"18 km SW of La Jolla, CA","time":1775714794010,"updated":1775714999190,"tz":null,"url":"https://earthquake.usgs.gov/earthquakes/eventpage/ci41436256","detail":"https://earthquake.usgs.gov/earthquakes/feed/v1.0/detail/ci41436256.geojson","felt":null,"cdi":null,"mmi":null,"alert":null,"status":"automatic","tsunami":0,"sig":18,"net":"ci","code":"41436256","ids":",ci41436256,","sources":",ci,","types":",nearby-cities,origin,phase-data,scitech-link,","nst":21,"dmin":0.1383,"rms":0.11,"gap":204,"magType":"ml","type":"earthquake","title":"M 1.1 - 18 km SW of La Jolla, CA"},"geometry":{"type":"Point","coordinates":[-117.404833333333,32.7338333333333,13.42]},"id":"ci41436256"},
{"type":"Feature","properties":{"mag":1.24,"place":"12 km S of Anza, CA","time":1775714301830,"updated":1775714513167,"tz":null,"url":"https://earthquake.usgs.gov/earthquakes/eventpage/ci41436248","detail":"https://earthquake.usgs.gov/earthquakes/feed/v1.0/detail/ci41436248.geojson","felt":null,"cdi":null,"mmi":null,"alert":null,"status":"automatic","tsunami":0,"sig":24,"net":"ci","code":"41436248","ids":",ci41436248,","sources":",ci,","types":",nearby-cities,origin,phase-data,scitech-link,","nst":68,"dmin":0.07613,"rms":0.21,"gap":34,"magType":"ml","type":"earthquake","title":"M 1.2 - 12 km S of Anza, CA"},"geometry":{"type":"Point","coordinates":[-116.668833333333,33.4426666666667,2.66]},"id":"ci41436248"},
{"type":"Feature","properties":{"mag":0.95,"place":"3 km WSW of Anderson Springs, CA","time":1775713417570,"updated":1775713511616,"tz":null,"url":"https://earthquake.usgs.gov/earthquakes/eventpage/nc75341472","detail":"https://earthquake.usgs.gov/earthquakes/feed/v1.0/detail/nc75341472.geojson","felt":null,"cdi":null,"mmi":null,"alert":null,"status":"automatic","tsunami":0,"sig":14,"net":"nc","code":"75341472","ids":",nc75341472,","sources":",nc,","types":",nearby-cities,origin,phase-data,","nst":9,"dmin":0.0004762,"rms":0.02,"gap":136,"magType":"md","type":"earthquake","title":"M 1.0 - 3 km WSW of Anderson Springs, CA"},"geometry":{"type":"Point","coordinates":[-122.724334716797,38.761833190918,1.86000001430511]},"id":"nc75341472"},
{"type":"Feature","properties":{"mag":2.5,"place":"9 km NNE of Brooktrails, CA","time":1775713207610,"updated":1775716037950,"tz":null,"url":"https://earthquake.usgs.gov/earthquakes/eventpage/nc75341467","detail":"https://earthquake.usgs.gov/earthquakes/feed/v1.0/detail/nc75341467.geojson","felt":1,"cdi":1,"mmi":null,"alert":null,"status":"automatic","tsunami":0,"sig":96,"net":"nc","code":"75341467","ids":",nc75341467,","sources":",nc,","types":",dyfi,focal-mechanism,nearby-cities,origin,phase-data,scitech-link,","nst":43,"dmin":0.04516,"rms":0.19,"gap":53,"magType":"md","type":"earthquake","title":"M 2.5 - 9 km NNE of Brooktrails, CA"},"geometry":{"type":"Point","coordinates":[-123.343002319336,39.5139999389648,2.41000008583069]},"id":"nc75341467"},
{"type":"Feature","properties":{"mag":5.1,"place":"State of Yap, Federated States of Micronesia","time":1775712900259,"updated":1775713694040,"tz":null,"url":"https://earthquake.usgs.gov/earthquakes/eventpage/us6000snmg","detail":"https://earthquake.usgs.gov/earthquakes/feed/v1.0/detail/us6000snmg.geojson","felt":null,"cdi":null,"mmi":null,"alert":null,"status":"reviewed","tsunami":0,"sig":400,"net":"us","code":"6000snmg","ids":",us6000snmg,","sources":",us,","types":",origin,phase-data,","nst":52,"dmin":5.384,"rms":0.58,"gap":71,"magType":"mb","type":"earthquake","title":"M 5.1 - State of Yap, Federated States of Micronesia"},"geometry":{"type":"Point","coordinates":[145.8264,9.8171,10]},"id":"us6000snmg"},
{"type":"Feature","properties":{"mag":1,"place":"5 km WNW of The Geysers, CA","time":1775712590680,"updated":1775712686646,"tz":null,"url":"https://earthquake.usgs.gov/earthquakes/eventpage/nc75341462","detail":"https://earthquake.usgs.gov/earthquakes/feed/v1.0/detail/nc75341462.geojson","felt":null,"cdi":null,"mmi":null,"alert":null,"status":"automatic","tsunami":0,"sig":15,"net":"nc","code":"75341462","ids":",nc75341462,","sources":",nc,","types":",nearby-cities,origin,phase-data,","nst":19,"dmin":0.0101,"rms":0.02,"gap":53,"magType":"md","type":"earthquake","title":"M 1.0 - 5 km WNW of The Geysers, CA"},"geometry":{"type":"Point","coordinates":[-122.804664611816,38.8009986877441,2.59999990463257]},"id":"nc75341462"},
{"type":"Feature","properties":{"mag":1.08,"place":"7 km NW of The Geysers, CA","time":1775712571850,"updated":1775712666604,"tz":null,"url":"https://earthquake.usgs.gov/earthquakes/eventpage/nc75341457","detail":"https://earthquake.usgs.gov/earthquakes/feed/v1.0/detail/nc75341457.geojson","felt":null,"cdi":null,"mmi":null,"alert":null,"status":"automatic","tsunami":0,"sig":18,"net":"nc","code":"75341457","ids":",nc75341457,","sources":",nc,","types":",nearby-cities,origin,phase-data,","nst":13,"dmin":0.002737,"rms":0.01,"gap":54,"magType":"md","type":"earthquake","title":"M 1.1 - 7 km NW of The Geysers, CA"},"geometry":{"type":"Point","coordinates":[-122.807830810547,38.8255004882812,2.86999988555908]},"id":"nc75341457"},
{"type":"Feature","properties":{"mag":0.68,"place":"9 km NE of Julian, CA","time":1775712359050,"updated":1775712568283,"tz":null,"url":"https://earthquake.usgs.gov/earthquakes/eventpage/ci41436240","detail":"https://earthquake.usgs.gov/earthquakes/feed/v1.0/detail/ci41436240.geojson","felt":null,"cdi":null,"mmi":null,"alert":null,"status":"automatic","tsunami":0,"sig":7,"net":"ci","code":"41436240","ids":",ci41436240,","sources":",ci,","types":",nearby-cities,origin,phase-data,scitech-link,","nst":34,"dmin":0.08065,"rms":0.21,"gap":51,"magType":"ml","type":"earthquake","title":"M 0.7 - 9 km NE of Julian, CA"},"geometry":{"type":"Point","coordinates":[-116.5325,33.1405,8.05]},"id":"ci41436240"},
{"type":"Feature","properties":{"mag":1.7,"place":"18 km WNW of Pawnee, Texas","time":1775712276781,"updated":1775730816568,"tz":null,"url":"https://earthquake.usgs.gov/earthquakes/eventpage/tx2026gyhxzk","detail":"https://earthquake.usgs.gov/earthquakes/feed/v1.0/detail/tx2026gyhxzk.geojson","felt":null,"cdi":null,"mmi":null,"alert":null,"status":"reviewed","tsunami":0,"sig":44,"net":"tx","code":"2026gyhxzk","ids":",tx2026gyhxzk,","sources":",tx,","types":",origin,phase-data,","nst":28,"dmin":0.1,"rms":0.3,"gap":62,"magType":"ml","type":"earthquake","title":"M 1.7 - 18 km WNW of Pawnee, Texas"},"geometry":{"type":"Point","coordinates":[-98.165,28.743,6.1961]},"id":"tx2026gyhxzk"},
{"type":"Feature","properties":{"mag":0.44,"place":"10 km W of Aguanga, CA","time":1775712151420,"updated":1775712359095,"tz":null,"url":"https://earthquake.usgs.gov/earthquakes/eventpage/ci41436232","detail":"https://earthquake.usgs.gov/earthquakes/feed/v1.0/detail/ci41436232.geojson","felt":null,"cdi":null,"mmi":null,"alert":null,"status":"automatic","tsunami":0,"sig":3,"net":"ci","code":"41436232","ids":",ci41436232,","sources":",ci,","types":",nearby-cities,origin,phase-data,scitech-link,","nst":25,"dmin":0.05312,"rms":0.18,"gap":44,"magType":"ml","type":"earthquake","title":"M 0.4 - 10 km W of Aguanga, CA"},"geometry":{"type":"Point","coordinates":[-116.967,33.456,5.83]},"id":"ci41436232"},
{"type":"Feature","properties":{"mag":1.26,"place":"1 km NNE of The Geysers, CA","time":1775711781850,"updated":1775715140845,"tz":null,"url":"https://earthquake.usgs.gov/earthquakes/eventpage/nc75341442","detail":"https://earthquake.usgs.gov/earthquakes/feed/v1.0/detail/nc75341442.geojson","felt":null,"cdi":null,"mmi":null,"alert":null,"status":"automatic","tsunami":0,"sig":24,"net":"nc","code":"75341442","ids":",nc75341442,","sources":",nc,","types":",nearby-cities,origin,phase-data,scitech-link,","nst":20,"dmin":0.01189,"rms":0.03,"gap":82,"magType":"md","type":"earthquake","title":"M 1.3 - 1 km NNE of The Geysers, CA"},"geometry":{"type":"Point","coordinates":[-122.750663757324,38.7879981994629,0.740000009536743]},"id":"nc75341442"},
{"type":"Feature","properties":{"mag":0.7,"place":"6 km WNW of Cobb, CA","time":1775710677290,"updated":1775710771356,"tz":null,"url":"https://earthquake.usgs.gov/earthquakes/eventpage/nc75341437","detail":"https://earthquake.usgs.gov/earthquakes/feed/v1.0/detail/nc75341437.geojson","felt":null,"cdi":null,"mmi":null,"alert":null,"status":"automatic","tsunami":0,"sig":8,"net":"nc","code":"75341437","ids":",nc75341437,","sources":",nc,","types":",nearby-cities,origin,phase-data,","nst":10,"dmin":0.002422,"rms":0.01,"gap":80,"magType":"md","type":"earthquake","title":"M 0.7 - 6 km WNW of Cobb, CA"},"geometry":{"type":"Point","coordinates":[-122.790000915527,38.8359985351562,1.89999997615814]},"id":"nc75341437"},
{"type":"Feature","properties":{"mag":2.3,"place":"102 km SE of Port Graham, Alaska","time":1775710068236,"updated":1775710233485,"tz":null,"url":"https://earthquake.usgs.gov/earthquakes/eventpage/aka2026gygspb","detail":"https://earthquake.usgs.gov/earthquakes/feed/v1.0/detail/aka2026gygspb.geojson","felt":null,"cdi":null,"mmi":null,"alert":null,"status":"automatic","tsunami":0,"sig":81,"net":"ak","code":"a2026gygspb","ids":",aka2026gygspb,","sources":",ak,","types":",origin,phase-data,","nst":40,"dmin":0.9,"rms":0.8,"gap":210,"magType":"ml","type":"earthquake","title":"M 2.3 - 102 km SE of Port Graham, Alaska"},"geometry":{"type":"Point","coordinates":[-150.715,58.632,5]},"id":"aka2026gygspb"},
{"type":"Feature","properties":{"mag":0.49,"place":"7 km WNW of Cobb, CA","time":1775710057200,"updated":1775710152256,"tz":null,"url":"https://earthquake.usgs.gov/earthquakes/eventpage/nc75341427","detail":"https://earthquake.usgs.gov/earthquakes/feed/v1.0/detail/nc75341427.geojson","felt":null,"cdi":null,"mmi":null,"alert":null,"status":"automatic","tsunami":0,"sig":4,"net":"nc","code":"75341427","ids":",nc75341427,","sources":",nc,","types":",nearby-cities,origin,phase-data,","nst":9,"dmin":0.01288,"rms":0.01,"gap":85,"magType":"md","type":"earthquake","title":"M 0.5 - 7 km WNW of Cobb, CA"},"geometry":{"type":"Point","coordinates":[-122.806831359863,38.8386650085449,2.1800000667572]},"id":"nc75341427"},
{"type":"Feature","properties":{"mag":1.87,"place":"8 km WNW of Cobb, CA","time":1775710044430,"updated":1775712138522,"tz":null,"url":"https://earthquake.usgs.gov/earthquakes/eventpage/nc75341422","detail":"https://earthquake.usgs.gov/earthquakes/feed/v1.0/detail/nc75341422.geojson","felt":null,"cdi":null,"mmi":null,"alert":null,"status":"automatic","tsunami":0,"sig":54,"net":"nc","code":"75341422","ids":",nc75341422,","sources":",nc,","types":",focal-mechanism,nearby-cities,origin,phase-data,scitech-link,","nst":33,"dmin":0.01353,"rms":0.04,"gap":43,"magType":"md","type":"earthquake","title":"M 1.9 - 8 km WNW of Cobb, CA"},"geometry":{"type":"Point","coordinates":[-122.807662963867,38.8381652832031,1.98000001907349]},"id":"nc75341422"},
{"type":"Feature","properties":{"mag":1.9,"place":"22 km SE of Fox River, Alaska","time":1775709160890,"updated":1775709329636,"tz":null,"url":"https://earthquake.usgs.gov/earthquakes/eventpage/aka2026gygfgs","detail":"https://earthquake.usgs.gov/earthquakes/feed/v1.0/detail/aka2026gygfgs.geojson","felt":null,"cdi":null,"mmi":null,"alert":null,"status":"automatic","tsunami":0,"sig":56,"net":"ak","code":"a2026gygfgs","ids":",aka2026gygfgs,","sources":",ak,","types":",origin,phase-data,","nst":44,"dmin":0,"rms":0.8,"gap":150,"magType":"ml","type":"earthquake","title":"M 1.9 - 22 km SE of Fox River, Alaska"},"geometry":{"type":"Point","coordinates":[-150.724,59.7,35]},"id":"aka2026gygfgs"},
{"type":"Feature","properties":{"mag":0.75,"place":"9 km WNW of The Geysers, CA","time":1775709065200,"updated":1775709162209,"tz":null,"url":"https://earthquake.usgs.gov/earthquakes/eventpage/nc75341412","detail":"https://earthquake.usgs.gov/earthquakes/feed/v1.0/detail/nc75341412.geojson","felt":null,"cdi":null,"mmi":null,"alert":null,"status":"automatic","tsunami":0,"sig":9,"net":"nc","code":"75341412","ids":",nc75341412,","sources":",nc,","types":",nearby-cities,origin,phase-data,","nst":12,"dmin":0.006246,"rms":0.01,"gap":103,"magType":"md","type":"earthquake","title":"M 0.8 - 9 km WNW of The Geysers, CA"},"geometry":{"type":"Point","coordinates":[-122.841835021973,38.8198318481445,2.41000008583069]},"id":"nc75341412"},
{"type":"Feature","properties":{"mag":1.7,"place":"53 km N of Chase, Alaska","time":1775708659152,"updated":1775708769325,"tz":null,"url":"https://earthquake.usgs.gov/earthquakes/eventpage/aka2026gyfyai","detail":"https://earthquake.usgs.gov/earthquakes/feed/v1.0/detail/aka2026gyfyai.geojson","felt":null,"cdi":null,"mmi":null,"alert":null,"status":"automatic","tsunami":0,"sig":44,"net":"ak","code":"a2026gyfyai","ids":",aka2026gyfyai,","sources":",ak,","types":",origin,phase-data,","nst":36,"dmin":0.5,"rms":0.7,"gap":45,"magType":"ml","type":"earthquake","title":"M 1.7 - 53 km N of Chase, Alaska"},"geometry":{"type":"Point","coordinates":[-150.037,62.928,76.9]},"id":"aka2026gyfyai"},
{"type":"Feature","properties":{"mag":1.25,"place":"7 km SE of Pinnacles, CA","time":1775708255020,"updated":1775710340330,"tz":null,"url":"https://earthquake.usgs.gov/earthquakes/eventpage/nc75341407","detail":"https://earthquake.usgs.gov/earthquakes/feed/v1.0/detail/nc75341407.geojson","felt":null,"cdi":null,"mmi":null,"alert":null,"status":"automatic","tsunami":0,"sig":24,"net":"nc","code":"75341407","ids":",nc75341407,","sources":",nc,","types":",nearby-cities,origin,phase-data,scitech-link,","nst":11,"dmin":0.04243,"rms":0.23,"gap":58,"magType":"md","type":"earthquake","title":"M 1.3 - 7 km SE of Pinnacles, CA"},"geometry":{"type":"Point","coordinates":[-121.091835021973,36.4878349304199,4.82000017166138]},"id":"nc75341407"},
{"type":"Feature","properties":{"mag":1.6,"place":"30 km S of Ester, Alaska","time":1775706876251,"updated":1775706946858,"tz":null,"url":"https://earthquake.usgs.gov/earthquakes/eventpage/aka2026gyeykw","detail":"https://earthquake.usgs.gov/earthquakes/feed/v1.0/detail/aka2026gyeykw.geojson","felt":null,"cdi":null,"mmi":null,"alert":null,"status":"automatic","tsunami":0,"sig":39,"net":"ak","code":"a2026gyeykw","ids":",aka2026gyeykw,","sources":",ak,","types":",origin,phase-data,","nst":21,"dmin":0.1,"rms":0.8,"gap":41,"magType":"ml","type":"earthquake","title":"M 1.6 - 30 km S of Ester, Alaska"},"geometry":{"type":"Point","coordinates":[-148.127,64.581,2.7]},"id":"aka2026gyeykw"},
{"type":"Feature","properties":{"mag":2,"place":"32 km SSW of Karluk, Alaska","time":1775706165266,"updated":1775706390464,"tz":null,"url":"https://earthquake.usgs.gov/earthquakes/eventpage/aka2026gyeock","detail":"https://earthquake.usgs.gov/earthquakes/feed/v1.0/detail/aka2026gyeock.geojson","felt":null,"cdi":null,"mmi":null,"alert":null,"status":"automatic","tsunami":0,"sig":62,"net":"ak","code":"a2026gyeock","ids":",aka2026gyeock,","sources":",ak,","types":",origin,phase-data,","nst":22,"dmin":0.8,"rms":0.4,"gap":190,"magType":"ml","type":"earthquake","title":"M 2.0 - 32 km SSW of Karluk, Alaska"},"geometry":{"type":"Point","coordinates":[-154.734,57.315,22.9]},"id":"aka2026gyeock"},
{"type":"Feature","properties":{"mag":1.28,"place":"2 km NW of The Geysers, CA","time":1775705657400,"updated":1775708841195,"tz":null,"url":"https://earthquake.usgs.gov/earthquakes/eventpage/nc75341402","detail":"https://earthquake.usgs.gov/earthquakes/feed/v1.0/detail/nc75341402.geojson","felt":null,"cdi":null,"mmi":null,"alert":null,"status":"automatic","tsunami":0,"sig":25,"net":"nc","code":"75341402","ids":",nc75341402,","sources":",nc,","types":",nearby-cities,origin,phase-data,scitech-link,","nst":22,"dmin":0.0153,"rms":0.04,"gap":82,"magType":"md","type":"earthquake","title":"M 1.3 - 2 km NW of The Geysers, CA"},"geometry":{"type":"Point","coordinates":[-122.769996643066,38.7869987487793,1.86000001430511]},"id":"nc75341402"},
{"type":"Feature","properties":{"mag":2.26,"place":"15 km WNW of Volcano, Hawaii","time":1775705218600,"updated":1775705429050,"tz":null,"url":"https://earthquake.usgs.gov/earthquakes/eventpage/hv74934347","detail":"https://earthquake.usgs.gov/earthquakes/feed/v1.0/detail/hv74934347.geojson","felt":null,"cdi":null,"mmi":null,"alert":null,"status":"automatic","tsunami":0,"sig":79,"net":"hv","code":"74934347","ids":",hv74934347,","sources":",hv,","types":",origin,phase-data,","nst":45,"dmin":0.01574,"rms":0.129999995,"gap":52,"magType":"md","type":"earthquake","title":"M 2.3 - 15 km WNW of Volcano, Hawaii"},"geometry":{"type":"Point","coordinates":[-155.371337890625,19.4856662750244,11.5100002288818]},"id":"hv74934347"},
{"type":"Feature","properties":{"mag":1.6,"place":"43 km NW of Toyah, Texas","time":1775704881992,"updated":1775720428700,"tz":null,"url":"https://earthquake.usgs.gov/earthquakes/eventpage/tx2026gydvdi","detail":"https://earthquake.usgs.gov/earthquakes/feed/v1.0/detail/tx2026gydvdi.geojson","felt":null,"cdi":null,"mmi":null,"alert":null,"status":"reviewed","tsunami":0,"sig":39,"net":"tx","code":"2026gydvdi","ids":",tx2026gydvdi,","sources":",tx,","types":",origin,phase-data,","nst":39,"dmin":0,"rms":0.2,"gap":55,"magType":"ml","type":"earthquake","title":"M 1.6 - 43 km NW of Toyah, Texas"},"geometry":{"type":"Point","coordinates":[-104.096,31.615,7.5867]},"id":"tx2026gydvdi"},
{"type":"Feature","properties":{"mag":0.4,"place":"8 km NW of The Geysers, CA","time":1775704726560,"updated":1775704821541,"tz":null,"url":"https://earthquake.usgs.gov/earthquakes/eventpage/nc75341392","detail":"https://earthquake.usgs.gov/earthquakes/feed/v1.0/detail/nc75341392.geojson","felt":null,"cdi":null,"mmi":null,"alert":null,"status":"automatic","tsunami":0,"sig":2,"net":"nc","code":"75341392","ids":",nc75341392,","sources":",nc,","types":",nearby-cities,origin,phase-data,","nst":7,"dmin":0.005659,"rms":0.01,"gap":92,"magType":"md","type":"earthquake","title":"M 0.4 - 8 km NW of The Geysers, CA"},"geometry":{"type":"Point","coordinates":[-122.814834594727,38.8276672363281,2.71000003814697]},"id":"nc75341392"},
{"type":"Feature","properties":{"mag":0.7,"place":"6 km NNE of Borrego Springs, CA","time":1775704662830,"updated":1775704868342,"tz":null,"url":"https://earthquake.usgs.gov/earthquakes/eventpage/ci41436216","detail":"https://earthquake.usgs.gov/earthquakes/feed/v1.0/detail/ci41436216.geojson","felt":null,"cdi":null,"mmi":null,"alert":null,"status":"automatic","tsunami":0,"sig":8,"net":"ci","code":"41436216","ids":",ci41436216,","sources":",ci,","types":",nearby-cities,origin,phase-data,scitech-link,","nst":34,"dmin":0.0255,"rms":0.17,"gap":80,"magType":"ml","type":"earthquake","title":"M 0.7 - 6 km NNE of Borrego Springs, CA"},"geometry":{"type":"Point","coordinates":[-116.354,33.3036666666667,11.84]},"id":"ci41436216"},
{"type":"Feature","properties":{"mag":3.73,"place":"160 km NNW of The Valley, Anguilla","time":1775704480560,"updated":1775707942040,"tz":null,"url":"https://earthquake.usgs.gov/earthquakes/eventpage/pr2026099000","detail":"https://earthquake.usgs.gov/earthquakes/feed/v1.0/detail/pr2026099000.geojson","felt":null,"cdi":null,"mmi":null,"alert":null,"status":"reviewed","tsunami":0,"sig":214,"net":"pr","code":"2026099000","ids":",us6000snm6,pr2026099000,","sources":",us,pr,","types":",origin,phase-data,","nst":18,"dmin":1.3594,"rms":0.4,"gap":309,"magType":"md","type":"earthquake","title":"M 3.7 - 160 km NNW of The Valley, Anguilla"},"geometry":{"type":"Point","coordinates":[-63.5833,19.5753,28]},"id":"pr2026099000"},
{"type":"Feature","properties":{"mag":2.93,"place":"3 km SSE of Pāhala, Hawaii","time":1775703732940,"updated":1775705076354,"tz":null,"url":"https://earthquake.usgs.gov/earthquakes/eventpage/hv74934332","detail":"https://earthquake.usgs.gov/earthquakes/feed/v1.0/detail/hv74934332.geojson","felt":1,"cdi":3.4,"mmi":null,"alert":null,"status":"reviewed","tsunami":0,"sig":132,"net":"hv","code":"74934332","ids":",hv74934332,us6000snlx,","sources":",hv,us,","types":",dyfi,origin,phase-data,","nst":56,"dmin":0.01924,"rms":0.22,"gap":116,"magType":"ml","type":"earthquake","title":"M 2.9 - 3 km SSE of Pāhala, Hawaii"},"geometry":{"type":"Point","coordinates":[-155.460166666667,19.1746666666667,8.34]},"id":"hv74934332"},
{"type":"Feature","properties":{"mag":1.81,"place":"22 km NE of Tonopah, Nevada","time":1775703466047,"updated":1775703712454,"tz":null,"url":"https://earthquake.usgs.gov/earthquakes/eventpage/nn00913905","detail":"https://earthquake.usgs.gov/earthquakes/feed/v1.0/detail/nn00913905.geojson","felt":null,"cdi":null,"mmi":null,"alert":null,"status":"automatic","tsunami":0,"sig":50,"net":"nn","code":"00913905","ids":",nn00913905,","sources":",nn,","types":",origin,phase-data,","nst":11,"dmin":0.88,"rms":0.3461,"gap":188,"magType":"ml","type":"earthquake","title":"M 1.8 - 22 km NE of Tonopah, Nevada"},"geometry":{"type":"Point","coordinates":[-117.0389,38.196,10.2325]},"id":"nn00913905"},
{"type":"Feature","properties":{"mag":0.27,"place":"5 km NW of The Geysers, CA","time":1775702188800,"updated":1775702287212,"tz":null,"url":"https://earthquake.usgs.gov/earthquakes/eventpage/nc75341387","detail":"https://earthquake.usgs.gov/earthquakes/feed/v1.0/detail/nc75341387.geojson","felt":null,"cdi":null,"mmi":null,"alert":null,"status":"automatic","tsunami":0,"sig":1,"net":"nc","code":"75341387","ids":",nc75341387,","sources":",nc,","types":",nearby-cities,origin,phase-data,","nst":7,"dmin":0.004131,"rms":0.01,"gap":169,"magType":"md","type":"earthquake","title":"M 0.3 - 5 km NW of The Geysers, CA"},"geometry":{"type":"Point","coordinates":[-122.797668457031,38.8116683959961,3.39000010490417]},"id":"nc75341387"},
{"type":"Feature","properties":{"mag":1.72,"place":"24 km WSW of Pioche, Nevada","time":1775702074424,"updated":1775702307499,"tz":null,"url":"https://earthquake.usgs.gov/earthquakes/eventpage/nn00913904","detail":"https://earthquake.usgs.gov/earthquakes/feed/v1.0/detail/nn00913904.geojson","felt":null,"cdi":null,"mmi":null,"alert":null,"status":"automatic","tsunami":0,"sig":46,"net":"nn","code":"00913904","ids":",nn00913904,","sources":",nn,","types":",origin,phase-data,","nst":11,"dmin":0.533,"rms":0.26,"gap":326,"magType":"ml","type":"earthquake","title":"M 1.7 - 24 km WSW of Pioche, Nevada"},"geometry":{"type":"Point","coordinates":[-114.719,37.8704,14.9547]},"id":"nn00913904"},
{"type":"Feature","properties":{"mag":0.78,"place":"6 km SW of Anza, CA","time":1775702048930,"updated":1775702261055,"tz":null,"url":"https://earthquake.usgs.gov/earthquakes/eventpage/ci41436200","detail":"https://earthquake.usgs.gov/earthquakes/feed/v1.0/detail/ci41436200.geojson","felt":null,"cdi":null,"mmi":null,"alert":null,"status":"automatic","tsunami":0,"sig":9,"net":"ci","code":"41436200","ids":",ci41436200,","sources":",ci,","types":",nearby-cities,origin,phase-data,scitech-link,","nst":40,"dmin":0.0407,"rms":0.18,"gap":29,"magType":"ml","type":"earthquake","title":"M 0.8 - 6 km SW of Anza, CA"},"geometry":{"type":"Point","coordinates":[-116.7225,33.5265,6.1]},"id":"ci41436200"},
{"type":"Feature","properties":{"mag":2,"place":"81 km NNW of Yakutat, Alaska","time":1775701454946,"updated":1775701597299,"tz":null,"url":"https://earthquake.usgs.gov/earthquakes/eventpage/aka2026gybvfe","detail":"https://earthquake.usgs.gov/earthquakes/feed/v1.0/detail/aka2026gybvfe.geojson","felt":null,"cdi":null,"mmi":null,"alert":null,"status":"automatic","tsunami":0,"sig":62,"net":"ak","code":"a2026gybvfe","ids":",aka2026gybvfe,","sources":",ak,","types":",origin,phase-data,","nst":25,"dmin":0.7,"rms":0.9,"gap":130,"magType":"ml","type":"earthquake","title":"M 2.0 - 81 km NNW of Yakutat, Alaska"},"geometry":{"type":"Point","coordinates":[-140.337,60.208,5]},"id":"aka2026gybvfe"},
{"type":"Feature","properties":{"mag":0.48,"place":"7 km NW of The Geysers, CA","time":1775701390170,"updated":1775701486211,"tz":null,"url":"https://earthquake.usgs.gov/earthquakes/eventpage/nc75341382","detail":"https://earthquake.usgs.gov/earthquakes/feed/v1.0/detail/nc75341382.geojson","felt":null,"cdi":null,"mmi":null,"alert":null,"status":"automatic","tsunami":0,"sig":4,"net":"nc","code":"75341382","ids":",nc75341382,","sources":",nc,","types":",nearby-cities,origin,phase-data,","nst":7,"dmin":0.006483,"rms":0.02,"gap":88,"magType":"md","type":"earthquake","title":"M 0.5 - 7 km NW of The Geysers, CA"},"geometry":{"type":"Point","coordinates":[-122.827163696289,38.8151664733887,6.05999994277954]},"id":"nc75341382"},
{"type":"Feature","properties":{"mag":1.8,"place":"6 km SE of Pearsall, Texas","time":1775700316833,"updated":1775703633806,"tz":null,"url":"https://earthquake.usgs.gov/earthquakes/eventpage/tx2026gybift","detail":"https://earthquake.usgs.gov/earthquakes/feed/v1.0/detail/tx2026gybift.geojson","felt":null,"cdi":null,"mmi":null,"alert":null,"status":"automatic","tsunami":0,"sig":50,"net":"tx","code":"2026gybift","ids":",tx2026gybift,","sources":",tx,","types":",origin,phase-data,","nst":9,"dmin":0.3,"rms":0.4,"gap":97,"magType":"ml","type":"earthquake","title":"M 1.8 - 6 km SE of Pearsall, Texas"},"geometry":{"type":"Point","coordinates":[-99.045,28.858,12.097]},"id":"tx2026gybift"},
{"type":"Feature","properties":{"mag":2.9,"place":"20 km NW of Susitna, Alaska","time":1775700315937,"updated":1775715178761,"tz":null,"url":"https://earthquake.usgs.gov/earthquakes/eventpage/aka2026gybiex","detail":"https://earthquake.usgs.gov/earthquakes/feed/v1.0/detail/aka2026gybiex.geojson","felt":3,"cdi":1,"mmi":1.626,"alert":null,"status":"reviewed","tsunami":0,"sig":130,"net":"ak","code":"a2026gybiex","ids":",aka2026gybiex,us6000snlt,","sources":",ak,us,","types":",dyfi,origin,phase-data,shakemap,","nst":43,"dmin":0.5,"rms":0.8,"gap":41,"magType":"ml","type":"earthquake","title":"M 2.9 - 20 km NW of Susitna, Alaska"},"geometry":{"type":"Point","coordinates":[-150.787,61.667,62.3]},"id":"aka2026gybiex"},
{"type":"Feature","properties":{"mag":0.7,"place":"11 km WNW of Cobb, CA","time":1775700286860,"updated":1775700382225,"tz":null,"url":"https://earthquake.usgs.gov/earthquakes/eventpage/nc75341377","detail":"https://earthquake.usgs.gov/earthquakes/feed/v1.0/detail/nc75341377.geojson","felt":null,"cdi":null,"mmi":null,"alert":null,"status":"automatic","tsunami":0,"sig":8,"net":"nc","code":"75341377","ids":",nc75341377,","sources":",nc,","types":",nearby-cities,origin,phase-data,","nst":12,"dmin":0.01548,"rms":0.01,"gap":157,"magType":"md","type":"earthquake","title":"M 0.7 - 11 km WNW of Cobb, CA"},"geometry":{"type":"Point","coordinates":[-122.838836669922,38.8643341064453,1.22000002861023]},"id":"nc75341377"},
{"type":"Feature","properties":{"mag":1.47,"place":"11 km WNW of Cobb, CA","time":1775700281600,"updated":1775704040683,"tz":null,"url":"https://earthquake.usgs.gov/earthquakes/eventpage/nc75341372","detail":"https://earthquake.usgs.gov/earthquakes/feed/v1.0/detail/nc75341372.geojson","felt":null,"cdi":null,"mmi":null,"alert":null,"status":"automatic","tsunami":0,"sig":33,"net":"nc","code":"75341372","ids":",nc75341372,","sources":",nc,","types":",nearby-cities,origin,phase-data,scitech-link,","nst":12,"dmin":0.01538,"rms":0.02,"gap":157,"magType":"md","type":"earthquake","title":"M 1.5 - 11 km WNW of Cobb, CA"},"geometry":{"type":"Point","coordinates":[-122.838500976562,38.8644981384277,1.21000003814697]},"id":"nc75341372"},
{"type":"Feature","properties":{"mag":0.76,"place":"7 km NW of The Geysers, CA","time":1775699343030,"updated":1775699437105,"tz":null,"url":"https://earthquake.usgs.gov/earthquakes/eventpage/nc75341367","detail":"https://earthquake.usgs.gov/earthquakes/feed/v1.0/detail/nc75341367.geojson","felt":null,"cdi":null,"mmi":null,"alert":null,"status":"automatic","tsunami":0,"sig":9,"net":"nc","code":"75341367","ids":",nc75341367,","sources":",nc,","types":",nearby-cities,origin,phase-data,","nst":15,"dmin":0.00435,"rms":0.01,"gap":53,"magType":"md","type":"earthquake","title":"M 0.8 - 7 km NW of The Geysers, CA"},"geometry":{"type":"Point","coordinates":[-122.806167602539,38.8264999389648,2.5699999332428]},"id":"nc75341367"},
{"type":"Feature","properties":{"mag":4.7,"place":"41 km N of Hirara, Japan","time":1775698465998,"updated":1775699709040,"tz":null,"url":"https://earthquake.usgs.gov/earthquakes/eventpage/us6000snlq","detail":"https://earthquake.usgs.gov/earthquakes/feed/v1.0/detail/us6000snlq.geojson","felt":null,"cdi":null,"mmi":null,"alert":null,"status":"reviewed","tsunami":0,"sig":340,"net":"us","code":"6000snlq","ids":",us6000snlq,","sources":",us,","types":",origin,phase-data,","nst":40,"dmin":2.199,"rms":1.02,"gap":71,"magType":"mb","type":"earthquake","title":"M 4.7 - 41 km N of Hirara, Japan"},"geometry":{"type":"Point","coordinates":[125.3016,25.1804,10]},"id":"us6000snlq"},
{"type":"Feature","properties":{"mag":0.73,"place":"7 km NW of The Geysers, CA","time":1775698260560,"updated":1775698356839,"tz":null,"url":"https://earthquake.usgs.gov/earthquakes/eventpage/nc75341362","detail":"https://earthquake.usgs.gov/earthquakes/feed/v1.0/detail/nc75341362.geojson","felt":null,"cdi":null,"mmi":null,"alert":null,"status":"automatic","tsunami":0,"sig":8,"net":"nc","code":"75341362","ids":",nc75341362,","sources":",nc,","types":",nearby-cities,origin,phase-data,","nst":9,"dmin":0.0031,"rms":0.02,"gap":64,"magType":"md","type":"earthquake","title":"M 0.7 - 7 km NW of The Geysers, CA"},"geometry":{"type":"Point","coordinates":[-122.814002990723,38.8238334655762,2.25999999046326]},"id":"nc75341362"},
{"type":"Feature","properties":{"mag":3.6,"place":"32 km SW of Karluk, Alaska","time":1775697400347,"updated":1775714529479,"tz":null,"url":"https://earthquake.usgs.gov/earthquakes/eventpage/aka2026gxzsif","detail":"https://earthquake.usgs.gov/earthquakes/feed/v1.0/detail/aka2026gxzsif.geojson","felt":null,"cdi":null,"mmi":3.571,"alert":null,"status":"reviewed","tsunami":0,"sig":199,"net":"ak","code":"a2026gxzsif","ids":",us6000snln,aka2026gxzsif,","sources":",us,ak,","types":",origin,phase-data,shakemap,","nst":68,"dmin":0.8,"rms":0.9,"gap":148,"magType":"ml","type":"earthquake","title":"M 3.6 - 32 km SW of Karluk, Alaska"},"geometry":{"type":"Point","coordinates":[-154.771,57.33,18.4]},"id":"aka2026gxzsif"},
{"type":"Feature","properties":{"mag":1.8,"place":"53 km WNW of Valdez, Alaska","time":1775696891816,"updated":1775721523582,"tz":null,"url":"https://earthquake.usgs.gov/earthquakes/eventpage/aka2026gxzlah","detail":"https://earthquake.usgs.gov/earthquakes/feed/v1.0/detail/aka2026gxzlah.geojson","felt":null,"cdi":null,"mmi":null,"alert":null,"status":"reviewed","tsunami":0,"sig":50,"net":"ak","code":"a2026gxzlah","ids":",aka2026gxzlah,","sources":",ak,","types":",origin,phase-data,","nst":24,"dmin":0.5,"rms":0.8,"gap":72,"magType":"ml","type":"earthquake","title":"M 1.8 - 53 km WNW of Valdez, Alaska"},"geometry":{"type":"Point","coordinates":[-147.205,61.37,13.4]},"id":"aka2026gxzlah"},
{"type":"Feature","properties":{"mag":1.9,"place":"75 km SW of Nanwalek, Alaska","time":1775696606409,"updated":1775721403122,"tz":null,"url":"https://earthquake.usgs.gov/earthquakes/eventpage/aka2026gxzgzf","detail":"https://earthquake.usgs.gov/earthquakes/feed/v1.0/detail/aka2026gxzgzf.geojson","felt":null,"cdi":null,"mmi":null,"alert":null,"status":"reviewed","tsunami":0,"sig":56,"net":"ak","code":"a2026gxzgzf","ids":",aka2026gxzgzf,","sources":",ak,","types":",origin,phase-data,","nst":26,"dmin":0.3,"rms":0.6,"gap":83,"magType":"ml","type":"earthquake","title":"M 1.9 - 75 km SW of Nanwalek, Alaska"},"geometry":{"type":"Point","coordinates":[-152.987,58.951,72.4]},"id":"aka2026gxzgzf"},
{"type":"Feature","properties":{"mag":2,"place":"33 km WSW of Denali Park, Alaska","time":1775695088121,"updated":1775695314938,"tz":null,"url":"https://earthquake.usgs.gov/earthquakes/eventpage/aka2026gxylcs","detail":"https://earthquake.usgs.gov/earthquakes/feed/v1.0/detail/aka2026gxylcs.geojson","felt":null,"cdi":null,"mmi":null,"alert":null,"status":"automatic","tsunami":0,"sig":62,"net":"ak","code":"a2026gxylcs","ids":",aka2026gxylcs,","sources":",ak,","types":",origin,phase-data,","nst":50,"dmin":0.3,"rms":0.6,"gap":47,"magType":"ml","type":"earthquake","title":"M 2.0 - 33 km WSW of Denali Park, Alaska"},"geometry":{"type":"Point","coordinates":[-149.576,63.662,124.6]},"id":"aka2026gxylcs"},
{"type":"Feature","properties":{"mag":1.6,"place":"3 km SE of Pearsall, Texas","time":1775694862067,"updated":1775695077855,"tz":null,"url":"https://earthquake.usgs.gov/earthquakes/eventpage/tx2026gxyhwn","detail":"https://earthquake.usgs.gov/earthquakes/feed/v1.0/detail/tx2026gxyhwn.geojson","felt":null,"cdi":null,"mmi":null,"alert":null,"status":"automatic","tsunami":0,"sig":39,"net":"tx","code":"2026gxyhwn","ids":",tx2026gxyhwn,","sources":",tx,","types":",origin,phase-data,","nst":9,"dmin":0.3,"rms":0.2,"gap":134,"magType":"ml","type":"earthquake","title":"M 1.6 - 3 km SE of Pearsall, Texas"},"geometry":{"type":"Point","coordinates":[-99.072,28.868,7.3684]},"id":"tx2026gxyhwn"},
{"type":"Feature","properties":{"mag":4.9,"place":"south of the Fiji Islands","time":1775693761664,"updated":1775694652040,"tz":null,"url":"https://earthquake.usgs.gov/earthquakes/eventpage/us6000snli","detail":"https://earthquake.usgs.gov/earthquakes/feed/v1.0/detail/us6000snli.geojson","felt":null,"cdi":null,"mmi":null,"alert":null,"status":"reviewed","tsunami":0,"sig":369,"net":"us","code":"6000snli","ids":",us6000snli,","sources":",us,","types":",origin,phase-data,","nst":47,"dmin":3.707,"rms":1.13,"gap":122,"magType":"mb","type":"earthquake","title":"M 4.9 - south of the Fiji Islands"},"geometry":{"type":"Point","coordinates":[-178.5445,-25.5637,336.143]},"id":"us6000snli"},
{"type":"Feature","properties":{"mag":2.7,"place":"72 km SE of Adak, Alaska","time":1775693193342,"updated":1775721258851,"tz":null,"url":"https://earthquake.usgs.gov/earthquakes/eventpage/aka2026gxxjtx","detail":"https://earthquake.usgs.gov/earthquakes/feed/v1.0/detail/aka2026gxxjtx.geojson","felt":null,"cdi":null,"mmi":null,"alert":null,"status":"reviewed","tsunami":0,"sig":112,"net":"ak","code":"a2026gxxjtx","ids":",aka2026gxxjtx,","sources":",ak,","types":",origin,phase-data,","nst":17,"dmin":0.6,"rms":0.6,"gap":234,"magType":"ml","type":"earthquake","title":"M 2.7 - 72 km SE of Adak, Alaska"},"geometry":{"type":"Point","coordinates":[-175.909,51.405,27.7]},"id":"aka2026gxxjtx"},
{"type":"Feature","properties":{"mag":3.9,"place":"off the coast of Oregon","time":1775693122604,"updated":1775693720040,"tz":null,"url":"https://earthquake.usgs.gov/earthquakes/eventpage/us6000snlg","detail":"https://earthquake.usgs.gov/earthquakes/feed/v1.0/detail/us6000snlg.geojson","felt":null,"cdi":null,"mmi":null,"alert":null,"status":"reviewed","tsunami":0,"sig":234,"net":"us","code":"6000snlg","ids":",us6000snlg,","sources":",us,","types":",origin,phase-data,","nst":35,"dmin":3.829,"rms":0.67,"gap":279,"magType":"mb","type":"earthquake","title":"M 3.9 - off the coast of Oregon"},"geometry":{"type":"Point","coordinates":[-129.2699,44.478,10]},"id":"us6000snlg"},
{"type":"Feature","properties":{"mag":0.44,"place":"2 km NNW of The Geysers, CA","time":1775691412510,"updated":1775691507081,"tz":null,"url":"https://earthquake.usgs.gov/earthquakes/eventpage/nc75341322","detail":"https://earthquake.usgs.gov/earthquakes/feed/v1.0/detail/nc75341322.geojson","felt":null,"cdi":null,"mmi":null,"alert":null,"status":"automatic","tsunami":0,"sig":3,"net":"nc","code":"75341322","ids":",nc75341322,","sources":",nc,","types":",nearby-cities,origin,phase-data,","nst":8,"dmin":0.02092,"rms":0.01,"gap":125,"magType":"md","type":"earthquake","title":"M 0.4 - 2 km NNW of The Geysers, CA"},"geometry":{"type":"Point","coordinates":[-122.760833740234,38.7923316955566,3.6800000667572]},"id":"nc75341322"},
{"type":"Feature","properties":{"mag":1.82,"place":"13 km SSE of Volcano, Hawaii","time":1775691399000,"updated":1775691607520,"tz":null,"url":"https://earthquake.usgs.gov/earthquakes/eventpage/hv74934262","detail":"https://earthquake.usgs.gov/earthquakes/feed/v1.0/detail/hv74934262.geojson","felt":null,"cdi":null,"mmi":null,"alert":null,"status":"automatic","tsunami":0,"sig":51,"net":"hv","code":"74934262","ids":",hv74934262,","sources":",hv,","types":",origin,phase-data,","nst":36,"dmin":0.05311,"rms":0.170000002,"gap":93,"magType":"md","type":"earthquake","title":"M 1.8 - 13 km SSE of Volcano, Hawaii"},"geometry":{"type":"Point","coordinates":[-155.191497802734,19.3255004882812,1.85000002384186]},"id":"hv74934262"},
{"type":"Feature","properties":{"mag":2,"place":"43 km WNW of Beluga, Alaska","time":1775691006045,"updated":1775693473203,"tz":null,"url":"https://earthquake.usgs.gov/earthquakes/eventpage/aka2026gxwemm","detail":"https://earthquake.usgs.gov/earthquakes/feed/v1.0/detail/aka2026gxwemm.geojson","felt":1,"cdi":1,"mmi":null,"alert":null,"status":"reviewed","tsunami":0,"sig":62,"net":"ak","code":"a2026gxwemm","ids":",aka2026gxwemm,","sources":",ak,","types":",dyfi,origin,phase-data,","nst":33,"dmin":0.1,"rms":0.6,"gap":63,"magType":"ml","type":"earthquake","title":"M 2.0 - 43 km WNW of Beluga, Alaska"},"geometry":{"type":"Point","coordinates":[-151.816,61.313,98.3]},"id":"aka2026gxwemm"},
{"type":"Feature","properties":{"mag":4.8,"place":"Reykjanes Ridge","time":1775690584196,"updated":1775692146040,"tz":null,"url":"https://earthquake.usgs.gov/earthquakes/eventpage/us6000snlc","detail":"https://earthquake.usgs.gov/earthquakes/feed/v1.0/detail/us6000snlc.geojson","felt":null,"cdi":null,"mmi":null,"alert":null,"status":"reviewed","tsunami":0,"sig":354,"net":"us","code":"6000snlc","ids":",us6000snlc,","sources":",us,","types":",origin,phase-data,","nst":51,"dmin":15.546,"rms":0.58,"gap":161,"magType":"mb","type":"earthquake","title":"M 4.8 - Reykjanes Ridge"},"geometry":{"type":"Point","coordinates":[-35.3205,53.3923,10]},"id":"us6000snlc"},
{"type":"Feature","properties":{"mag":1.9,"place":"111 km N of Yakutat, Alaska","time":1775690446267,"updated":1775693331018,"tz":null,"url":"https://earthquake.usgs.gov/earthquakes/eventpage/aka2026gxvwms","detail":"https://earthquake.usgs.gov/earthquakes/feed/v1.0/detail/aka2026gxvwms.geojson","felt":null,"cdi":null,"mmi":null,"alert":null,"status":"reviewed","tsunami":0,"sig":56,"net":"ak","code":"a2026gxvwms","ids":",aka2026gxvwms,","sources":",ak,","types":",origin,phase-data,","nst":14,"dmin":0.6,"rms":0.4,"gap":89,"magType":"ml","type":"earthquake","title":"M 1.9 - 111 km N of Yakutat, Alaska"},"geometry":{"type":"Point","coordinates":[-139.961,60.543,6.7]},"id":"aka2026gxvwms"},
{"type":"Feature","properties":{"mag":2.1,"place":"2 km SE of Madison, Ohio","time":1775690254296,"updated":1775729479664,"tz":null,"url":"https://earthquake.usgs.gov/earthquakes/eventpage/us6000snl7","detail":"https://earthquake.usgs.gov/earthquakes/feed/v1.0/detail/us6000snl7.geojson","felt":21,"cdi":3.4,"mmi":null,"alert":null,"status":"reviewed","tsunami":0,"sig":75,"net":"us","code":"6000snl7","ids":",us6000snl7,","sources":",us,","types":",dyfi,origin,phase-data,","nst":18,"dmin":0.323,"rms":0.42,"gap":87,"magType":"ml","type":"earthquake","title":"M 2.1 - 2 km SE of Madison, Ohio"},"geometry":{"type":"Point","coordinates":[-81.0327,41.7527,8.019]},"id":"us6000snl7"},
{"type":"Feature","properties":{"mag":0.84,"place":"12 km E of Coso Junction, CA","time":1775689850280,"updated":1775693254609,"tz":null,"url":"https://earthquake.usgs.gov/earthquakes/eventpage/ci41436128","detail":"https://earthquake.usgs.gov/earthquakes/feed/v1.0/detail/ci41436128.geojson","felt":null,"cdi":null,"mmi":null,"alert":null,"status":"reviewed","tsunami":0,"sig":11,"net":"ci","code":"41436128","ids":",ci41436128,","sources":",ci,","types":",nearby-cities,origin,phase-data,scitech-link,","nst":14,"dmin":0.04262,"rms":0.1,"gap":54,"magType":"ml","type":"earthquake","title":"M 0.8 - 12 km E of Coso Junction, CA"},"geometry":{"type":"Point","coordinates":[-117.817833333333,36.0258333333333,1.72]},"id":"ci41436128"},
{"type":"Feature","properties":{"mag":0.67,"place":"11 km SSW of Agua Dulce, CA","time":1775689206690,"updated":1775692319321,"tz":null,"url":"https://earthquake.usgs.gov/earthquakes/eventpage/ci41436120","detail":"https://earthquake.usgs.gov/earthquakes/feed/v1.0/detail/ci41436120.geojson","felt":null,"cdi":null,"mmi":null,"alert":null,"status":"reviewed","tsunami":0,"sig":7,"net":"ci","code":"41436120","ids":",ci41436120,","sources":",ci,","types":",nearby-cities,origin,phase-data,scitech-link,","nst":12,"dmin":0.05896,"rms":0.17,"gap":88,"magType":"ml","type":"earthquake","title":"M 0.7 - 11 km SSW of Agua Dulce, CA"},"geometry":{"type":"Point","coordinates":[-118.380666666667,34.4045,8.67]},"id":"ci41436120"},
{"type":"Feature","properties":{"mag":1.8,"place":"1 km WSW of Houston, Alaska","time":1775688764134,"updated":1775693232806,"tz":null,"url":"https://earthquake.usgs.gov/earthquakes/eventpage/aka2026gxuyhi","detail":"https://earthquake.usgs.gov/earthquakes/feed/v1.0/detail/aka2026gxuyhi.geojson","felt":null,"cdi":null,"mmi":null,"alert":null,"status":"reviewed","tsunami":0,"sig":50,"net":"ak","code":"a2026gxuyhi","ids":",aka2026gxuyhi,","sources":",ak,","types":",origin,phase-data,","nst":36,"dmin":0.3,"rms":0.6,"gap":47,"magType":"ml","type":"earthquake","title":"M 1.8 - 1 km WSW of Houston, Alaska"},"geometry":{"type":"Point","coordinates":[-149.852,61.626,26.5]},"id":"aka2026gxuyhi"},
{"type":"Feature","properties":{"mag":0.77,"place":"7 km NW of The Geysers, CA","time":1775688675350,"updated":1775688771697,"tz":null,"url":"https://earthquake.usgs.gov/earthquakes/eventpage/nc75341312","detail":"https://earthquake.usgs.gov/earthquakes/feed/v1.0/detail/nc75341312.geojson","felt":null,"cdi":null,"mmi":null,"alert":null,"status":"automatic","tsunami":0,"sig":9,"net":"nc","code":"75341312","ids":",nc75341312,","sources":",nc,","types":",nearby-cities,origin,phase-data,","nst":8,"dmin":0.006772,"rms":0.02,"gap":114,"magType":"md","type":"earthquake","title":"M 0.8 - 7 km NW of The Geysers, CA"},"geometry":{"type":"Point","coordinates":[-122.813499450684,38.8171653747559,3.75]},"id":"nc75341312"},
{"type":"Feature","properties":{"mag":1.6,"place":"23 km NW of Beluga, Alaska","time":1775688315318,"updated":1775693042134,"tz":null,"url":"https://earthquake.usgs.gov/earthquakes/eventpage/aka2026gxurvy","detail":"https://earthquake.usgs.gov/earthquakes/feed/v1.0/detail/aka2026gxurvy.geojson","felt":null,"cdi":null,"mmi":null,"alert":null,"status":"reviewed","tsunami":0,"sig":39,"net":"ak","code":"a2026gxurvy","ids":",aka2026gxurvy,","sources":",ak,","types":",origin,phase-data,","nst":26,"dmin":0.3,"rms":0.4,"gap":48,"magType":"ml","type":"earthquake","title":"M 1.6 - 23 km NW of Beluga, Alaska"},"geometry":{"type":"Point","coordinates":[-151.413,61.278,74.4]},"id":"aka2026gxurvy"},
{"type":"Feature","properties":{"mag":2.15,"place":"12 km S of Fern Forest, Hawaii","time":1775688075150,"updated":1775688286580,"tz":null,"url":"https://earthquake.usgs.gov/earthquakes/eventpage/hv74934247","detail":"https://earthquake.usgs.gov/earthquakes/feed/v1.0/detail/hv74934247.geojson","felt":null,"cdi":null,"mmi":null,"alert":null,"status":"automatic","tsunami":0,"sig":71,"net":"hv","code":"74934247","ids":",hv74934247,","sources":",hv,","types":",origin,phase-data,","nst":34,"dmin":0.03133,"rms":0.280000001,"gap":168,"magType":"ml","type":"earthquake","title":"M 2.2 - 12 km S of Fern Forest, Hawaii"},"geometry":{"type":"Point","coordinates":[-155.131164550781,19.3538341522217,1.02999997138977]},"id":"hv74934247"},
{"type":"Feature","properties":{"mag":2.89,"place":"0 km SSW of Rincón, Puerto Rico","time":1775687993740,"updated":1775688802950,"tz":null,"url":"https://earthquake.usgs.gov/earthquakes/eventpage/pr71513138","detail":"https://earthquake.usgs.gov/earthquakes/feed/v1.0/detail/pr71513138.geojson","felt":null,"cdi":null,"mmi":null,"alert":null,"status":"reviewed","tsunami":0,"sig":128,"net":"pr","code":"71513138","ids":",pr71513138,","sources":",pr,","types":",origin,phase-data,","nst":10,"dmin":0.1866,"rms":0.28,"gap":248,"magType":"md","type":"earthquake","title":"M 2.9 - 0 km SSW of Rincón, Puerto Rico"},"geometry":{"type":"Point","coordinates":[-67.251,18.3356666666667,83.05]},"id":"pr71513138"},
{"type":"Feature","properties":{"mag":1.5,"place":"67 km ESE of Denali National Park, Alaska","time":1775686963693,"updated":1775692834949,"tz":null,"url":"https://earthquake.usgs.gov/earthquakes/eventpage/aka2026gxtyla","detail":"https://earthquake.usgs.gov/earthquakes/feed/v1.0/detail/aka2026gxtyla.geojson","felt":null,"cdi":null,"mmi":null,"alert":null,"status":"reviewed","tsunami":0,"sig":35,"net":"ak","code":"a2026gxtyla","ids":",aka2026gxtyla,","sources":",ak,","types":",origin,phase-data,","nst":13,"dmin":0.7,"rms":0.3,"gap":101,"magType":"ml","type":"earthquake","title":"M 1.5 - 67 km ESE of Denali National Park, Alaska"},"geometry":{"type":"Point","coordinates":[-150.481,63.301,131.7]},"id":"aka2026gxtyla"},
{"type":"Feature","properties":{"mag":4.6,"place":"167 km SE of Port Blair, India","time":1775686431402,"updated":1775688406040,"tz":null,"url":"https://earthquake.usgs.gov/earthquakes/eventpage/us6000snkz","detail":"https://earthquake.usgs.gov/earthquakes/feed/v1.0/detail/us6000snkz.geojson","felt":null,"cdi":null,"mmi":null,"alert":null,"status":"reviewed","tsunami":0,"sig":326,"net":"us","code":"6000snkz","ids":",us6000snkz,","sources":",us,","types":",origin,phase-data,","nst":46,"dmin":6.127,"rms":0.71,"gap":113,"magType":"mb","type":"earthquake","title":"M 4.6 - 167 km SE of Port Blair, India"},"geometry":{"type":"Point","coordinates":[93.7061,10.4817,10]},"id":"us6000snkz"},
{"type":"Feature","properties":{"mag":1.2,"place":"18 km SE of Ackerly, Texas","time":1775686423455,"updated":1775724943181,"tz":null,"url":"https://earthquake.usgs.gov/earthquakes/eventpage/tx2026gxtqqf","detail":"https://earthquake.usgs.gov/earthquakes/feed/v1.0/detail/tx2026gxtqqf.geojson","felt":null,"cdi":null,"mmi":null,"alert":null,"status":"reviewed","tsunami":0,"sig":22,"net":"tx","code":"2026gxtqqf","ids":",tx2026gxtqqf,","sources":",tx,","types":",origin,phase-data,","nst":27,"dmin":0,"rms":0.1,"gap":55,"magType":"ml","type":"earthquake","title":"M 1.2 - 18 km SE of Ackerly, Texas"},"geometry":{"type":"Point","coordinates":[-101.588,32.405,4.5166]},"id":"tx2026gxtqqf"},
{"type":"Feature","properties":{"mag":0.42,"place":"8 km SSE of Lake Henshaw, CA","time":1775685597820,"updated":1775696047450,"tz":null,"url":"https://earthquake.usgs.gov/earthquakes/eventpage/ci41436088","detail":"https://earthquake.usgs.gov/earthquakes/feed/v1.0/detail/ci41436088.geojson","felt":null,"cdi":null,"mmi":null,"alert":null,"status":"reviewed","tsunami":0,"sig":3,"net":"ci","code":"41436088","ids":",ci41436088,","sources":",ci,","types":",nearby-cities,origin,phase-data,scitech-link,","nst":18,"dmin":0.0654,"rms":0.16,"gap":62,"magType":"ml","type":"earthquake","title":"M 0.4 - 8 km SSE of Lake Henshaw, CA"},"geometry":{"type":"Point","coordinates":[-116.721166666667,33.1781666666667,12.16]},"id":"ci41436088"},
{"type":"Feature","properties":{"mag":0.98,"place":"9 km NE of Julian, CA","time":1775684580020,"updated":1775699449527,"tz":null,"url":"https://earthquake.usgs.gov/earthquakes/eventpage/ci41436072","detail":"https://earthquake.usgs.gov/earthquakes/feed/v1.0/detail/ci41436072.geojson","felt":null,"cdi":null,"mmi":null,"alert":null,"status":"reviewed","tsunami":0,"sig":15,"net":"ci","code":"41436072","ids":",ci41436072,","sources":",ci,","types":",nearby-cities,origin,phase-data,scitech-link,","nst":37,"dmin":0.07741,"rms":0.21,"gap":47,"magType":"ml","type":"earthquake","title":"M 1.0 - 9 km NE of Julian, CA"},"geometry":{"type":"Point","coordinates":[-116.541833333333,33.1428333333333,6.29]},"id":"ci41436072"},
{"type":"Feature","properties":{"mag":2.1,"place":"26 km NNW of Lake Minchumina, Alaska","time":1775684558611,"updated":1775684852357,"tz":null,"url":"https://earthquake.usgs.gov/earthquakes/eventpage/aka2026gxspyp","detail":"https://earthquake.usgs.gov/earthquakes/feed/v1.0/detail/aka2026gxspyp.geojson","felt":null,"cdi":null,"mmi":null,"alert":null,"status":"reviewed","tsunami":0,"sig":68,"net":"ak","code":"a2026gxspyp","ids":",aka2026gxspyp,","sources":",ak,","types":",origin,phase-data,","nst":20,"dmin":0.2,"rms":0.8,"gap":69,"magType":"ml","type":"earthquake","title":"M 2.1 - 26 km NNW of Lake Minchumina, Alaska"},"geometry":{"type":"Point","coordinates":[-152.505,64.109,9.6]},"id":"aka2026gxspyp"},
{"type":"Feature","properties":{"mag":2.3,"place":"57 km S of Unalaska, Alaska","time":1775684274432,"updated":1775684757945,"tz":null,"url":"https://earthquake.usgs.gov/earthquakes/eventpage/aka2026gxslug","detail":"https://earthquake.usgs.gov/earthquakes/feed/v1.0/detail/aka2026gxslug.geojson","felt":null,"cdi":null,"mmi":null,"alert":null,"status":"reviewed","tsunami":0,"sig":81,"net":"ak","code":"a2026gxslug","ids":",aka2026gxslug,","sources":",ak,","types":",origin,phase-data,","nst":21,"dmin":0.5,"rms":0.3,"gap":240,"magType":"ml","type":"earthquake","title":"M 2.3 - 57 km S of Unalaska, Alaska"},"geometry":{"type":"Point","coordinates":[-166.598,53.355,58.5]},"id":"aka2026gxslug"},
{"type":"Feature","properties":{"mag":4.5,"place":"Reykjanes Ridge","time":1775683749128,"updated":1775685214040,"tz":null,"url":"https://earthquake.usgs.gov/earthquakes/eventpage/us6000snkm","detail":"https://earthquake.usgs.gov/earthquakes/feed/v1.0/detail/us6000snkm.geojson","felt":null,"cdi":null,"mmi":null,"alert":null,"status":"reviewed","tsunami":0,"sig":312,"net":"us","code":"6000snkm","ids":",us6000snkm,","sources":",us,","types":",origin,phase-data,","nst":44,"dmin":12.379,"rms":0.67,"gap":141,"magType":"mb","type":"earthquake","title":"M 4.5 - Reykjanes Ridge"},"geometry":{"type":"Point","coordinates":[-35.2061,52.934,10]},"id":"us6000snkm"},
{"type":"Feature","properties":{"mag":2,"place":"36 km NNE of Chenega, Alaska","time":1775683722114,"updated":1775692274424,"tz":null,"url":"https://earthquake.usgs.gov/earthquakes/eventpage/aka2026gxsdwq","detail":"https://earthquake.usgs.gov/earthquakes/feed/v1.0/detail/aka2026gxsdwq.geojson","felt":1,"cdi":1,"mmi":null,"alert":null,"status":"reviewed","tsunami":0,"sig":62,"net":"ak","code":"a2026gxsdwq","ids":",aka2026gxsdwq,","sources":",ak,","types":",dyfi,origin,phase-data,","nst":18,"dmin":0.4,"rms":0.7,"gap":96,"magType":"ml","type":"earthquake","title":"M 2.0 - 36 km NNE of Chenega, Alaska"},"geometry":{"type":"Point","coordinates":[-147.807,60.375,17.2]},"id":"aka2026gxsdwq"},
{"type":"Feature","properties":{"mag":1.9,"place":"40 km W of Anchor Point, Alaska","time":1775683529805,"updated":1775684569185,"tz":null,"url":"https://earthquake.usgs.gov/earthquakes/eventpage/aka2026gxsbcy","detail":"https://earthquake.usgs.gov/earthquakes/feed/v1.0/detail/aka2026gxsbcy.geojson","felt":null,"cdi":null,"mmi":null,"alert":null,"status":"reviewed","tsunami":0,"sig":56,"net":"ak","code":"a2026gxsbcy","ids":",aka2026gxsbcy,","sources":",ak,","types":",origin,phase-data,","nst":41,"dmin":0.3,"rms":0.6,"gap":88,"magType":"ml","type":"earthquake","title":"M 1.9 - 40 km W of Anchor Point, Alaska"},"geometry":{"type":"Point","coordinates":[-152.541,59.728,89.1]},"id":"aka2026gxsbcy"},
{"type":"Feature","properties":{"mag":1.58,"place":"11 km WNW of Cobb, CA","time":1775683243980,"updated":1775689041054,"tz":null,"url":"https://earthquake.usgs.gov/earthquakes/eventpage/nc75341247","detail":"https://earthquake.usgs.gov/earthquakes/feed/v1.0/detail/nc75341247.geojson","felt":null,"cdi":null,"mmi":null,"alert":null,"status":"automatic","tsunami":0,"sig":38,"net":"nc","code":"75341247","ids":",nc75341247,","sources":",nc,","types":",nearby-cities,origin,phase-data,scitech-link,","nst":16,"dmin":0.02782,"rms":0.02,"gap":202,"magType":"md","type":"earthquake","title":"M 1.6 - 11 km WNW of Cobb, CA"},"geometry":{"type":"Point","coordinates":[-122.839996337891,38.8618316650391,0.959999978542328]},"id":"nc75341247"},
{"type":"Feature","properties":{"mag":2.7,"place":"57 km SE of Adak, Alaska","time":1775683213746,"updated":1775690244040,"tz":null,"url":"https://earthquake.usgs.gov/earthquakes/eventpage/us6000snkl","detail":"https://earthquake.usgs.gov/earthquakes/feed/v1.0/detail/us6000snkl.geojson","felt":null,"cdi":null,"mmi":null,"alert":null,"status":"reviewed","tsunami":0,"sig":112,"net":"us","code":"6000snkl","ids":",aka2026gxrwoq,us6000snkl,","sources":",ak,us,","types":",origin,phase-data,","nst":15,"dmin":0.427,"rms":0.56,"gap":229,"magType":"ml","type":"earthquake","title":"M 2.7 - 57 km SE of Adak, Alaska"},"geometry":{"type":"Point","coordinates":[-176.0927,51.4828,35]},"id":"us6000snkl"},
{"type":"Feature","properties":{"mag":0.89,"place":"6 km WNW of Cobb, CA","time":1775682616950,"updated":1775682711971,"tz":null,"url":"https://earthquake.usgs.gov/earthquakes/eventpage/nc75341237","detail":"https://earthquake.usgs.gov/earthquakes/feed/v1.0/detail/nc75341237.geojson","felt":null,"cdi":null,"mmi":null,"alert":null,"status":"automatic","tsunami":0,"sig":12,"net":"nc","code":"75341237","ids":",nc75341237,","sources":",nc,","types":",nearby-cities,origin,phase-data,","nst":8,"dmin":0.001035,"rms":0.02,"gap":155,"magType":"md","type":"earthquake","title":"M 0.9 - 6 km WNW of Cobb, CA"},"geometry":{"type":"Point","coordinates":[-122.791664123535,38.8385009765625,2.11999988555908]},"id":"nc75341237"},
{"type":"Feature","properties":{"mag":1.5,"place":"17 km NNE of Hermleigh, Texas","time":1775681808724,"updated":1775728144318,"tz":null,"url":"https://earthquake.usgs.gov/earthquakes/eventpage/tx2026gxrckf","detail":"https://earthquake.usgs.gov/earthquakes/feed/v1.0/detail/tx2026gxrckf.geojson","felt":null,"cdi":null,"mmi":null,"alert":null,"status":"reviewed","tsunami":0,"sig":35,"net":"tx","code":"2026gxrckf","ids":",tx2026gxrckf,","sources":",tx,","types":",origin,phase-data,","nst":15,"dmin":0.1,"rms":0.2,"gap":79,"magType":"ml","type":"earthquake","title":"M 1.5 - 17 km NNE of Hermleigh, Texas"},"geometry":{"type":"Point","coordinates":[-100.659,32.766,8.0322]},"id":"tx2026gxrckf"},
{"type":"Feature","properties":{"mag":1.7,"place":"24 km SW of Trapper Creek, Alaska","time":1775681780158,"updated":1775684234052,"tz":null,"url":"https://earthquake.usgs.gov/earthquakes/eventpage/aka2026gxrbzo","detail":"https://earthquake.usgs.gov/earthquakes/feed/v1.0/detail/aka2026gxrbzo.geojson","felt":null,"cdi":null,"mmi":null,"alert":null,"status":"reviewed","tsunami":0,"sig":44,"net":"ak","code":"a2026gxrbzo","ids":",aka2026gxrbzo,","sources":",ak,","types":",origin,phase-data,","nst":22,"dmin":0.3,"rms":0.6,"gap":59,"magType":"ml","type":"earthquake","title":"M 1.7 - 24 km SW of Trapper Creek, Alaska"},"geometry":{"type":"Point","coordinates":[-150.568,62.169,7.7]},"id":"aka2026gxrbzo"},
{"type":"Feature","properties":{"mag":0.52,"place":"85 km NNW of Karluk, Alaska","time":1775681690360,"updated":1775717584270,"tz":null,"url":"https://earthquake.usgs.gov/earthquakes/eventpage/av94135503","detail":"https://earthquake.usgs.gov/earthquakes/feed/v1.0/detail/av94135503.geojson","felt":null,"cdi":null,"mmi":null,"alert":null,"status":"reviewed","tsunami":0,"sig":4,"net":"av","code":"94135503","ids":",av94135503,aka2026gxrash,","sources":",av,ak,","types":",origin,phase-data,","nst":16,"dmin":0.04182,"rms":0.17,"gap":129,"magType":"ml","type":"earthquake","title":"M 0.5 - 85 km NNW of Karluk, Alaska"},"geometry":{"type":"Point","coordinates":[-154.986666666667,58.2871666666667,3.11]},"id":"av94135503"},
{"type":"Feature","properties":{"mag":1.5,"place":"17 km NNE of Hermleigh, Texas","time":1775681379839,"updated":1775727268475,"tz":null,"url":"https://earthquake.usgs.gov/earthquakes/eventpage/tx2026gxqwga","detail":"https://earthquake.usgs.gov/earthquakes/feed/v1.0/detail/tx2026gxqwga.geojson","felt":null,"cdi":null,"mmi":null,"alert":null,"status":"reviewed","tsunami":0,"sig":35,"net":"tx","code":"2026gxqwga","ids":",tx2026gxqwga,","sources":",tx,","types":",origin,phase-data,","nst":17,"dmin":0.1,"rms":0.2,"gap":78,"magType":"ml","type":"earthquake","title":"M 1.5 - 17 km NNE of Hermleigh, Texas"},"geometry":{"type":"Point","coordinates":[-100.662,32.769,8.1299]},"id":"tx2026gxqwga"},
{"type":"Feature","properties":{"mag":0.9,"place":"7 km SE of Midland, Texas","time":1775680860951,"updated":1775703293536,"tz":null,"url":"https://earthquake.usgs.gov/earthquakes/eventpage/tx2026gxqous","detail":"https://earthquake.usgs.gov/earthquakes/feed/v1.0/detail/tx2026gxqous.geojson","felt":null,"cdi":null,"mmi":null,"alert":null,"status":"reviewed","tsunami":0,"sig":12,"net":"tx","code":"2026gxqous","ids":",tx2026gxqous,","sources":",tx,","types":",origin,phase-data,","nst":19,"dmin":0,"rms":0.1,"gap":60,"magType":"ml","type":"earthquake","title":"M 0.9 - 7 km SE of Midland, Texas"},"geometry":{"type":"Point","coordinates":[-102.029,31.945,8.96]},"id":"tx2026gxqous"},
{"type":"Feature","properties":{"mag":2.4,"place":"48 km NE of Pedro Bay, Alaska","time":1775680325864,"updated":1775683999225,"tz":null,"url":"https://earthquake.usgs.gov/earthquakes/eventpage/aka2026gxqhcf","detail":"https://earthquake.usgs.gov/earthquakes/feed/v1.0/detail/aka2026gxqhcf.geojson","felt":null,"cdi":null,"mmi":null,"alert":null,"status":"reviewed","tsunami":0,"sig":89,"net":"ak","code":"a2026gxqhcf","ids":",aka2026gxqhcf,","sources":",ak,","types":",origin,phase-data,","nst":81,"dmin":0.2,"rms":0.7,"gap":85,"magType":"ml","type":"earthquake","title":"M 2.4 - 48 km NE of Pedro Bay, Alaska"},"geometry":{"type":"Point","coordinates":[-153.445,60.064,159.9]},"id":"aka2026gxqhcf"},
{"type":"Feature","properties":{"mag":0.75,"place":"6 km NW of The Geysers, CA","time":1775680312210,"updated":1775680406739,"tz":null,"url":"https://earthquake.usgs.gov/earthquakes/eventpage/nc75341212","detail":"https://earthquake.usgs.gov/earthquakes/feed/v1.0/detail/nc75341212.geojson","felt":null,"cdi":null,"mmi":null,"alert":null,"status":"automatic","tsunami":0,"sig":9,"net":"nc","code":"75341212","ids":",nc75341212,","sources":",nc,","types":",nearby-cities,origin,phase-data,","nst":15,"dmin":0.009372,"rms":0.02,"gap":45,"magType":"md","type":"earthquake","title":"M 0.8 - 6 km NW of The Geysers, CA"},"geometry":{"type":"Point","coordinates":[-122.802169799805,38.816333770752,2.5699999332428]},"id":"nc75341212"},
{"type":"Feature","properties":{"mag":1.85,"place":"5 km NE of Bradbury, CA","time":1775680027820,"updated":1775680242349,"tz":null,"url":"https://earthquake.usgs.gov/earthquakes/eventpage/ci41436024","detail":"https://earthquake.usgs.gov/earthquakes/feed/v1.0/detail/ci41436024.geojson","felt":null,"cdi":null,"mmi":null,"alert":null,"status":"automatic","tsunami":0,"sig":53,"net":"ci","code":"41436024","ids":",ci41436024,","sources":",ci,","types":",nearby-cities,origin,phase-data,scitech-link,","nst":17,"dmin":0.04548,"rms":0.21,"gap":115,"magType":"ml","type":"earthquake","title":"M 1.9 - 5 km NE of Bradbury, CA"},"geometry":{"type":"Point","coordinates":[-117.933333333333,34.1736666666667,-0.39]},"id":"ci41436024"},
{"type":"Feature","properties":{"mag":0.81,"place":"16 km SSW of Searles Valley, CA","time":1775679914570,"updated":1775684460693,"tz":null,"url":"https://earthquake.usgs.gov/earthquakes/eventpage/ci41436016","detail":"https://earthquake.usgs.gov/earthquakes/feed/v1.0/detail/ci41436016.geojson","felt":null,"cdi":null,"mmi":null,"alert":null,"status":"reviewed","tsunami":0,"sig":10,"net":"ci","code":"41436016","ids":",ci41436016,","sources":",ci,","types":",nearby-cities,origin,phase-data,scitech-link,","nst":19,"dmin":0.04198,"rms":0.12,"gap":52,"magType":"ml","type":"earthquake","title":"M 0.8 - 16 km SSW of Searles Valley, CA"},"geometry":{"type":"Point","coordinates":[-117.4575,35.6333333333333,9.4]},"id":"ci41436016"},
{"type":"Feature","properties":{"mag":1.32,"place":"3 km NE of The Geysers, CA","time":1775679467020,"updated":1775684539555,"tz":null,"url":"https://earthquake.usgs.gov/earthquakes/eventpage/nc75341202","detail":"https://earthquake.usgs.gov/earthquakes/feed/v1.0/detail/nc75341202.geojson","felt":null,"cdi":null,"mmi":null,"alert":null,"status":"automatic","tsunami":0,"sig":27,"net":"nc","code":"75341202","ids":",nc75341202,","sources":",nc,","types":",nearby-cities,origin,phase-data,scitech-link,","nst":20,"dmin":0.01276,"rms":0.04,"gap":98,"magType":"md","type":"earthquake","title":"M 1.3 - 3 km NE of The Geysers, CA"},"geometry":{"type":"Point","coordinates":[-122.728996276855,38.7944984436035,1.47000002861023]},"id":"nc75341202"},
{"type":"Feature","properties":{"mag":1.35,"place":"8 km SW of Beaumont, CA","time":1775678741770,"updated":1775678953038,"tz":null,"url":"https://earthquake.usgs.gov/earthquakes/eventpage/ci41435984","detail":"https://earthquake.usgs.gov/earthquakes/feed/v1.0/detail/ci41435984.geojson","felt":null,"cdi":null,"mmi":null,"alert":null,"status":"automatic","tsunami":0,"sig":28,"net":"ci","code":"41435984","ids":",ci41435984,","sources":",ci,","types":",nearby-cities,origin,phase-data,scitech-link,","nst":21,"dmin":0.1668,"rms":0.17,"gap":195,"magType":"ml","type":"earthquake","title":"M 1.4 - 8 km SW of Beaumont, CA"},"geometry":{"type":"Point","coordinates":[-117.025,33.8741666666667,1.12]},"id":"ci41435984"},
{"type":"Feature","properties":{"mag":1.72,"place":"13 km SSE of Pāhala, Hawaii","time":1775678635200,"updated":1775678837240,"tz":null,"url":"https://earthquake.usgs.gov/earthquakes/eventpage/hv74934152","detail":"https://earthquake.usgs.gov/earthquakes/feed/v1.0/detail/hv74934152.geojson","felt":null,"cdi":null,"mmi":null,"alert":null,"status":"automatic","tsunami":0,"sig":46,"net":"hv","code":"74934152","ids":",hv74934152,","sources":",hv,","types":",origin,phase-data,","nst":23,"dmin":0.1373,"rms":0.150000006,"gap":239,"magType":"md","type":"earthquake","title":"M 1.7 - 13 km SSE of Pāhala, Hawaii"},"geometry":{"type":"Point","coordinates":[-155.407501220703,19.09983253479,31.8199996948242]},"id":"hv74934152"},
{"type":"Feature","properties":{"mag":1.7,"place":"65 km SE of Denali National Park, Alaska","time":1775677888583,"updated":1775678957564,"tz":null,"url":"https://earthquake.usgs.gov/earthquakes/eventpage/aka2026gxoydi","detail":"https://earthquake.usgs.gov/earthquakes/feed/v1.0/detail/aka2026gxoydi.geojson","felt":null,"cdi":null,"mmi":null,"alert":null,"status":"reviewed","tsunami":0,"sig":44,"net":"ak","code":"a2026gxoydi","ids":",aka2026gxoydi,","sources":",ak,","types":",origin,phase-data,","nst":14,"dmin":0.6,"rms":0.4,"gap":107,"magType":"ml","type":"earthquake","title":"M 1.7 - 65 km SE of Denali National Park, Alaska"},"geometry":{"type":"Point","coordinates":[-150.798,63.129,119.8]},"id":"aka2026gxoydi"},
{"type":"Feature","properties":{"mag":2.2,"place":"6 km WNW of San Pasqual, CA","time":1775677393270,"updated":1775677776441,"tz":null,"url":"https://earthquake.usgs.gov/earthquakes/eventpage/ci41435936","detail":"https://earthquake.usgs.gov/earthquakes/feed/v1.0/detail/ci41435936.geojson","felt":null,"cdi":null,"mmi":null,"alert":null,"status":"automatic","tsunami":0,"sig":74,"net":"ci","code":"41435936","ids":",ci41435936,","sources":",ci,","types":",nearby-cities,origin,phase-data,scitech-link,","nst":5,"dmin":0.1288,"rms":0.05,"gap":232,"magType":"ml","type":"earthquake","title":"M 2.2 - 6 km WNW of San Pasqual, CA"},"geometry":{"type":"Point","coordinates":[-117.0145,33.1126666666667,0.92]},"id":"ci41435936"},
{"type":"Feature","properties":{"mag":1.5,"place":"59 km S of Whites City, New Mexico","time":1775676329198,"updated":1775707372876,"tz":null,"url":"https://earthquake.usgs.gov/earthquakes/eventpage/tx2026gxobmw","detail":"https://earthquake.usgs.gov/earthquakes/feed/v1.0/detail/tx2026gxobmw.geojson","felt":null,"cdi":null,"mmi":null,"alert":null,"status":"reviewed","tsunami":0,"sig":35,"net":"tx","code":"2026gxobmw","ids":",tx2026gxobmw,","sources":",tx,","types":",origin,phase-data,","nst":23,"dmin":0,"rms":0.3,"gap":85,"magType":"ml","type":"earthquake","title":"M 1.5 - 59 km S of Whites City, New Mexico"},"geometry":{"type":"Point","coordinates":[-104.439,31.646,6.0999]},"id":"tx2026gxobmw"},
{"type":"Feature","properties":{"mag":1.9,"place":"20 km NW of Three Rivers, Texas","time":1775676162832,"updated":1775732110185,"tz":null,"url":"https://earthquake.usgs.gov/earthquakes/eventpage/tx2026gxnzhv","detail":"https://earthquake.usgs.gov/earthquakes/feed/v1.0/detail/tx2026gxnzhv.geojson","felt":null,"cdi":null,"mmi":null,"alert":null,"status":"reviewed","tsunami":0,"sig":56,"net":"tx","code":"2026gxnzhv","ids":",tx2026gxnzhv,","sources":",tx,","types":",origin,phase-data,","nst":18,"dmin":0.1,"rms":0.2,"gap":85,"magType":"ml","type":"earthquake","title":"M 1.9 - 20 km NW of Three Rivers, Texas"},"geometry":{"type":"Point","coordinates":[-98.352,28.563,8.4935]},"id":"tx2026gxnzhv"},
{"type":"Feature","properties":{"mag":4.6,"place":"130 km ESE of Bitung, Indonesia","time":1775675684547,"updated":1775680187040,"tz":null,"url":"https://earthquake.usgs.gov/earthquakes/eventpage/us6000snjj","detail":"https://earthquake.usgs.gov/earthquakes/feed/v1.0/detail/us6000snjj.geojson","felt":null,"cdi":null,"mmi":null,"alert":null,"status":"reviewed","tsunami":0,"sig":326,"net":"us","code":"6000snjj","ids":",us6000snjj,","sources":",us,","types":",origin,phase-data,","nst":39,"dmin":7.198,"rms":0.56,"gap":118,"magType":"mb","type":"earthquake","title":"M 4.6 - 130 km ESE of Bitung, Indonesia"},"geometry":{"type":"Point","coordinates":[126.2439,1.0797,35]},"id":"us6000snjj"},
{"type":"Feature","properties":{"mag":2,"place":"7 km WSW of Midland, Texas","time":1775674799850,"updated":1775690191986,"tz":null,"url":"https://earthquake.usgs.gov/earthquakes/eventpage/tx2026gxnfud","detail":"https://earthquake.usgs.gov/earthquakes/feed/v1.0/detail/tx2026gxnfud.geojson","felt":null,"cdi":null,"mmi":null,"alert":null,"status":"automatic","tsunami":0,"sig":62,"net":"tx","code":"2026gxnfud","ids":",tx2026gxnfud,","sources":",tx,","types":",origin,phase-data,","nst":8,"dmin":0.1,"rms":0.5,"gap":128,"magType":"ml","type":"earthquake","title":"M 2.0 - 7 km WSW of Midland, Texas"},"geometry":{"type":"Point","coordinates":[-102.157,31.981,7.4732]},"id":"tx2026gxnfud"},
{"type":"Feature","properties":{"mag":1.7,"place":"133 km S of McCarthy, Alaska","time":1775674128423,"updated":1775675861646,"tz":null,"url":"https://earthquake.usgs.gov/earthquakes/eventpage/aka2026gxmwbn","detail":"https://earthquake.usgs.gov/earthquakes/feed/v1.0/detail/aka2026gxmwbn.geojson","felt":null,"cdi":null,"mmi":null,"alert":null,"status":"reviewed","tsunami":0,"sig":44,"net":"ak","code":"a2026gxmwbn","ids":",aka2026gxmwbn,","sources":",ak,","types":",origin,phase-data,","nst":17,"dmin":0,"rms":0.6,"gap":182,"magType":"ml","type":"earthquake","title":"M 1.7 - 133 km S of McCarthy, Alaska"},"geometry":{"type":"Point","coordinates":[-143.284,60.245,7.1]},"id":"aka2026gxmwbn"},
{"type":"Feature","properties":{"mag":-0.81,"place":"62 km ENE of Pedro Bay, Alaska","time":1775673649340,"updated":1775715841730,"tz":null,"url":"https://earthquake.usgs.gov/earthquakes/eventpage/av94135393","detail":"https://earthquake.usgs.gov/earthquakes/feed/v1.0/detail/av94135393.geojson","felt":null,"cdi":null,"mmi":null,"alert":null,"status":"reviewed","tsunami":0,"sig":0,"net":"av","code":"94135393","ids":",av94135393,","sources":",av,","types":",origin,phase-data,","nst":5,"dmin":0.03591,"rms":0.18,"gap":107,"magType":"ml","type":"earthquake","title":"M -0.8 - 62 km ENE of Pedro Bay, Alaska"},"geometry":{"type":"Point","coordinates":[-153.088333333333,60.0086666666667,4.92]},"id":"av94135393"},
{"type":"Feature","properties":{"mag":1.8,"place":"152 km ESE of McCarthy, Alaska","time":1775673327305,"updated":1775675796775,"tz":null,"url":"https://earthquake.usgs.gov/earthquakes/eventpage/aka2026gxmkof","detail":"https://earthquake.usgs.gov/earthquakes/feed/v1.0/detail/aka2026gxmkof.geojson","felt":null,"cdi":null,"mmi":null,"alert":null,"status":"reviewed","tsunami":0,"sig":50,"net":"ak","code":"a2026gxmkof","ids":",aka2026gxmkof,","sources":",ak,","types":",origin,phase-data,","nst":14,"dmin":0.4,"rms":0.5,"gap":77,"magType":"ml","type":"earthquake","title":"M 1.8 - 152 km ESE of McCarthy, Alaska"},"geometry":{"type":"Point","coordinates":[-140.198,61.031,9.4]},"id":"aka2026gxmkof"},
{"type":"Feature","properties":{"mag":1.21,"place":"20 km NNE of Indio, CA","time":1775673114550,"updated":1775673322156,"tz":null,"url":"https://earthquake.usgs.gov/earthquakes/eventpage/ci41435856","detail":"https://earthquake.usgs.gov/earthquakes/feed/v1.0/detail/ci41435856.geojson","felt":null,"cdi":null,"mmi":null,"alert":null,"status":"automatic","tsunami":0,"sig":23,"net":"ci","code":"41435856","ids":",ci41435856,","sources":",ci,","types":",nearby-cities,origin,phase-data,scitech-link,","nst":44,"dmin":0.03301,"rms":0.18,"gap":61,"magType":"ml","type":"earthquake","title":"M 1.2 - 20 km NNE of Indio, CA"},"geometry":{"type":"Point","coordinates":[-116.166666666667,33.8928333333333,4.69]},"id":"ci41435856"},
{"type":"Feature","properties":{"mag":2.08,"place":"14 km NE of Milford, Utah","time":1775673100930,"updated":1775673608600,"tz":null,"url":"https://earthquake.usgs.gov/earthquakes/eventpage/uu80135196","detail":"https://earthquake.usgs.gov/earthquakes/feed/v1.0/detail/uu80135196.geojson","felt":null,"cdi":null,"mmi":null,"alert":null,"status":"reviewed","tsunami":0,"sig":67,"net":"uu","code":"80135196","ids":",uu80135196,","sources":",uu,","types":",origin,phase-data,","nst":15,"dmin":0.02424,"rms":0.140000001,"gap":90,"magType":"ml","type":"earthquake","title":"M 2.1 - 14 km NE of Milford, Utah"},"geometry":{"type":"Point","coordinates":[-112.917167663574,38.5053329467773,-0.0799999982118607]},"id":"uu80135196"},
{"type":"Feature","properties":{"mag":1.18,"place":"6 km NNW of Lakeside, CA","time":1775672905150,"updated":1775673109600,"tz":null,"url":"https://earthquake.usgs.gov/earthquakes/eventpage/ci41435848","detail":"https://earthquake.usgs.gov/earthquakes/feed/v1.0/detail/ci41435848.geojson","felt":null,"cdi":null,"mmi":null,"alert":null,"status":"automatic","tsunami":0,"sig":21,"net":"ci","code":"41435848","ids":",ci41435848,","sources":",ci,","types":",nearby-cities,origin,phase-data,scitech-link,","nst":38,"dmin":0.08943,"rms":0.23,"gap":107,"magType":"ml","type":"earthquake","title":"M 1.2 - 6 km NNW of Lakeside, CA"},"geometry":{"type":"Point","coordinates":[-116.950833333333,32.9038333333333,4.06]},"id":"ci41435848"},
{"type":"Feature","properties":{"mag":2.1,"place":"153 km ESE of McCarthy, Alaska","time":1775672515970,"updated":1775675719781,"tz":null,"url":"https://earthquake.usgs.gov/earthquakes/eventpage/aka2026gxlyyw","detail":"https://earthquake.usgs.gov/earthquakes/feed/v1.0/detail/aka2026gxlyyw.geojson","felt":null,"cdi":null,"mmi":null,"alert":null,"status":"reviewed","tsunami":0,"sig":68,"net":"ak","code":"a2026gxlyyw","ids":",aka2026gxlyyw,","sources":",ak,","types":",origin,phase-data,","nst":17,"dmin":0.4,"rms":0.6,"gap":67,"magType":"ml","type":"earthquake","title":"M 2.1 - 153 km ESE of McCarthy, Alaska"},"geometry":{"type":"Point","coordinates":[-140.193,61.024,6.8]},"id":"aka2026gxlyyw"},
{"type":"Feature","properties":{"mag":1.6,"place":"158 km ESE of McCarthy, Alaska","time":1775672352249,"updated":1775675642491,"tz":null,"url":"https://earthquake.usgs.gov/earthquakes/eventpage/aka2026gxlwof","detail":"https://earthquake.usgs.gov/earthquakes/feed/v1.0/detail/aka2026gxlwof.geojson","felt":null,"cdi":null,"mmi":null,"alert":null,"status":"reviewed","tsunami":0,"sig":39,"net":"ak","code":"a2026gxlwof","ids":",aka2026gxlwof,","sources":",ak,","types":",origin,phase-data,","nst":7,"dmin":0.5,"rms":0.5,"gap":194,"magType":"ml","type":"earthquake","title":"M 1.6 - 158 km ESE of McCarthy, Alaska"},"geometry":{"type":"Point","coordinates":[-140.12,61.001,15.2]},"id":"aka2026gxlwof"},
{"type":"Feature","properties":{"mag":1.1,"place":"36 km E of Bonanza, Oregon","time":1775672020580,"updated":1775676667830,"tz":null,"url":"https://earthquake.usgs.gov/earthquakes/eventpage/uw62232387","detail":"https://earthquake.usgs.gov/earthquakes/feed/v1.0/detail/uw62232387.geojson","felt":null,"cdi":null,"mmi":null,"alert":null,"status":"reviewed","tsunami":0,"sig":19,"net":"uw","code":"62232387","ids":",uw62232387,","sources":",uw,","types":",origin,phase-data,","nst":9,"dmin":0.254,"rms":0.1,"gap":82,"magType":"ml","type":"earthquake","title":"M 1.1 - 36 km E of Bonanza, Oregon"},"geometry":{"type":"Point","coordinates":[-120.96983333333333,42.146166666666666,5.25]},"id":"uw62232387"},
{"type":"Feature","properties":{"mag":4.5,"place":"96 km N of Akutan, Alaska","time":1775671841096,"updated":1775674635040,"tz":null,"url":"https://earthquake.usgs.gov/earthquakes/eventpage/us6000snj3","detail":"https://earthquake.usgs.gov/earthquakes/feed/v1.0/detail/us6000snj3.geojson","felt":null,"cdi":null,"mmi":1.546,"alert":null,"status":"reviewed","tsunami":0,"sig":312,"net":"us","code":"6000snj3","ids":",aka2026gxlpgk,us6000snj3,","sources":",ak,us,","types":",origin,phase-data,shakemap,","nst":150,"dmin":0.716,"rms":0.78,"gap":34,"magType":"mb","type":"earthquake","title":"M 4.5 - 96 km N of Akutan, Alaska"},"geometry":{"type":"Point","coordinates":[-165.7699,54.9978,187.776]},"id":"us6000snj3"},
{"type":"Feature","properties":{"mag":0.93,"place":"2 km WNW of The Geysers, CA","time":1775671615740,"updated":1775671710529,"tz":null,"url":"https://earthquake.usgs.gov/earthquakes/eventpage/nc75341147","detail":"https://earthquake.usgs.gov/earthquakes/feed/v1.0/detail/nc75341147.geojson","felt":null,"cdi":null,"mmi":null,"alert":null,"status":"automatic","tsunami":0,"sig":13,"net":"nc","code":"75341147","ids":",nc75341147,","sources":",nc,","types":",nearby-cities,origin,phase-data,","nst":14,"dmin":0.01042,"rms":0.02,"gap":86,"magType":"md","type":"earthquake","title":"M 0.9 - 2 km WNW of The Geysers, CA"},"geometry":{"type":"Point","coordinates":[-122.778663635254,38.7856674194336,3.26999998092651]},"id":"nc75341147"},
{"type":"Feature","properties":{"mag":1.98,"place":"2 km E of Redlands, CA","time":1775671449670,"updated":1775672259030,"tz":null,"url":"https://earthquake.usgs.gov/earthquakes/eventpage/ci41435800","detail":"https://earthquake.usgs.gov/earthquakes/feed/v1.0/detail/ci41435800.geojson","felt":null,"cdi":null,"mmi":null,"alert":null,"status":"automatic","tsunami":0,"sig":60,"net":"ci","code":"41435800","ids":",ci41435800,","sources":",ci,","types":",focal-mechanism,nearby-cities,origin,phase-data,scitech-link,","nst":93,"dmin":0.04413,"rms":0.17,"gap":24,"magType":"ml","type":"earthquake","title":"M 2.0 - 2 km E of Redlands, CA"},"geometry":{"type":"Point","coordinates":[-117.158833333333,34.057,12.9]},"id":"ci41435800"},
{"type":"Feature","properties":{"mag":1.8,"place":"55 km SSW of Skwentna, Alaska","time":1775671132615,"updated":1775715630500,"tz":null,"url":"https://earthquake.usgs.gov/earthquakes/eventpage/aka2026gxlfbk","detail":"https://earthquake.usgs.gov/earthquakes/feed/v1.0/detail/aka2026gxlfbk.geojson","felt":null,"cdi":null,"mmi":null,"alert":null,"status":"reviewed","tsunami":0,"sig":50,"net":"ak","code":"a2026gxlfbk","ids":",av94135348,aka2026gxlfbk,","sources":",av,ak,","types":",origin,phase-data,","nst":29,"dmin":0.1,"rms":0.9,"gap":52,"magType":"ml","type":"earthquake","title":"M 1.8 - 55 km SSW of Skwentna, Alaska"},"geometry":{"type":"Point","coordinates":[-151.89,61.552,13.8]},"id":"aka2026gxlfbk"},
{"type":"Feature","properties":{"mag":1.7,"place":"152 km ESE of McCarthy, Alaska","time":1775671026277,"updated":1775675472524,"tz":null,"url":"https://earthquake.usgs.gov/earthquakes/eventpage/aka2026gxldna","detail":"https://earthquake.usgs.gov/earthquakes/feed/v1.0/detail/aka2026gxldna.geojson","felt":null,"cdi":null,"mmi":null,"alert":null,"status":"reviewed","tsunami":0,"sig":44,"net":"ak","code":"a2026gxldna","ids":",aka2026gxldna,","sources":",ak,","types":",origin,phase-data,","nst":14,"dmin":0.4,"rms":0.5,"gap":106,"magType":"ml","type":"earthquake","title":"M 1.7 - 152 km ESE of McCarthy, Alaska"},"geometry":{"type":"Point","coordinates":[-140.219,61.016,4.6]},"id":"aka2026gxldna"},
{"type":"Feature","properties":{"mag":0.7,"place":"41 km W of Tyonek, Alaska","time":1775670883157,"updated":1775671372835,"tz":null,"url":"https://earthquake.usgs.gov/earthquakes/eventpage/aka2026gxlbms","detail":"https://earthquake.usgs.gov/earthquakes/feed/v1.0/detail/aka2026gxlbms.geojson","felt":null,"cdi":null,"mmi":null,"alert":null,"status":"automatic","tsunami":0,"sig":8,"net":"ak","code":"a2026gxlbms","ids":",aka2026gxlbms,","sources":",ak,","types":",origin,","nst":8,"dmin":0.1,"rms":0.7,"gap":158,"magType":"ml","type":"earthquake","title":"M 0.7 - 41 km W of Tyonek, Alaska"},"geometry":{"type":"Point","coordinates":[-151.885,61.135,114.9]},"id":"aka2026gxlbms"},
{"type":"Feature","properties":{"mag":2.27,"place":"36 km E of Bonanza, Oregon","time":1775670683800,"updated":1775672744420,"tz":null,"url":"https://earthquake.usgs.gov/earthquakes/eventpage/uw62232382","detail":"https://earthquake.usgs.gov/earthquakes/feed/v1.0/detail/uw62232382.geojson","felt":null,"cdi":null,"mmi":null,"alert":null,"status":"reviewed","tsunami":0,"sig":79,"net":"uw","code":"62232382","ids":",uw62232382,","sources":",uw,","types":",origin,phase-data,","nst":14,"dmin":0.2591,"rms":0.17,"gap":82,"magType":"ml","type":"earthquake","title":"M 2.3 - 36 km E of Bonanza, Oregon"},"geometry":{"type":"Point","coordinates":[-120.965,42.150333333333336,2.63]},"id":"uw62232382"},
{"type":"Feature","properties":{"mag":1.82,"place":"37 km E of Bonanza, Oregon","time":1775670643370,"updated":1775672463110,"tz":null,"url":"https://earthquake.usgs.gov/earthquakes/eventpage/uw62232377","detail":"https://earthquake.usgs.gov/earthquakes/feed/v1.0/detail/uw62232377.geojson","felt":null,"cdi":null,"mmi":null,"alert":null,"status":"reviewed","tsunami":0,"sig":51,"net":"uw","code":"62232377","ids":",uw62232377,","sources":",uw,","types":",origin,phase-data,","nst":10,"dmin":0.2593,"rms":0.12,"gap":84,"magType":"ml","type":"earthquake","title":"M 1.8 - 37 km E of Bonanza, Oregon"},"geometry":{"type":"Point","coordinates":[-120.95933333333333,42.142,6.49]},"id":"uw62232377"},
{"type":"Feature","properties":{"mag":2.43,"place":"45 km ESE of Naalehu, Hawaii","time":1775669950060,"updated":1775679523670,"tz":null,"url":"https://earthquake.usgs.gov/earthquakes/eventpage/hv74934077","detail":"https://earthquake.usgs.gov/earthquakes/feed/v1.0/detail/hv74934077.geojson","felt":null,"cdi":null,"mmi":null,"alert":null,"status":"reviewed","tsunami":0,"sig":91,"net":"hv","code":"74934077","ids":",hv74934077,","sources":",hv,","types":",origin,phase-data,","nst":50,"dmin":0.3705,"rms":0.13,"gap":258,"magType":"ml","type":"earthquake","title":"M 2.4 - 45 km ESE of Naalehu, Hawaii"},"geometry":{"type":"Point","coordinates":[-155.187333333333,18.89,24.94]},"id":"hv74934077"},
{"type":"Feature","properties":{"mag":1.8,"place":"154 km ESE of McCarthy, Alaska","time":1775669373424,"updated":1775675416741,"tz":null,"url":"https://earthquake.usgs.gov/earthquakes/eventpage/aka2026gxkfur","detail":"https://earthquake.usgs.gov/earthquakes/feed/v1.0/detail/aka2026gxkfur.geojson","felt":null,"cdi":null,"mmi":null,"alert":null,"status":"reviewed","tsunami":0,"sig":50,"net":"ak","code":"a2026gxkfur","ids":",aka2026gxkfur,","sources":",ak,","types":",origin,phase-data,","nst":15,"dmin":0.4,"rms":0.6,"gap":67,"magType":"ml","type":"earthquake","title":"M 1.8 - 154 km ESE of McCarthy, Alaska"},"geometry":{"type":"Point","coordinates":[-140.183,61.019,7.9]},"id":"aka2026gxkfur"},
{"type":"Feature","properties":{"mag":1.1,"place":"22 km WNW of Mentone, Texas","time":1775669291253,"updated":1775682509123,"tz":null,"url":"https://earthquake.usgs.gov/earthquakes/eventpage/tx2026gxkelv","detail":"https://earthquake.usgs.gov/earthquakes/feed/v1.0/detail/tx2026gxkelv.geojson","felt":null,"cdi":null,"mmi":null,"alert":null,"status":"reviewed","tsunami":0,"sig":19,"net":"tx","code":"2026gxkelv","ids":",tx2026gxkelv,","sources":",tx,","types":",origin,phase-data,","nst":15,"dmin":0,"rms":0.1,"gap":61,"magType":"ml","type":"earthquake","title":"M 1.1 - 22 km WNW of Mentone, Texas"},"geometry":{"type":"Point","coordinates":[-103.826,31.761,7.9327]},"id":"tx2026gxkelv"},
{"type":"Feature","properties":{"mag":2.1,"place":"77 km SSE of King Cove, Alaska","time":1775668912768,"updated":1775675211712,"tz":null,"url":"https://earthquake.usgs.gov/earthquakes/eventpage/aka2026gxjzer","detail":"https://earthquake.usgs.gov/earthquakes/feed/v1.0/detail/aka2026gxjzer.geojson","felt":null,"cdi":null,"mmi":null,"alert":null,"status":"reviewed","tsunami":0,"sig":68,"net":"ak","code":"a2026gxjzer","ids":",aka2026gxjzer,","sources":",ak,","types":",origin,phase-data,","nst":11,"dmin":0.6,"rms":0.3,"gap":286,"magType":"ml","type":"earthquake","title":"M 2.1 - 77 km SSE of King Cove, Alaska"},"geometry":{"type":"Point","coordinates":[-161.711,54.458,9.9]},"id":"aka2026gxjzer"},
{"type":"Feature","properties":{"mag":0.58,"place":"4 km NNE of Coso Junction, CA","time":1775668584120,"updated":1775673017485,"tz":null,"url":"https://earthquake.usgs.gov/earthquakes/eventpage/ci41435744","detail":"https://earthquake.usgs.gov/earthquakes/feed/v1.0/detail/ci41435744.geojson","felt":null,"cdi":null,"mmi":null,"alert":null,"status":"reviewed","tsunami":0,"sig":5,"net":"ci","code":"41435744","ids":",ci41435744,","sources":",ci,","types":",nearby-cities,origin,phase-data,scitech-link,","nst":15,"dmin":0.0404,"rms":0.13,"gap":72,"magType":"ml","type":"earthquake","title":"M 0.6 - 4 km NNE of Coso Junction, CA"},"geometry":{"type":"Point","coordinates":[-117.924,36.0788333333333,8.2]},"id":"ci41435744"},
{"type":"Feature","properties":{"mag":0.76,"place":"7 km NW of The Geysers, CA","time":1775668478630,"updated":1775668576091,"tz":null,"url":"https://earthquake.usgs.gov/earthquakes/eventpage/nc75341102","detail":"https://earthquake.usgs.gov/earthquakes/feed/v1.0/detail/nc75341102.geojson","felt":null,"cdi":null,"mmi":null,"alert":null,"status":"automatic","tsunami":0,"sig":9,"net":"nc","code":"75341102","ids":",nc75341102,","sources":",nc,","types":",nearby-cities,origin,phase-data,","nst":13,"dmin":0.000958,"rms":0.02,"gap":55,"magType":"md","type":"earthquake","title":"M 0.8 - 7 km NW of The Geysers, CA"},"geometry":{"type":"Point","coordinates":[-122.811164855957,38.8238334655762,2.4300000667572]},"id":"nc75341102"},
{"type":"Feature","properties":{"mag":1.2,"place":"35 km SE of Malaga, New Mexico","time":1775668388573,"updated":1775729833353,"tz":null,"url":"https://earthquake.usgs.gov/earthquakes/eventpage/tx2026gxjrrf","detail":"https://earthquake.usgs.gov/earthquakes/feed/v1.0/detail/tx2026gxjrrf.geojson","felt":null,"cdi":null,"mmi":null,"alert":null,"status":"reviewed","tsunami":0,"sig":22,"net":"tx","code":"2026gxjrrf","ids":",tx2026gxjrrf,","sources":",tx,","types":",origin,phase-data,","nst":19,"dmin":0,"rms":0.1,"gap":62,"magType":"ml","type":"earthquake","title":"M 1.2 - 35 km SE of Malaga, New Mexico"},"geometry":{"type":"Point","coordinates":[-103.796,32.005,7.8815]},"id":"tx2026gxjrrf"},
{"type":"Feature","properties":{"mag":1.08,"place":"8 km E of Ridgecrest, CA","time":1775668036390,"updated":1775699019632,"tz":null,"url":"https://earthquake.usgs.gov/earthquakes/eventpage/ci41435712","detail":"https://earthquake.usgs.gov/earthquakes/feed/v1.0/detail/ci41435712.geojson","felt":null,"cdi":null,"mmi":null,"alert":null,"status":"reviewed","tsunami":0,"sig":18,"net":"ci","code":"41435712","ids":",ci41435712,","sources":",ci,","types":",nearby-cities,origin,phase-data,scitech-link,","nst":32,"dmin":0.08371,"rms":0.15,"gap":64,"magType":"ml","type":"earthquake","title":"M 1.1 - 8 km E of Ridgecrest, CA"},"geometry":{"type":"Point","coordinates":[-117.590666666667,35.6093333333333,6.34]},"id":"ci41435712"},
{"type":"Feature","properties":{"mag":2.9,"place":"112 km ESE of Akutan, Alaska","time":1775667764513,"updated":1775684567040,"tz":null,"url":"https://earthquake.usgs.gov/earthquakes/eventpage/us6000snjd","detail":"https://earthquake.usgs.gov/earthquakes/feed/v1.0/detail/us6000snjd.geojson","felt":null,"cdi":null,"mmi":null,"alert":null,"status":"reviewed","tsunami":0,"sig":129,"net":"us","code":"6000snjd","ids":",aka2026gxjirn,us6000snjd,","sources":",ak,us,","types":",origin,phase-data,","nst":26,"dmin":0.758,"rms":1.2,"gap":213,"magType":"ml","type":"earthquake","title":"M 2.9 - 112 km ESE of Akutan, Alaska"},"geometry":{"type":"Point","coordinates":[-164.1858,53.753,10]},"id":"us6000snjd"},
{"type":"Feature","properties":{"mag":0.97,"place":"8 km NW of The Geysers, CA","time":1775667728000,"updated":1775667826142,"tz":null,"url":"https://earthquake.usgs.gov/earthquakes/eventpage/nc75341097","detail":"https://earthquake.usgs.gov/earthquakes/feed/v1.0/detail/nc75341097.geojson","felt":null,"cdi":null,"mmi":null,"alert":null,"status":"automatic","tsunami":0,"sig":14,"net":"nc","code":"75341097","ids":",nc75341097,","sources":",nc,","types":",nearby-cities,origin,phase-data,","nst":18,"dmin":0.008854,"rms":0.01,"gap":56,"magType":"md","type":"earthquake","title":"M 1.0 - 8 km NW of The Geysers, CA"},"geometry":{"type":"Point","coordinates":[-122.814163208008,38.8316650390625,2.21000003814697]},"id":"nc75341097"},
{"type":"Feature","properties":{"mag":1.8,"place":"35 km SE of Malaga, New Mexico","time":1775667548886,"updated":1775680547834,"tz":null,"url":"https://earthquake.usgs.gov/earthquakes/eventpage/tx2026gxjfoa","detail":"https://earthquake.usgs.gov/earthquakes/feed/v1.0/detail/tx2026gxjfoa.geojson","felt":null,"cdi":null,"mmi":null,"alert":null,"status":"reviewed","tsunami":0,"sig":50,"net":"tx","code":"2026gxjfoa","ids":",tx2026gxjfoa,","sources":",tx,","types":",origin,phase-data,","nst":14,"dmin":0,"rms":0.1,"gap":60,"magType":"ml","type":"earthquake","title":"M 1.8 - 35 km SE of Malaga, New Mexico"},"geometry":{"type":"Point","coordinates":[-103.8,32.009,8.0353]},"id":"tx2026gxjfoa"},
{"type":"Feature","properties":{"mag":1.9,"place":"67 km SE of Pope-Vannoy Landing, Alaska","time":1775667157646,"updated":1775674586110,"tz":null,"url":"https://earthquake.usgs.gov/earthquakes/eventpage/aka2026gxizzg","detail":"https://earthquake.usgs.gov/earthquakes/feed/v1.0/detail/aka2026gxizzg.geojson","felt":null,"cdi":null,"mmi":null,"alert":null,"status":"reviewed","tsunami":0,"sig":56,"net":"ak","code":"a2026gxizzg","ids":",aka2026gxizzg,","sources":",ak,","types":",origin,phase-data,","nst":32,"dmin":0.2,"rms":0.4,"gap":68,"magType":"ml","type":"earthquake","title":"M 1.9 - 67 km SE of Pope-Vannoy Landing, Alaska"},"geometry":{"type":"Point","coordinates":[-153.544,59.194,96.4]},"id":"aka2026gxizzg"},
{"type":"Feature","properties":{"mag":2.1,"place":"94 km W of Akhiok, Alaska","time":1775666092151,"updated":1775674504482,"tz":null,"url":"https://earthquake.usgs.gov/earthquakes/eventpage/aka2026gxikms","detail":"https://earthquake.usgs.gov/earthquakes/feed/v1.0/detail/aka2026gxikms.geojson","felt":null,"cdi":null,"mmi":null,"alert":null,"status":"reviewed","tsunami":0,"sig":68,"net":"ak","code":"a2026gxikms","ids":",aka2026gxikms,","sources":",ak,","types":",origin,phase-data,","nst":31,"dmin":0.7,"rms":0.4,"gap":179,"magType":"ml","type":"earthquake","title":"M 2.1 - 94 km W of Akhiok, Alaska"},"geometry":{"type":"Point","coordinates":[-155.707,57.055,66.8]},"id":"aka2026gxikms"},
{"type":"Feature","properties":{"mag":0.77,"place":"6 km W of Cobb, CA","time":1775665532200,"updated":1775665626014,"tz":null,"url":"https://earthquake.usgs.gov/earthquakes/eventpage/nc75341092","detail":"https://earthquake.usgs.gov/earthquakes/feed/v1.0/detail/nc75341092.geojson","felt":null,"cdi":null,"mmi":null,"alert":null,"status":"automatic","tsunami":0,"sig":9,"net":"nc","code":"75341092","ids":",nc75341092,","sources":",nc,","types":",nearby-cities,origin,phase-data,","nst":15,"dmin":0.006232,"rms":0.02,"gap":82,"magType":"md","type":"earthquake","title":"M 0.8 - 6 km W of Cobb, CA"},"geometry":{"type":"Point","coordinates":[-122.792167663574,38.832332611084,2.51999998092651]},"id":"nc75341092"},
{"type":"Feature","properties":{"mag":1.3,"place":"22 km NW of Westbrook, Texas","time":1775665520735,"updated":1775726016722,"tz":null,"url":"https://earthquake.usgs.gov/earthquakes/eventpage/tx2026gxicka","detail":"https://earthquake.usgs.gov/earthquakes/feed/v1.0/detail/tx2026gxicka.geojson","felt":null,"cdi":null,"mmi":null,"alert":null,"status":"reviewed","tsunami":0,"sig":26,"net":"tx","code":"2026gxicka","ids":",tx2026gxicka,","sources":",tx,","types":",origin,phase-data,","nst":23,"dmin":0.1,"rms":0.2,"gap":63,"magType":"ml","type":"earthquake","title":"M 1.3 - 22 km NW of Westbrook, Texas"},"geometry":{"type":"Point","coordinates":[-101.184,32.503,6.2988]},"id":"tx2026gxicka"},
{"type":"Feature","properties":{"mag":1.8,"place":"43 km NNE of Chenega, Alaska","time":1775665132633,"updated":1775674423037,"tz":null,"url":"https://earthquake.usgs.gov/earthquakes/eventpage/aka2026gxhwwu","detail":"https://earthquake.usgs.gov/earthquakes/feed/v1.0/detail/aka2026gxhwwu.geojson","felt":null,"cdi":null,"mmi":null,"alert":null,"status":"reviewed","tsunami":0,"sig":50,"net":"ak","code":"a2026gxhwwu","ids":",aka2026gxhwwu,","sources":",ak,","types":",origin,phase-data,","nst":14,"dmin":0.5,"rms":0.7,"gap":93,"magType":"ml","type":"earthquake","title":"M 1.8 - 43 km NNE of Chenega, Alaska"},"geometry":{"type":"Point","coordinates":[-147.807,60.443,15.2]},"id":"aka2026gxhwwu"},
{"type":"Feature","properties":{"mag":4.9,"place":"105 km E of Maumere, Indonesia","time":1775665066884,"updated":1775667626040,"tz":null,"url":"https://earthquake.usgs.gov/earthquakes/eventpage/us7000sbbx","detail":"https://earthquake.usgs.gov/earthquakes/feed/v1.0/detail/us7000sbbx.geojson","felt":null,"cdi":null,"mmi":null,"alert":null,"status":"reviewed","tsunami":0,"sig":369,"net":"us","code":"7000sbbx","ids":",us7000sbbx,","sources":",us,","types":",origin,phase-data,","nst":53,"dmin":1.63,"rms":0.77,"gap":56,"magType":"mb","type":"earthquake","title":"M 4.9 - 105 km E of Maumere, Indonesia"},"geometry":{"type":"Point","coordinates":[123.1638,-8.5344,10.401]},"id":"us7000sbbx"},
{"type":"Feature","properties":{"mag":2.3,"place":"21 km W of Salamatof, Alaska","time":1775664716134,"updated":1775673859173,"tz":null,"url":"https://earthquake.usgs.gov/earthquakes/eventpage/aka2026gxhqxn","detail":"https://earthquake.usgs.gov/earthquakes/feed/v1.0/detail/aka2026gxhqxn.geojson","felt":1,"cdi":1,"mmi":null,"alert":null,"status":"reviewed","tsunami":0,"sig":81,"net":"ak","code":"a2026gxhqxn","ids":",aka2026gxhqxn,","sources":",ak,","types":",dyfi,origin,phase-data,","nst":67,"dmin":0.2,"rms":0.6,"gap":38,"magType":"ml","type":"earthquake","title":"M 2.3 - 21 km W of Salamatof, Alaska"},"geometry":{"type":"Point","coordinates":[-151.713,60.633,79.3]},"id":"aka2026gxhqxn"},
{"type":"Feature","properties":{"mag":2.28,"place":"2 km SSW of Pāhoa, Hawaii","time":1775664635120,"updated":1775668800240,"tz":null,"url":"https://earthquake.usgs.gov/earthquakes/eventpage/hv74933997","detail":"https://earthquake.usgs.gov/earthquakes/feed/v1.0/detail/hv74933997.geojson","felt":null,"cdi":null,"mmi":null,"alert":null,"status":"reviewed","tsunami":0,"sig":80,"net":"hv","code":"74933997","ids":",hv74933997,","sources":",hv,","types":",origin,phase-data,","nst":48,"dmin":0.01173,"rms":0.12,"gap":132,"magType":"ml","type":"earthquake","title":"M 2.3 - 2 km SSW of Pāhoa, Hawaii"},"geometry":{"type":"Point","coordinates":[-154.952666666667,19.472,42.86]},"id":"hv74933997"},
{"type":"Feature","properties":{"mag":1.18,"place":"11 km N of Grapevine, CA","time":1775664410620,"updated":1775664619104,"tz":null,"url":"https://earthquake.usgs.gov/earthquakes/eventpage/ci41435600","detail":"https://earthquake.usgs.gov/earthquakes/feed/v1.0/detail/ci41435600.geojson","felt":null,"cdi":null,"mmi":null,"alert":null,"status":"automatic","tsunami":0,"sig":21,"net":"ci","code":"41435600","ids":",ci41435600,","sources":",ci,","types":",nearby-cities,origin,phase-data,scitech-link,","nst":28,"dmin":0.1196,"rms":0.16,"gap":95,"magType":"ml","type":"earthquake","title":"M 1.2 - 11 km N of Grapevine, CA"},"geometry":{"type":"Point","coordinates":[-118.937,35.042,14.01]},"id":"ci41435600"},
{"type":"Feature","properties":{"mag":0.71,"place":"26 km ESE of Castle Rock, Washington","time":1775663159270,"updated":1775676460870,"tz":null,"url":"https://earthquake.usgs.gov/earthquakes/eventpage/uw62232352","detail":"https://earthquake.usgs.gov/earthquakes/feed/v1.0/detail/uw62232352.geojson","felt":null,"cdi":null,"mmi":null,"alert":null,"status":"reviewed","tsunami":0,"sig":8,"net":"uw","code":"62232352","ids":",uw62232352,","sources":",uw,","types":",origin,phase-data,","nst":13,"dmin":0.08324,"rms":0.09,"gap":136,"magType":"ml","type":"earthquake","title":"M 0.7 - 26 km ESE of Castle Rock, Washington"},"geometry":{"type":"Point","coordinates":[-122.56666666666666,46.22,10.4]},"id":"uw62232352"},
{"type":"Feature","properties":{"mag":0.69,"place":"7 km WSW of Anza, CA","time":1775662926130,"updated":1775685281764,"tz":null,"url":"https://earthquake.usgs.gov/earthquakes/eventpage/ci41435568","detail":"https://earthquake.usgs.gov/earthquakes/feed/v1.0/detail/ci41435568.geojson","felt":null,"cdi":null,"mmi":null,"alert":null,"status":"reviewed","tsunami":0,"sig":7,"net":"ci","code":"41435568","ids":",ci41435568,","sources":",ci,","types":",nearby-cities,origin,phase-data,scitech-link,","nst":33,"dmin":0.0465,"rms":0.17,"gap":45,"magType":"ml","type":"earthquake","title":"M 0.7 - 7 km WSW of Anza, CA"},"geometry":{"type":"Point","coordinates":[-116.740666666667,33.5188333333333,3.96]},"id":"ci41435568"},
{"type":"Feature","properties":{"mag":1.85,"place":"4 km SSW of Pāhala, Hawaii","time":1775662528650,"updated":1775683759640,"tz":null,"url":"https://earthquake.usgs.gov/earthquakes/eventpage/hv74933987","detail":"https://earthquake.usgs.gov/earthquakes/feed/v1.0/detail/hv74933987.geojson","felt":null,"cdi":null,"mmi":null,"alert":null,"status":"reviewed","tsunami":0,"sig":53,"net":"hv","code":"74933987","ids":",hv74933987,","sources":",hv,","types":",origin,phase-data,","nst":36,"dmin":0.03058,"rms":0.13,"gap":110,"magType":"ml","type":"earthquake","title":"M 1.9 - 4 km SSW of Pāhala, Hawaii"},"geometry":{"type":"Point","coordinates":[-155.492,19.1671666666667,30.67]},"id":"hv74933987"},
{"type":"Feature","properties":{"mag":1.9,"place":"10 km N of Pawnee, Texas","time":1775662243635,"updated":1775662443869,"tz":null,"url":"https://earthquake.usgs.gov/earthquakes/eventpage/tx2026gxghkj","detail":"https://earthquake.usgs.gov/earthquakes/feed/v1.0/detail/tx2026gxghkj.geojson","felt":null,"cdi":null,"mmi":null,"alert":null,"status":"automatic","tsunami":0,"sig":56,"net":"tx","code":"2026gxghkj","ids":",tx2026gxghkj,","sources":",tx,","types":",origin,phase-data,","nst":7,"dmin":0.4,"rms":0.5,"gap":178,"magType":"ml","type":"earthquake","title":"M 1.9 - 10 km N of Pawnee, Texas"},"geometry":{"type":"Point","coordinates":[-98.007,28.749,0]},"id":"tx2026gxghkj"},
{"type":"Feature","properties":{"mag":1.2,"place":"10 km NW of Parkfield, CA","time":1775662159610,"updated":1775665640590,"tz":null,"url":"https://earthquake.usgs.gov/earthquakes/eventpage/nc75341067","detail":"https://earthquake.usgs.gov/earthquakes/feed/v1.0/detail/nc75341067.geojson","felt":null,"cdi":null,"mmi":null,"alert":null,"status":"automatic","tsunami":0,"sig":22,"net":"nc","code":"75341067","ids":",nc75341067,","sources":",nc,","types":",nearby-cities,origin,phase-data,scitech-link,","nst":16,"dmin":0.01812,"rms":0.04,"gap":94,"magType":"md","type":"earthquake","title":"M 1.2 - 10 km NW of Parkfield, CA"},"geometry":{"type":"Point","coordinates":[-120.518501281738,35.9471664428711,12.3500003814697]},"id":"nc75341067"},
{"type":"Feature","properties":{"mag":1.3,"place":"17 km NNE of Hermleigh, Texas","time":1775662140729,"updated":1775730473164,"tz":null,"url":"https://earthquake.usgs.gov/earthquakes/eventpage/tx2026gxgfyc","detail":"https://earthquake.usgs.gov/earthquakes/feed/v1.0/detail/tx2026gxgfyc.geojson","felt":null,"cdi":null,"mmi":null,"alert":null,"status":"reviewed","tsunami":0,"sig":26,"net":"tx","code":"2026gxgfyc","ids":",tx2026gxgfyc,","sources":",tx,","types":",origin,phase-data,","nst":12,"dmin":0.1,"rms":0.2,"gap":78,"magType":"ml","type":"earthquake","title":"M 1.3 - 17 km NNE of Hermleigh, Texas"},"geometry":{"type":"Point","coordinates":[-100.662,32.771,6.6162]},"id":"tx2026gxgfyc"},
{"type":"Feature","properties":{"mag":-0.67,"place":"68 km WNW of Tyonek, Alaska","time":1775661928540,"updated":1775714099190,"tz":null,"url":"https://earthquake.usgs.gov/earthquakes/eventpage/av94135138","detail":"https://earthquake.usgs.gov/earthquakes/feed/v1.0/detail/av94135138.geojson","felt":null,"cdi":null,"mmi":null,"alert":null,"status":"reviewed","tsunami":0,"sig":0,"net":"av","code":"94135138","ids":",av94135138,","sources":",av,","types":",origin,phase-data,","nst":6,"dmin":0.04279,"rms":0.03,"gap":159,"magType":"ml","type":"earthquake","title":"M -0.7 - 68 km WNW of Tyonek, Alaska"},"geometry":{"type":"Point","coordinates":[-152.322333333333,61.2943333333333,1.98]},"id":"av94135138"},
{"type":"Feature","properties":{"mag":5,"place":"western Indian-Antarctic Ridge","time":1775661243918,"updated":1775666875040,"tz":null,"url":"https://earthquake.usgs.gov/earthquakes/eventpage/us7000sbbr","detail":"https://earthquake.usgs.gov/earthquakes/feed/v1.0/detail/us7000sbbr.geojson","felt":null,"cdi":null,"mmi":null,"alert":null,"status":"reviewed","tsunami":0,"sig":385,"net":"us","code":"7000sbbr","ids":",us7000sbbr,","sources":",us,","types":",origin,phase-data,","nst":19,"dmin":17.645,"rms":0.75,"gap":146,"magType":"mww","type":"earthquake","title":"M 5.0 - western Indian-Antarctic Ridge"},"geometry":{"type":"Point","coordinates":[125.5082,-49.4766,29.265]},"id":"us7000sbbr"},
{"type":"Feature","properties":{"mag":-0.81,"place":"67 km ENE of Pedro Bay, Alaska","time":1775660943120,"updated":1775710316140,"tz":null,"url":"https://earthquake.usgs.gov/earthquakes/eventpage/av94135118","detail":"https://earthquake.usgs.gov/earthquakes/feed/v1.0/detail/av94135118.geojson","felt":null,"cdi":null,"mmi":null,"alert":null,"status":"reviewed","tsunami":0,"sig":0,"net":"av","code":"94135118","ids":",av94135118,","sources":",av,","types":",origin,phase-data,","nst":5,"dmin":0.02014,"rms":0.18,"gap":275,"magType":"ml","type":"earthquake","title":"M -0.8 - 67 km ENE of Pedro Bay, Alaska"},"geometry":{"type":"Point","coordinates":[-153.041666666667,60.0741666666667,4.12]},"id":"av94135118"},
{"type":"Feature","properties":{"mag":0.24,"place":"5 km WNW of Cobb, CA","time":1775660854720,"updated":1775660951124,"tz":null,"url":"https://earthquake.usgs.gov/earthquakes/eventpage/nc75341057","detail":"https://earthquake.usgs.gov/earthquakes/feed/v1.0/detail/nc75341057.geojson","felt":null,"cdi":null,"mmi":null,"alert":null,"status":"automatic","tsunami":0,"sig":1,"net":"nc","code":"75341057","ids":",nc75341057,","sources":",nc,","types":",nearby-cities,origin,phase-data,","nst":8,"dmin":0.005959,"rms":0.01,"gap":104,"magType":"md","type":"earthquake","title":"M 0.2 - 5 km WNW of Cobb, CA"},"geometry":{"type":"Point","coordinates":[-122.78150177002,38.8381652832031,1.75999999046326]},"id":"nc75341057"},
{"type":"Feature","properties":{"mag":2.5,"place":"126 km SSE of Unalaska, Alaska","time":1775660459572,"updated":1775685828040,"tz":null,"url":"https://earthquake.usgs.gov/earthquakes/eventpage/us6000snj7","detail":"https://earthquake.usgs.gov/earthquakes/feed/v1.0/detail/us6000snj7.geojson","felt":null,"cdi":null,"mmi":null,"alert":null,"status":"reviewed","tsunami":0,"sig":96,"net":"us","code":"6000snj7","ids":",aka2026gxfhtn,us6000snj7,","sources":",ak,us,","types":",origin,phase-data,","nst":20,"dmin":1.108,"rms":0.41,"gap":227,"magType":"ml","type":"earthquake","title":"M 2.5 - 126 km SSE of Unalaska, Alaska"},"geometry":{"type":"Point","coordinates":[-165.661,52.8609,10]},"id":"us6000snj7"},
{"type":"Feature","properties":{"mag":1.9,"place":"173 km NNE of Yakutat, Alaska","time":1775660408881,"updated":1775672433498,"tz":null,"url":"https://earthquake.usgs.gov/earthquakes/eventpage/aka2026gxfhjo","detail":"https://earthquake.usgs.gov/earthquakes/feed/v1.0/detail/aka2026gxfhjo.geojson","felt":null,"cdi":null,"mmi":null,"alert":null,"status":"reviewed","tsunami":0,"sig":56,"net":"ak","code":"a2026gxfhjo","ids":",aka2026gxfhjo,","sources":",ak,","types":",origin,phase-data,","nst":15,"dmin":0.5,"rms":0.9,"gap":135,"magType":"ml","type":"earthquake","title":"M 1.9 - 173 km NNE of Yakutat, Alaska"},"geometry":{"type":"Point","coordinates":[-138.399,60.96,9.7]},"id":"aka2026gxfhjo"},
{"type":"Feature","properties":{"mag":4.8,"place":"northern Mid-Atlantic Ridge","time":1775660159074,"updated":1775663187040,"tz":null,"url":"https://earthquake.usgs.gov/earthquakes/eventpage/us7000sbbp","detail":"https://earthquake.usgs.gov/earthquakes/feed/v1.0/detail/us7000sbbp.geojson","felt":null,"cdi":null,"mmi":null,"alert":null,"status":"reviewed","tsunami":0,"sig":354,"net":"us","code":"7000sbbp","ids":",us7000sbbp,","sources":",us,","types":",origin,phase-data,","nst":64,"dmin":16.048,"rms":0.56,"gap":102,"magType":"mb","type":"earthquake","title":"M 4.8 - northern Mid-Atlantic Ridge"},"geometry":{"type":"Point","coordinates":[-45.9032,23.7562,10]},"id":"us7000sbbp"},
{"type":"Feature","properties":{"mag":0.87,"place":"7 km SSE of Quilcene, Washington","time":1775660002890,"updated":1775676149460,"tz":null,"url":"https://earthquake.usgs.gov/earthquakes/eventpage/uw62232347","detail":"https://earthquake.usgs.gov/earthquakes/feed/v1.0/detail/uw62232347.geojson","felt":null,"cdi":null,"mmi":null,"alert":null,"status":"reviewed","tsunami":0,"sig":12,"net":"uw","code":"62232347","ids":",uw62232347,","sources":",uw,","types":",origin,phase-data,","nst":10,"dmin":0.07205,"rms":0.16,"gap":170,"magType":"ml","type":"earthquake","title":"M 0.9 - 7 km SSE of Quilcene, Washington"},"geometry":{"type":"Point","coordinates":[-122.829,47.765166666666666,19.34]},"id":"uw62232347"},
{"type":"Feature","properties":{"mag":0.76,"place":"4 km NE of Pinnacles, CA","time":1775659829610,"updated":1775659941055,"tz":null,"url":"https://earthquake.usgs.gov/earthquakes/eventpage/nc75341047","detail":"https://earthquake.usgs.gov/earthquakes/feed/v1.0/detail/nc75341047.geojson","felt":null,"cdi":null,"mmi":null,"alert":null,"status":"automatic","tsunami":0,"sig":9,"net":"nc","code":"75341047","ids":",nc75341047,","sources":",nc,","types":",nearby-cities,origin,phase-data,","nst":6,"dmin":0.05857,"rms":0.22,"gap":81,"magType":"md","type":"earthquake","title":"M 0.8 - 4 km NE of Pinnacles, CA"},"geometry":{"type":"Point","coordinates":[-121.113334655762,36.5636672973633,5.34999990463257]},"id":"nc75341047"},
{"type":"Feature","properties":{"mag":0.33,"place":"8 km W of Cobb, CA","time":1775659330580,"updated":1775659425947,"tz":null,"url":"https://earthquake.usgs.gov/earthquakes/eventpage/nc75341037","detail":"https://earthquake.usgs.gov/earthquakes/feed/v1.0/detail/nc75341037.geojson","felt":null,"cdi":null,"mmi":null,"alert":null,"status":"automatic","tsunami":0,"sig":2,"net":"nc","code":"75341037","ids":",nc75341037,","sources":",nc,","types":",nearby-cities,origin,phase-data,","nst":8,"dmin":0.01127,"rms":0.01,"gap":100,"magType":"md","type":"earthquake","title":"M 0.3 - 8 km W of Cobb, CA"},"geometry":{"type":"Point","coordinates":[-122.80933380127,38.8346672058105,2.23000001907349]},"id":"nc75341037"},
{"type":"Feature","properties":{"mag":1.66,"place":"21 km NW of Stanley, Idaho","time":1775658882970,"updated":1775668699380,"tz":null,"url":"https://earthquake.usgs.gov/earthquakes/eventpage/mb90130743","detail":"https://earthquake.usgs.gov/earthquakes/feed/v1.0/detail/mb90130743.geojson","felt":null,"cdi":null,"mmi":null,"alert":null,"status":"reviewed","tsunami":0,"sig":42,"net":"mb","code":"90130743","ids":",mb90130743,","sources":",mb,","types":",origin,phase-data,","nst":5,"dmin":0.3158,"rms":0.11,"gap":236,"magType":"ml","type":"earthquake","title":"M 1.7 - 21 km NW of Stanley, Idaho"},"geometry":{"type":"Point","coordinates":[-115.161166666667,44.3266666666667,5]},"id":"mb90130743"},
{"type":"Feature","properties":{"mag":0.68,"place":"24 km WNW of Inyokern, CA","time":1775658685470,"updated":1775673986909,"tz":null,"url":"https://earthquake.usgs.gov/earthquakes/eventpage/ci41435448","detail":"https://earthquake.usgs.gov/earthquakes/feed/v1.0/detail/ci41435448.geojson","felt":null,"cdi":null,"mmi":null,"alert":null,"status":"reviewed","tsunami":0,"sig":7,"net":"ci","code":"41435448","ids":",ci41435448,","sources":",ci,","types":",nearby-cities,origin,phase-data,scitech-link,","nst":19,"dmin":0.1536,"rms":0.12,"gap":63,"magType":"ml","type":"earthquake","title":"M 0.7 - 24 km WNW of Inyokern, CA"},"geometry":{"type":"Point","coordinates":[-118.061,35.7248333333333,2.96]},"id":"ci41435448"},
{"type":"Feature","properties":{"mag":1.6,"place":"110 km N of Yakutat, Alaska","time":1775658602679,"updated":1775672288195,"tz":null,"url":"https://earthquake.usgs.gov/earthquakes/eventpage/aka2026gxehcl","detail":"https://earthquake.usgs.gov/earthquakes/feed/v1.0/detail/aka2026gxehcl.geojson","felt":null,"cdi":null,"mmi":null,"alert":null,"status":"reviewed","tsunami":0,"sig":39,"net":"ak","code":"a2026gxehcl","ids":",aka2026gxehcl,","sources":",ak,","types":",origin,phase-data,","nst":11,"dmin":0.7,"rms":0.6,"gap":109,"magType":"ml","type":"earthquake","title":"M 1.6 - 110 km N of Yakutat, Alaska"},"geometry":{"type":"Point","coordinates":[-139.707,60.539,7.2]},"id":"aka2026gxehcl"},
{"type":"Feature","properties":{"mag":0.8,"place":"7 km SE of Mineral, Washington","time":1775657974670,"updated":1775675712130,"tz":null,"url":"https://earthquake.usgs.gov/earthquakes/eventpage/uw62232332","detail":"https://earthquake.usgs.gov/earthquakes/feed/v1.0/detail/uw62232332.geojson","felt":null,"cdi":null,"mmi":null,"alert":null,"status":"reviewed","tsunami":0,"sig":10,"net":"uw","code":"62232332","ids":",uw62232332,","sources":",uw,","types":",origin,phase-data,","nst":21,"dmin":0.1094,"rms":0.09,"gap":201,"magType":"ml","type":"earthquake","title":"M 0.8 - 7 km SE of Mineral, Washington"},"geometry":{"type":"Point","coordinates":[-122.1265,46.66716666666667,20.96]},"id":"uw62232332"},
{"type":"Feature","properties":{"mag":0.75,"place":"4 km NW of The Geysers, CA","time":1775657509730,"updated":1775657604802,"tz":null,"url":"https://earthquake.usgs.gov/earthquakes/eventpage/nc75341017","detail":"https://earthquake.usgs.gov/earthquakes/feed/v1.0/detail/nc75341017.geojson","felt":null,"cdi":null,"mmi":null,"alert":null,"status":"automatic","tsunami":0,"sig":9,"net":"nc","code":"75341017","ids":",nc75341017,","sources":",nc,","types":",nearby-cities,origin,phase-data,","nst":7,"dmin":0.008517,"rms":0.01,"gap":76,"magType":"md","type":"earthquake","title":"M 0.8 - 4 km NW of The Geysers, CA"},"geometry":{"type":"Point","coordinates":[-122.793998718262,38.7994995117188,3.78999996185303]},"id":"nc75341017"},
{"type":"Feature","properties":{"mag":1.9,"place":"153 km SE of Cordova, Alaska","time":1775657302919,"updated":1775672177362,"tz":null,"url":"https://earthquake.usgs.gov/earthquakes/eventpage/aka2026gxdoll","detail":"https://earthquake.usgs.gov/earthquakes/feed/v1.0/detail/aka2026gxdoll.geojson","felt":null,"cdi":null,"mmi":null,"alert":null,"status":"reviewed","tsunami":0,"sig":56,"net":"ak","code":"a2026gxdoll","ids":",aka2026gxdoll,","sources":",ak,","types":",origin,phase-data,","nst":16,"dmin":0.9,"rms":0.4,"gap":260,"magType":"ml","type":"earthquake","title":"M 1.9 - 153 km SE of Cordova, Alaska"},"geometry":{"type":"Point","coordinates":[-143.999,59.481,48.6]},"id":"aka2026gxdoll"},
{"type":"Feature","properties":{"mag":2.1,"place":"61 km WNW of Toyah, Texas","time":1775655443191,"updated":1775660490190,"tz":null,"url":"https://earthquake.usgs.gov/earthquakes/eventpage/tx2026gxcnpo","detail":"https://earthquake.usgs.gov/earthquakes/feed/v1.0/detail/tx2026gxcnpo.geojson","felt":null,"cdi":null,"mmi":null,"alert":null,"status":"reviewed","tsunami":0,"sig":68,"net":"tx","code":"2026gxcnpo","ids":",tx2026gxcnpo,","sources":",tx,","types":",origin,phase-data,","nst":40,"dmin":0.1,"rms":0.2,"gap":73,"magType":"ml","type":"earthquake","title":"M 2.1 - 61 km WNW of Toyah, Texas"},"geometry":{"type":"Point","coordinates":[-104.338,31.616,3.3826]},"id":"tx2026gxcnpo"},
{"type":"Feature","properties":{"mag":-0.39,"place":"84 km NW of Karluk, Alaska","time":1775655408990,"updated":1775709205160,"tz":null,"url":"https://earthquake.usgs.gov/earthquakes/eventpage/av93057849","detail":"https://earthquake.usgs.gov/earthquakes/feed/v1.0/detail/av93057849.geojson","felt":null,"cdi":null,"mmi":null,"alert":null,"status":"reviewed","tsunami":0,"sig":0,"net":"av","code":"93057849","ids":",av93057849,","sources":",av,","types":",origin,phase-data,","nst":9,"dmin":0.03404,"rms":0.08,"gap":89,"magType":"ml","type":"earthquake","title":"M -0.4 - 84 km NW of Karluk, Alaska"},"geometry":{"type":"Point","coordinates":[-155.2785,58.1891666666667,1.65]},"id":"av93057849"},
{"type":"Feature","properties":{"mag":0.43,"place":"149 km W of Adak, Alaska","time":1775655168860,"updated":1775670412340,"tz":null,"url":"https://earthquake.usgs.gov/earthquakes/eventpage/av94135038","detail":"https://earthquake.usgs.gov/earthquakes/feed/v1.0/detail/av94135038.geojson","felt":null,"cdi":null,"mmi":null,"alert":null,"status":"reviewed","tsunami":0,"sig":3,"net":"av","code":"94135038","ids":",av94135038,","sources":",av,","types":",origin,phase-data,","nst":5,"dmin":0.02974,"rms":0.15,"gap":101,"magType":"ml","type":"earthquake","title":"M 0.4 - 149 km W of Adak, Alaska"},"geometry":{"type":"Point","coordinates":[-178.798666666667,51.7898333333333,7.26]},"id":"av94135038"},
{"type":"Feature","properties":{"mag":1.25,"place":"2 km N of The Geysers, CA","time":1775655107560,"updated":1775657239693,"tz":null,"url":"https://earthquake.usgs.gov/earthquakes/eventpage/nc75341002","detail":"https://earthquake.usgs.gov/earthquakes/feed/v1.0/detail/nc75341002.geojson","felt":null,"cdi":null,"mmi":null,"alert":null,"status":"automatic","tsunami":0,"sig":24,"net":"nc","code":"75341002","ids":",nc75341002,","sources":",nc,","types":",nearby-cities,origin,phase-data,scitech-link,","nst":17,"dmin":0.00905,"rms":0.03,"gap":88,"magType":"md","type":"earthquake","title":"M 1.3 - 2 km N of The Geysers, CA"},"geometry":{"type":"Point","coordinates":[-122.752830505371,38.7933349609375,0.540000021457672]},"id":"nc75341002"},
{"type":"Feature","properties":{"mag":0.57,"place":"6 km NW of The Geysers, CA","time":1775654236700,"updated":1775654335137,"tz":null,"url":"https://earthquake.usgs.gov/earthquakes/eventpage/nc75340992","detail":"https://earthquake.usgs.gov/earthquakes/feed/v1.0/detail/nc75340992.geojson","felt":null,"cdi":null,"mmi":null,"alert":null,"status":"automatic","tsunami":0,"sig":5,"net":"nc","code":"75340992","ids":",nc75340992,","sources":",nc,","types":",nearby-cities,origin,phase-data,","nst":10,"dmin":0.009661,"rms":0.01,"gap":85,"magType":"md","type":"earthquake","title":"M 0.6 - 6 km NW of The Geysers, CA"},"geometry":{"type":"Point","coordinates":[-122.797836303711,38.8219985961914,3.25999999046326]},"id":"nc75340992"},
{"type":"Feature","properties":{"mag":2.2,"place":"104 km SSE of King Cove, Alaska","time":1775654234360,"updated":1775671254662,"tz":null,"url":"https://earthquake.usgs.gov/earthquakes/eventpage/aka2026gxbwnf","detail":"https://earthquake.usgs.gov/earthquakes/feed/v1.0/detail/aka2026gxbwnf.geojson","felt":null,"cdi":null,"mmi":null,"alert":null,"status":"reviewed","tsunami":0,"sig":74,"net":"ak","code":"a2026gxbwnf","ids":",aka2026gxbwnf,","sources":",ak,","types":",origin,phase-data,","nst":12,"dmin":0.9,"rms":0.4,"gap":329,"magType":"ml","type":"earthquake","title":"M 2.2 - 104 km SSE of King Cove, Alaska"},"geometry":{"type":"Point","coordinates":[-161.492,54.25,5.6]},"id":"aka2026gxbwnf"},
{"type":"Feature","properties":{"mag":1.07,"place":"2 km NW of The Geysers, CA","time":1775654225620,"updated":1775654320324,"tz":null,"url":"https://earthquake.usgs.gov/earthquakes/eventpage/nc75340987","detail":"https://earthquake.usgs.gov/earthquakes/feed/v1.0/detail/nc75340987.geojson","felt":null,"cdi":null,"mmi":null,"alert":null,"status":"automatic","tsunami":0,"sig":18,"net":"nc","code":"75340987","ids":",nc75340987,","sources":",nc,","types":",nearby-cities,origin,phase-data,","nst":19,"dmin":0.01381,"rms":0.02,"gap":79,"magType":"md","type":"earthquake","title":"M 1.1 - 2 km NW of The Geysers, CA"},"geometry":{"type":"Point","coordinates":[-122.770500183105,38.789665222168,3.67000007629395]},"id":"nc75340987"},
{"type":"Feature","properties":{"mag":1.35,"place":"3 km SE of Pacifica, CA","time":1775653573480,"updated":1775655441506,"tz":null,"url":"https://earthquake.usgs.gov/earthquakes/eventpage/nc75340982","detail":"https://earthquake.usgs.gov/earthquakes/feed/v1.0/detail/nc75340982.geojson","felt":null,"cdi":null,"mmi":null,"alert":null,"status":"automatic","tsunami":0,"sig":28,"net":"nc","code":"75340982","ids":",nc75340982,","sources":",nc,","types":",nearby-cities,origin,phase-data,scitech-link,","nst":9,"dmin":0.03295,"rms":0.03,"gap":91,"magType":"md","type":"earthquake","title":"M 1.4 - 3 km SE of Pacifica, CA"},"geometry":{"type":"Point","coordinates":[-122.46199798584,37.5946655273438,7.94999980926514]},"id":"nc75340982"},
{"type":"Feature","properties":{"mag":1.69,"place":"14 km S of Volcano, Hawaii","time":1775653187890,"updated":1775670572750,"tz":null,"url":"https://earthquake.usgs.gov/earthquakes/eventpage/hv74933907","detail":"https://earthquake.usgs.gov/earthquakes/feed/v1.0/detail/hv74933907.geojson","felt":null,"cdi":null,"mmi":null,"alert":null,"status":"reviewed","tsunami":0,"sig":44,"net":"hv","code":"74933907","ids":",hv74933907,","sources":",hv,","types":",origin,phase-data,","nst":34,"dmin":0.03381,"rms":0.14,"gap":139,"magType":"ml","type":"earthquake","title":"M 1.7 - 14 km S of Volcano, Hawaii"},"geometry":{"type":"Point","coordinates":[-155.217333333333,19.3145,4.85]},"id":"hv74933907"},
{"type":"Feature","properties":{"mag":1.3,"place":"17 km NNE of Hermleigh, Texas","time":1775653043264,"updated":1775659187908,"tz":null,"url":"https://earthquake.usgs.gov/earthquakes/eventpage/tx2026gxbfgv","detail":"https://earthquake.usgs.gov/earthquakes/feed/v1.0/detail/tx2026gxbfgv.geojson","felt":null,"cdi":null,"mmi":null,"alert":null,"status":"reviewed","tsunami":0,"sig":26,"net":"tx","code":"2026gxbfgv","ids":",tx2026gxbfgv,","sources":",tx,","types":",origin,phase-data,","nst":17,"dmin":0.1,"rms":0.2,"gap":79,"magType":"ml","type":"earthquake","title":"M 1.3 - 17 km NNE of Hermleigh, Texas"},"geometry":{"type":"Point","coordinates":[-100.657,32.768,8.3252]},"id":"tx2026gxbfgv"},
{"type":"Feature","properties":{"mag":2.7,"place":"34 km SW of Skwentna, Alaska","time":1775652988120,"updated":1775671231483,"tz":null,"url":"https://earthquake.usgs.gov/earthquakes/eventpage/aka2026gxbemd","detail":"https://earthquake.usgs.gov/earthquakes/feed/v1.0/detail/aka2026gxbemd.geojson","felt":1,"cdi":1,"mmi":null,"alert":null,"status":"reviewed","tsunami":0,"sig":112,"net":"ak","code":"a2026gxbemd","ids":",aka2026gxbemd,us7000sbbg,","sources":",ak,us,","types":",dyfi,origin,phase-data,","nst":110,"dmin":0.3,"rms":0.7,"gap":36,"magType":"ml","type":"earthquake","title":"M 2.7 - 34 km SW of Skwentna, Alaska"},"geometry":{"type":"Point","coordinates":[-151.949,61.816,111.8]},"id":"aka2026gxbemd"},
{"type":"Feature","properties":{"mag":2.1,"place":"69 km E of Port Alsworth, Alaska","time":1775651589999,"updated":1775669127185,"tz":null,"url":"https://earthquake.usgs.gov/earthquakes/eventpage/aka2026gxakcs","detail":"https://earthquake.usgs.gov/earthquakes/feed/v1.0/detail/aka2026gxakcs.geojson","felt":null,"cdi":null,"mmi":null,"alert":null,"status":"reviewed","tsunami":0,"sig":68,"net":"ak","code":"a2026gxakcs","ids":",aka2026gxakcs,","sources":",ak,","types":",origin,phase-data,","nst":60,"dmin":0.1,"rms":0.4,"gap":96,"magType":"ml","type":"earthquake","title":"M 2.1 - 69 km E of Port Alsworth, Alaska"},"geometry":{"type":"Point","coordinates":[-153.063,60.179,140]},"id":"aka2026gxakcs"},
{"type":"Feature","properties":{"mag":1.4,"place":"61 km S of Whites City, New Mexico","time":1775650485090,"updated":1775654257258,"tz":null,"url":"https://earthquake.usgs.gov/earthquakes/eventpage/tx2026gwzuoy","detail":"https://earthquake.usgs.gov/earthquakes/feed/v1.0/detail/tx2026gwzuoy.geojson","felt":null,"cdi":null,"mmi":null,"alert":null,"status":"reviewed","tsunami":0,"sig":30,"net":"tx","code":"2026gwzuoy","ids":",tx2026gwzuoy,","sources":",tx,","types":",origin,phase-data,","nst":21,"dmin":0.1,"rms":0.1,"gap":73,"magType":"ml","type":"earthquake","title":"M 1.4 - 61 km S of Whites City, New Mexico"},"geometry":{"type":"Point","coordinates":[-104.363,31.618,5.0745]},"id":"tx2026gwzuoy"},
{"type":"Feature","properties":{"mag":-0.56,"place":"72 km NW of Ninilchik, Alaska","time":1775650177250,"updated":1775707914020,"tz":null,"url":"https://earthquake.usgs.gov/earthquakes/eventpage/av94134988","detail":"https://earthquake.usgs.gov/earthquakes/feed/v1.0/detail/av94134988.geojson","felt":null,"cdi":null,"mmi":null,"alert":null,"status":"reviewed","tsunami":0,"sig":0,"net":"av","code":"94134988","ids":",av94134988,","sources":",av,","types":",origin,phase-data,","nst":8,"dmin":0.02162,"rms":0.19,"gap":175,"magType":"ml","type":"earthquake","title":"M -0.6 - 72 km NW of Ninilchik, Alaska"},"geometry":{"type":"Point","coordinates":[-152.665833333333,60.4723333333333,1.3]},"id":"av94134988"},
{"type":"Feature","properties":{"mag":0.58,"place":"20 km ESE of Little Lake, CA","time":1775649966390,"updated":1775654435689,"tz":null,"url":"https://earthquake.usgs.gov/earthquakes/eventpage/ci41435352","detail":"https://earthquake.usgs.gov/earthquakes/feed/v1.0/detail/ci41435352.geojson","felt":null,"cdi":null,"mmi":null,"alert":null,"status":"reviewed","tsunami":0,"sig":5,"net":"ci","code":"41435352","ids":",ci41435352,","sources":",ci,","types":",nearby-cities,origin,phase-data,scitech-link,","nst":18,"dmin":0.07471,"rms":0.14,"gap":59,"magType":"ml","type":"earthquake","title":"M 0.6 - 20 km ESE of Little Lake, CA"},"geometry":{"type":"Point","coordinates":[-117.699666666667,35.8846666666667,4.59]},"id":"ci41435352"},
{"type":"Feature","properties":{"mag":3.4,"place":"20 km WNW of Pawnee, Texas","time":1775649743235,"updated":1775665584161,"tz":null,"url":"https://earthquake.usgs.gov/earthquakes/eventpage/tx2026gwzjxk","detail":"https://earthquake.usgs.gov/earthquakes/feed/v1.0/detail/tx2026gwzjxk.geojson","felt":2,"cdi":3.8,"mmi":null,"alert":null,"status":"reviewed","tsunami":0,"sig":179,"net":"tx","code":"2026gwzjxk","ids":",tx2026gwzjxk,us7000sbbd,","sources":",tx,us,","types":",dyfi,origin,phase-data,","nst":26,"dmin":0.2,"rms":0.3,"gap":60,"magType":"ml","type":"earthquake","title":"M 3.4 - 20 km WNW of Pawnee, Texas"},"geometry":{"type":"Point","coordinates":[-98.175,28.752,5.7206]},"id":"tx2026gwzjxk"},
{"type":"Feature","properties":{"mag":2.11,"place":"38 km NW of Volcano, Hawaii","time":1775649405560,"updated":1775649618880,"tz":null,"url":"https://earthquake.usgs.gov/earthquakes/eventpage/hv74933877","detail":"https://earthquake.usgs.gov/earthquakes/feed/v1.0/detail/hv74933877.geojson","felt":null,"cdi":null,"mmi":null,"alert":null,"status":"automatic","tsunami":0,"sig":68,"net":"hv","code":"74933877","ids":",hv74933877,","sources":",hv,","types":",origin,phase-data,","nst":19,"dmin":0.3026,"rms":0.280000001,"gap":305,"magType":"md","type":"earthquake","title":"M 2.1 - 38 km NW of Volcano, Hawaii"},"geometry":{"type":"Point","coordinates":[-155.482666015625,19.6923332214355,1.8400000333786]},"id":"hv74933877"},
{"type":"Feature","properties":{"mag":3.08,"place":"6 km E of Hala‘ula, Hawaii","time":1775649386860,"updated":1775671264762,"tz":null,"url":"https://earthquake.usgs.gov/earthquakes/eventpage/hv74933882","detail":"https://earthquake.usgs.gov/earthquakes/feed/v1.0/detail/hv74933882.geojson","felt":1,"cdi":2,"mmi":null,"alert":null,"status":"reviewed","tsunami":0,"sig":146,"net":"hv","code":"74933882","ids":",hv74933882,us7000sbbb,","sources":",hv,us,","types":",dyfi,origin,phase-data,","nst":46,"dmin":0.129,"rms":0.14,"gap":161,"magType":"ml","type":"earthquake","title":"M 3.1 - 6 km E of Hala‘ula, Hawaii"},"geometry":{"type":"Point","coordinates":[-155.719333333333,20.2428333333333,34.59]},"id":"hv74933882"},
{"type":"Feature","properties":{"mag":0.68,"place":"17 km NE of Pine Valley, CA","time":1775648968680,"updated":1775654456398,"tz":null,"url":"https://earthquake.usgs.gov/earthquakes/eventpage/ci41435336","detail":"https://earthquake.usgs.gov/earthquakes/feed/v1.0/detail/ci41435336.geojson","felt":null,"cdi":null,"mmi":null,"alert":null,"status":"reviewed","tsunami":0,"sig":7,"net":"ci","code":"41435336","ids":",ci41435336,","sources":",ci,","types":",nearby-cities,origin,phase-data,scitech-link,","nst":25,"dmin":0.03162,"rms":0.14,"gap":54,"magType":"ml","type":"earthquake","title":"M 0.7 - 17 km NE of Pine Valley, CA"},"geometry":{"type":"Point","coordinates":[-116.413,32.9401666666667,4.96]},"id":"ci41435336"},
{"type":"Feature","properties":{"mag":-0.64,"place":"69 km NNE of Chignik, Alaska","time":1775648661730,"updated":1775707073160,"tz":null,"url":"https://earthquake.usgs.gov/earthquakes/eventpage/av93057839","detail":"https://earthquake.usgs.gov/earthquakes/feed/v1.0/detail/av93057839.geojson","felt":null,"cdi":null,"mmi":null,"alert":null,"status":"reviewed","tsunami":0,"sig":0,"net":"av","code":"93057839","ids":",av93057839,","sources":",av,","types":",origin,phase-data,","nst":5,"dmin":0.04528,"rms":0.15,"gap":228,"magType":"ml","type":"earthquake","title":"M -0.6 - 69 km NNE of Chignik, Alaska"},"geometry":{"type":"Point","coordinates":[-158.083166666667,56.8906666666667,3]},"id":"av93057839"},
{"type":"Feature","properties":{"mag":4.8,"place":"95 km SW of Kýthira, Greece","time":1775648097718,"updated":1775649155040,"tz":null,"url":"https://earthquake.usgs.gov/earthquakes/eventpage/us7000sbb9","detail":"https://earthquake.usgs.gov/earthquakes/feed/v1.0/detail/us7000sbb9.geojson","felt":null,"cdi":null,"mmi":null,"alert":null,"status":"reviewed","tsunami":0,"sig":354,"net":"us","code":"7000sbb9","ids":",us7000sbb9,","sources":",us,","types":",origin,phase-data,","nst":71,"dmin":1.548,"rms":1.15,"gap":82,"magType":"mww","type":"earthquake","title":"M 4.8 - 95 km SW of Kýthira, Greece"},"geometry":{"type":"Point","coordinates":[22.1427,35.6376,10]},"id":"us7000sbb9"},
{"type":"Feature","properties":{"mag":0.71,"place":"6 km W of Cobb, CA","time":1775647712140,"updated":1775647809537,"tz":null,"url":"https://earthquake.usgs.gov/earthquakes/eventpage/nc75340977","detail":"https://earthquake.usgs.gov/earthquakes/feed/v1.0/detail/nc75340977.geojson","felt":null,"cdi":null,"mmi":null,"alert":null,"status":"automatic","tsunami":0,"sig":8,"net":"nc","code":"75340977","ids":",nc75340977,","sources":",nc,","types":",nearby-cities,origin,phase-data,","nst":7,"dmin":0.008236,"rms":0.02,"gap":90,"magType":"md","type":"earthquake","title":"M 0.7 - 6 km W of Cobb, CA"},"geometry":{"type":"Point","coordinates":[-122.790000915527,38.8301658630371,1.54999995231628]},"id":"nc75340977"},
{"type":"Feature","properties":{"mag":3.5,"place":"16 km N of Mosquito Lake, Alaska","time":1775647192832,"updated":1775668479139,"tz":null,"url":"https://earthquake.usgs.gov/earthquakes/eventpage/aka2026gwxydb","detail":"https://earthquake.usgs.gov/earthquakes/feed/v1.0/detail/aka2026gwxydb.geojson","felt":3,"cdi":2,"mmi":3.449,"alert":null,"status":"reviewed","tsunami":0,"sig":189,"net":"ak","code":"a2026gwxydb","ids":",aka2026gwxydb,us7000sbb7,","sources":",ak,us,","types":",dyfi,origin,phase-data,shakemap,","nst":62,"dmin":0.3,"rms":0.9,"gap":117,"magType":"ml","type":"earthquake","title":"M 3.5 - 16 km N of Mosquito Lake, Alaska"},"geometry":{"type":"Point","coordinates":[-136.067,59.676,6.1]},"id":"aka2026gwxydb"}],"bbox":[-178.79866666667,-49.4766,-0.39,145.8264,64.581,336.143]}