time,latitude,longitude,depth,mag,magType,nst,gap,dmin,rms,net,id,updated,place,type,horizontalError,depthError,magError,magNst,status,locationSource,magSource
2026-08-01T09:16:28.210Z,38.774833679199,-122.94049835205,3.789999961853,1.1,md,8,151,0.0584,0.03,nc,nc75409512,2026-08-01T09:18:05.916Z,"7 km ESE of Cloverdale, CA",earthquake,0.53,2.9000001,0.09,7,automatic,nc,nc
2026-08-01T09:01:07.540Z,38.774501800537,-122.94183349609,5.3499999046326,1.01,md,8,183,0.05733,0.04,nc,nc75409507,2026-08-01T09:02:46.134Z,"7 km ESE of Cloverdale, CA",earthquake,0.87,3.47000003,0.18,9,automatic,nc,nc
2026-08-01T08:57:25.156Z,62.276,-148.411,43.1,1.3,ml,10,276,0.5,0.8,ak,aka2026pcgomb,2026-08-01T08:58:43.896Z,"53 km N of Chickaloon, Alaska",earthquake,12.9,9.3101,0.3,4,automatic,ak,ak
2026-08-01T08:55:31.764Z,64.295,-148.481,4.2,0.8,ml,8,120,0.2,0.1,ak,aka2026pcgmvg,2026-08-01T08:56:57.896Z,"34 km E of Clear, Alaska",earthquake,6.9,19.8142,0.1,4,automatic,ak,ak
2026-08-01T08:47:14.390Z,38.777000427246,-122.93716430664,4.8099999427795,1.13,md,11,117,0.06123,0.05,nc,nc75409502,2026-08-01T08:48:49.496Z,"8 km ESE of Cloverdale, CA",earthquake,0.36,1.69000006,0.11,12,automatic,nc,nc
2026-08-01T08:43:18.980Z,38.776165008545,-122.9306640625,3.3199999332428,1.07,md,11,119,0.05915,0.06,nc,nc75409497,2026-08-01T08:44:54.887Z,"8 km ESE of Cloverdale, CA",earthquake,0.42,2.24000001,0.08,10,automatic,nc,nc
2026-08-01T08:37:13.690Z,38.771167755127,-122.94316864014,3.2999999523163,1.11,md,13,121,0.05608,0.04,nc,nc75409492,2026-08-01T09:12:24.490Z,"7 km ESE of Cloverdale, CA",earthquake,0.34,2.22000003,0.12,14,automatic,nc,nc
2026-08-01T08:30:32.580Z,38.767501831055,-122.9451675415,2.3599998950958,1.07,md,7,162,0.05452,0.04,nc,nc75409487,2026-08-01T08:32:09.594Z,"8 km SE of Cloverdale, CA",earthquake,0.79,5.26000023,0.08,7,automatic,nc,nc
2026-08-01T08:23:10.730Z,38.775501251221,-122.94200134277,4.8200001716614,1.15,md,9,150,0.0573,0.03,nc,nc75409482,2026-08-01T09:07:21.453Z,"7 km ESE of Cloverdale, CA",earthquake,0.48,1.97000003,0.16,7,automatic,nc,nc
2026-08-01T08:21:53.815Z,63.773,-150.202,5,1.3,ml,11,98,0.5,0.7,ak,aka2026pcfjrd,2026-08-01T08:23:47.837Z,"59 km WSW of Ferry, Alaska",earthquake,3.9,,0.2,4,automatic,ak,ak
2026-08-01T08:15:38.150Z,38.772998809815,-122.94466400147,6.9299998283386,1.35,md,20,170,0.05501,0.02,nc,nc75409477,2026-08-01T08:52:24.359Z,"7 km ESE of Cloverdale, CA",earthquake,0.49,1.34000003,0.1,21,automatic,nc,nc
2026-08-01T08:14:55.930Z,38.771331787109,-122.95133209228,5.8400001525879,1.41,md,30,59,0.04971,0.05,nc,nc75409472,2026-08-01T08:42:22.306Z,"7 km ESE of Cloverdale, CA",earthquake,0.31,0.649999976,0.18,28,automatic,nc,nc
2026-08-01T08:14:36.800Z,38.77466583252,-122.94333648682,6.1300001144409,1.07,md,7,171,0.05618,0.02,nc,nc75409467,2026-08-01T08:16:15.406Z,"7 km ESE of Cloverdale, CA",earthquake,0.67,3.29999995,0.08,9,automatic,nc,nc
2026-08-01T08:05:11.342Z,61.804,-149.704,32.2,1,ml,5,155,0.3,0.6,ak,aka2026pcevek,2026-08-01T08:06:38.866Z,"18 km ENE of Willow, Alaska",earthquake,20.5,11.0685,0.3,4,automatic,ak,ak
2026-08-01T08:02:38.060Z,38.775165557861,-122.93883514404,4.4899997711182,1.08,md,15,118,0.05973,0.05,nc,nc75409462,2026-08-01T08:04:15.215Z,"8 km ESE of Cloverdale, CA",earthquake,0.37,1.95000005,0.09,15,automatic,nc,nc
2026-08-01T08:02:18.090Z,33.986166666667,-117.15316666667,10.49,0.83,ml,58,44,0.05971,0.17,ci,ci40664578,2026-08-01T08:05:40.044Z,"8 km SSE of Redlands, CA",earthquake,0.14,0.35,0.1265055665551,25,automatic,ci,ci
2026-08-01T08:02:10.966Z,60.039,-153.073,5,0.4,ml,7,90,0,0.4,ak,aka2026pcesoq,2026-08-01T08:03:09.194Z,"64 km ENE of Pedro Bay, Alaska",earthquake,8.2,,0.1,6,automatic,ak,ak
2026-08-01T08:00:47.230Z,38.773834228516,-122.94583129883,4.6700000762939,1.12,md,15,113,0.05416,0.04,nc,nc75409457,2026-08-01T08:52:24.419Z,"7 km ESE of Cloverdale, CA",earthquake,0.36,1.27999997,0.07,15,automatic,nc,nc
2026-08-01T07:57:45.740Z,38.776500701904,-122.938331604,6.0900001525879,3.79,mw,96,32,0.06026,0.11,nc,nc75409452,2026-08-01T09:05:31.897Z,"8 km ESE of Cloverdale, CA",earthquake,0.12,0.310000002,,6,reviewed,nc,nc
2026-08-01T07:54:47.230Z,38.776165008545,-122.93350219727,3.7000000476837,1.09,md,12,118,0.06119,0.02,nc,nc75409447,2026-08-01T07:56:24.085Z,"8 km ESE of Cloverdale, CA",earthquake,0.35,2.1500001,0.21,13,automatic,nc,nc
2026-08-01T07:50:45.439Z,-21.4068,-68.451,142.886,4.4,mb,24,70,0.832,0.71,us,us6000thf5,2026-08-01T08:57:36.040Z,"28 km SW of Ollagüe, Chile",earthquake,4.93,6.658,0.154,12,reviewed,us,us
2026-08-01T07:47:41.580Z,35.313166666667,-117.818,8.5,1.2,ml,45,35,0.051,0.17,ci,ci40664570,2026-08-01T07:51:05.767Z,"18 km WSW of Johannesburg, CA",earthquake,0.17,0.42,0.19099509602582,24,automatic,ci,ci
2026-08-01T07:46:03.634Z,-22.3815,-179.1255,544.366,5.1,mb,74,45,5.32,0.84,us,us6000thf3,2026-08-01T08:02:03.040Z,"south of the Fiji Islands",earthquake,10.07,6.209,0.042,188,reviewed,us,us
2026-08-01T07:35:17.210Z,32.648666666667,-115.75216666667,5.74,1.44,ml,32,47,0.02176,0.19,ci,ci40664562,2026-08-01T07:38:44.127Z,"18 km WNW of Progreso, B.C., MX",earthquake,0.22,0.36,0.30726740094361,26,automatic,ci,ci
2026-08-01T07:25:57.160Z,34.84,-118.956,11.81,1.42,ml,42,66,0.06559,0.23,ci,ci40664554,2026-08-01T07:29:25.395Z,"2 km NNW of Frazier Park, CA",earthquake,0.25,0.49,0.20412362624069,29,automatic,ci,ci
2026-08-01T07:23:39.470Z,34.849166666667,-118.95533333333,11.82,2.42,ml,100,24,0.07404,0.3,ci,ci40664546,2026-08-01T07:40:41.874Z,"3 km NNW of Frazier Park, CA",earthquake,0.23,0.49,0.27834003604718,27,automatic,ci,ci
2026-08-01T07:01:53.253Z,59.992,-140.788,7.6,1.6,ml,17,151,0.3,1,ak,aka2026pccshk,2026-08-01T07:03:59.063Z,"77 km NW of Yakutat, Alaska",earthquake,6.8,3.0399,0.1,4,automatic,ak,ak
2026-08-01T06:48:12.038Z,48.3782,154.7658,35,4.4,mb,36,133,5.088,0.83,us,us6000thex,2026-08-01T07:38:09.040Z,"273 km SSW of Severo-Kuril’sk, Russia",earthquake,11.72,1.948,0.105,26,reviewed,us,us
2026-08-01T06:38:25.854Z,61.128,-152.187,43.7,1,ml,8,184,0.1,0.8,ak,aka2026pcbxyo,2026-08-01T06:39:41.026Z,"57 km W of Tyonek, Alaska",earthquake,20.3,15.4968,0.3,4,automatic,ak,ak
2026-08-01T06:31:40.770Z,35.826833333333,-117.659,8.83,0.34,ml,15,80,0.05118,0.11,ci,ci40664538,2026-08-01T06:35:07.336Z,"23 km N of Ridgecrest, CA",earthquake,0.23,0.46,0.070549598950191,4,automatic,ci,ci
2026-08-01T06:05:18.281Z,38.4418,-116.4954,3.2888,1.62,ml,12,170,0.679,0.1865,nn,nn00922676,2026-08-01T06:07:57.803Z,"76 km ENE of Tonopah, Nevada",earthquake,,1.5659,0.42,5,automatic,nn,nn
2026-08-01T06:01:57.638Z,24.3042,142.5554,35,4.4,mb,45,138,10.383,0.57,us,us6000thev,2026-08-01T07:12:22.040Z,"Volcano Islands, Japan region",earthquake,12.45,1.933,0.102,28,reviewed,us,us
2026-08-01T05:58:00.240Z,38.774501800537,-122.94300079346,4.4000000953674,1.13,md,11,127,0.05642,0.05,nc,nc75409417,2026-08-01T06:37:21.493Z,"7 km ESE of Cloverdale, CA",earthquake,0.41,1.92999995,0.17,10,automatic,nc,nc
2026-08-01T05:57:25.319Z,64.64,-149.739,2.6,1.9,ml,16,63,0.3,0.7,ak,aka2026pcaoke,2026-08-01T05:58:59.584Z,"29 km W of Four Mile Road, Alaska",earthquake,3.3,4.3431,0.3,4,automatic,ak,ak
2026-08-01T05:50:11.919Z,31.288,-103.345,0,2,ml,5,194,0.2,0.4,tx,tx2026ozpojg,2026-08-01T06:00:11.632Z,"19 km SSE of Barstow, Texas",earthquake,0,,1.2,4,automatic,tx,tx
2026-08-01T05:15:18.970Z,38.776500701904,-122.93966674805,5.0100002288818,1.5,md,14,81,0.05923,0.04,nc,nc75409407,2026-08-01T06:12:23.327Z,"7 km ESE of Cloverdale, CA",earthquake,0.37,0.810000002,0.25,15,automatic,nc,nc
2026-08-01T05:09:45.160Z,39.369998931885,-123.25099945068,2.829999923706,1.71,md,10,121,0.09543,0.04,nc,nc75409402,2026-08-01T05:47:24.174Z,"10 km ESE of Willits, CA",earthquake,0.29,7.07999992,0.11,9,automatic,nc,nc
2026-08-01T05:01:57.320Z,33.411166666667,-116.35816666667,11.98,1.02,ml,56,36,0.0634,0.19,ci,ci40664530,2026-08-01T05:05:24.067Z,"17 km N of Borrego Springs, CA",earthquake,0.17,0.43,0.12971279043736,28,automatic,ci,ci
2026-08-01T04:50:12.163Z,-23.7435,-179.5569,493.554,4.5,mb,28,156,6.373,1.15,us,us6000thel,2026-08-01T05:15:21.040Z,"south of the Fiji Islands",earthquake,14.43,5.068,0.124,19,reviewed,us,us
2026-08-01T04:49:01.269Z,49.6033,-129.4251,10,5.6,mww,106,152,1.33,1.41,us,us6000thej,2026-08-01T08:45:58.546Z,"200 km SW of Port McNeill, Canada",earthquake,6.57,1.859,0.034,82,reviewed,us,us
2026-08-01T04:45:53.770Z,33.5615,-116.62083333333,12.01,0.66,ml,31,188,0.00962,0.16,ci,ci40664522,2026-08-01T04:49:18.148Z,"5 km E of Anza, CA",earthquake,0.39,0.33,0.14520556320623,17,automatic,ci,ci
2026-08-01T04:33:32.530Z,36.983001708984,-121.62933349609,1.4400000572205,1.28,md,6,126,0.04689,0.05,nc,nc75409392,2026-08-01T05:22:21.045Z,"6 km WSW of Gilroy, CA",earthquake,0.46,2.32999992,0.08,6,automatic,nc,nc
2026-08-01T04:25:15.210Z,39.29033279419,-123.20383453369,6.1999998092651,1.41,md,9,113,0.01524,0.04,nc,nc75409387,2026-08-01T04:57:20.833Z,"3 km N of Redwood Valley, CA",earthquake,0.36,0.800000012,0.13,7,automatic,nc,nc
2026-08-01T04:20:03.290Z,33.178666666667,-116.02583333333,7.09,0.66,ml,30,42,0.04066,0.2,ci,ci40664514,2026-08-01T04:23:22.241Z,"11 km ENE of Ocotillo Wells, CA",earthquake,0.22,0.54,0.046158553642617,6,automatic,ci,ci
2026-08-01T04:05:19.782Z,64.607,-149.704,19.6,1,ml,6,172,0.3,0.3,ak,aka2026pbwvfb,2026-08-01T04:07:17.162Z,"27 km W of Four Mile Road, Alaska",earthquake,9.6,4.5346,0.2,6,automatic,ak,ak
2026-08-01T04:01:19.828Z,64.581,-149.7,21.7,1,ml,6,169,0.3,0.2,ak,aka2026pbwrsy,2026-08-01T04:02:58.669Z,"27 km W of Four Mile Road, Alaska",earthquake,15.5,16.9273,0.3,5,automatic,ak,ak
2026-08-01T03:55:15.908Z,64.64,-149.737,2.4,1.9,ml,15,75,0.3,0.8,ak,aka2026pbwmny,2026-08-01T03:57:05.103Z,"29 km W of Four Mile Road, Alaska",earthquake,3.1,3.7384,0.1,6,automatic,ak,ak
2026-08-01T03:51:36.534Z,64.598,-149.712,20,1.4,ml,6,191,0.3,0.2,ak,aka2026pbwjhu,2026-08-01T03:53:05.942Z,"28 km W of Four Mile Road, Alaska",earthquake,27.3,12.2974,0.3,4,automatic,ak,ak
2026-08-01T03:48:35.188Z,64.648,-149.802,5,2.5,ml,29,43,0.3,1.4,ak,aka2026pbwgoo,2026-08-01T03:50:08.228Z,"33 km W of Four Mile Road, Alaska",earthquake,2.9,,0.3,4,automatic,ak,ak
2026-08-01T03:45:07.111Z,64.611,-149.697,18.1,2.2,ml,16,58,0.3,0.8,ak,aka2026pbwdsn,2026-08-01T03:46:43.616Z,"27 km W of Four Mile Road, Alaska",earthquake,4,4.1961,0.4,4,automatic,ak,ak
2026-08-01T03:42:50.806Z,5.6352,124.9258,35,4.6,mb,36,117,1.566,1.01,us,us6000thef,2026-08-01T08:27:04.843Z,"25 km S of Daliao, Philippines",earthquake,10.37,1.917,0.089,38,reviewed,us,us
2026-08-01T03:42:18.877Z,64.533,-149.877,5,2.1,ml,13,134,0.4,0.8,ak,aka2026pbwbgk,2026-08-01T03:43:50.066Z,"37 km WSW of Four Mile Road, Alaska",earthquake,6.8,,0.2,4,automatic,ak,ak
2026-08-01T03:23:55.189Z,-45.0973,167.3746,112.486,4.8,mb,34,85,0.399,0.69,us,us6000the7,2026-08-01T04:09:41.585Z,"44 km NW of Te Anau, New Zealand",earthquake,4.14,3.856,0.135,17,reviewed,us,us
2026-08-01T03:22:27.584Z,61.358,-150.89,68.3,2.1,ml,52,32,0.1,0.6,ak,aka2026pbvjyn,2026-08-01T04:20:25.522Z,"26 km NNE of Beluga, Alaska",earthquake,3,2.8972,0.1,4,automatic,ak,ak
2026-08-01T02:59:00.127Z,58.491,-154.105,89.4,1,ml,16,102,0.2,0.2,ak,aka2026pbuprx,2026-08-01T03:00:20.613Z,"84 km NW of Aleneva, Alaska",earthquake,7.5,4.1536,0.1,5,automatic,ak,ak
2026-08-01T02:48:01.570Z,41.352,141.8958,82.29,5.5,mww,73,72,0.843,0.83,us,us6000thdk,2026-08-01T06:48:28.239Z,"57 km E of Mutsu, Japan",earthquake,5.05,6.09,0.086,13,reviewed,us,us
2026-08-01T02:40:33.370Z,19.317667007446,-155.24266052246,5,1.83,md,34,95,0.04004,0.189999998,hv,hv75011332,2026-08-01T02:44:11.660Z,"13 km S of Volcano, Hawaii",earthquake,0.41,0.730000019,0.14158717803519,12,automatic,hv,hv
2026-08-01T02:32:24.960Z,38.683334350586,-122.49617004394,6.9699997901917,1.34,md,10,91,0.07413,0.06,nc,nc75409362,2026-08-01T03:07:23.086Z,"13 km NNW of Angwin, CA",earthquake,0.41,1.36000001,0.12,10,automatic,nc,nc
2026-08-01T02:16:27.638Z,9.7477,-83.8046,10,4.3,mb,21,164,0.394,1.12,us,us6000thdg,2026-08-01T08:21:00.113Z,"7 km SE of Orosi, Costa Rica",earthquake,4.39,1.946,0.153,12,reviewed,us,us
2026-08-01T02:01:16.390Z,41.239334106445,-121.55783081055,7.1999998092651,1.64,md,5,139,0.08199,0.02,nc,nc75409357,2026-08-01T02:32:21.855Z,"25 km NNW of McArthur, CA",earthquake,0.46,2.05999994,0.16,4,automatic,nc,nc
2026-08-01T01:57:19.951Z,64.276,-148.478,5,0.9,ml,7,243,0.3,0.2,ak,aka2026pbsofs,2026-08-01T01:58:40.280Z,"34 km E of Clear, Alaska",earthquake,11.2,,0.1,4,automatic,ak,ak
2026-08-01T01:35:34.060Z,38.822834014893,-122.80633544922,2.3499999046326,1.05,md,14,58,0.01716,0.02,nc,nc75409342,2026-08-01T01:37:12.477Z,"7 km NW of The Geysers, CA",earthquake,0.26,0.800000012,0.2,14,automatic,nc,nc
2026-08-01T01:31:49.990Z,60.034,-153.049,5,0.5,ml,6,94,0,0.6,ak,aka2026pbrsct,2026-08-01T01:32:46.396Z,"65 km ENE of Pedro Bay, Alaska",earthquake,8.5,,0.3,4,automatic,ak,ak
2026-08-01T01:29:36.859Z,35.4802,99.4261,10,4.7,mb,38,115,3.506,0.77,us,us6000thdc,2026-08-01T01:50:57.040Z,"206 km NW of Oula Xiuma, China",earthquake,9.9,1.834,0.064,75,reviewed,us,us
2026-08-01T01:24:09.262Z,18.877,39.1998,10,4.6,mb,47,106,6.565,0.95,us,us6000thdb,2026-08-01T01:38:57.040Z,"163 km ENE of Tokār, Sudan",earthquake,12.68,1.918,0.075,53,reviewed,us,us
2026-08-01T01:17:26.199Z,60.385,-147.819,36,1.5,ml,6,196,0.4,0.3,ak,aka2026pbrfqf,2026-08-01T01:18:43.790Z,"37 km NNE of Chenega, Alaska",earthquake,8.6,10.1575,0.2,4,automatic,ak,ak
2026-08-01T01:00:38.674Z,58.279,-154.939,5,0.4,ml,8,153,0.1,0.3,ak,aka2026pbqrbr,2026-08-01T01:01:40.095Z,"84 km NNW of Karluk, Alaska",earthquake,6.6,,0.2,4,automatic,ak,ak
2026-08-01T00:55:30.696Z,63.256,-151.671,0.1,2.4,ml,42,53,0.2,0.7,ak,aka2026pbqmpx,2026-08-01T00:57:37.602Z,"31 km S of Denali National Park, Alaska",earthquake,3.2,2.2451,0.1,4,automatic,ak,ak
2026-08-01T00:54:11.055Z,61.689,-151.069,66.4,1.8,ml,24,84,0.3,0.7,ak,aka2026pbqlly,2026-08-01T00:55:51.322Z,"33 km WNW of Susitna, Alaska",earthquake,3.4,3.7432,0.1,6,automatic,ak,ak
2026-08-01T00:54:06.943Z,32.066,-101.662,1.686,1,ml,24,77,0,0.7,tx,tx2026ozftan,2026-08-01T00:57:10.931Z,"13 km ESE of Stanton, Texas",earthquake,0,1.1761146783829,0.2,14,automatic,tx,tx
2026-08-01T00:49:43.560Z,38.839832305908,-122.82433319092,1.9199999570847,1.04,md,11,92,0.008799,0.01,nc,nc75409327,2026-08-01T00:51:22.116Z,"9 km WNW of Cobb, CA",earthquake,0.34,0.959999979,0.34,13,automatic,nc,nc
2026-08-01T00:46:50.820Z,17.916166666667,-66.980666666667,10.95,2.37,md,9,237,0.08042,0.1,pr,pr71526888,2026-08-01T00:57:38.050Z,"9 km SE of La Parguera, Puerto Rico",earthquake,0.53,0.55,0.071666909227427,6,reviewed,pr,pr
2026-08-01T00:35:51.454Z,61.918,-150.175,60,2.1,ml,40,72,0.5,0.7,ak,aka2026pbpvou,2026-08-01T01:12:29.146Z,"20 km NNW of Willow, Alaska",earthquake,3.5,4.023,0.3,4,automatic,ak,ak
2026-08-01T00:29:04.279Z,61.282,-149.205,21,1.7,ml,38,41,0.3,0.8,ak,aka2026pbpprw,2026-08-01T00:30:54.567Z,"19 km ESE of Eagle River, Alaska",earthquake,2.3,1.9562,0.2,10,automatic,ak,ak
2026-08-01T00:27:24.140Z,33.178,-116.0355,4.22,1.22,ml,48,40,0.04865,0.22,ci,ci40664482,2026-08-01T00:38:20.090Z,"10 km ENE of Ocotillo Wells, CA",earthquake,0.19,0.67,0.14304510959262,27,automatic,ci,ci
2026-08-01T00:21:25.400Z,38.764667510986,-122.95833587647,4.0799999237061,1,md,8,189,0.04443,0.07,nc,nc75409322,2026-08-01T00:23:01.766Z,"7 km SE of Cloverdale, CA",earthquake,1.37,3.43000007,0.16,8,automatic,nc,nc
2026-08-01T00:15:11.340Z,32.814166666667,-117.23333333333,12.75,1.87,ml,49,146,0.02984,0.17,ci,ci40664474,2026-08-01T00:18:39.301Z,"5 km SE of La Jolla, CA",earthquake,0.22,0.32,0.28939814049809,27,automatic,ci,ci
2026-08-01T00:10:00.070Z,33.844833333333,-117.94666666667,15.46,1.44,ml,12,162,0.2532,0.25,ci,ci40664466,2026-08-01T00:13:30.955Z,"4 km SSW of Fullerton, CA",earthquake,3.15,12.25,0.35580247394179,33,automatic,ci,ci
2026-07-31T23:57:01.740Z,34.046833333333,-118.39133333333,11.8,1.67,ml,68,37,0.02952,0.21,ci,ci40664458,2026-08-01T00:08:09.440Z,"3 km ESE of Century City, CA",earthquake,0.18,0.25,0.15784607948767,28,automatic,ci,ci
2026-07-31T23:46:47.100Z,38.771831512451,-122.9426651001,2.25,0.99,md,7,156,0.0565,0.02,nc,nc75409317,2026-07-31T23:48:22.452Z,"7 km ESE of Cloverdale, CA",earthquake,1.09,7.03000021,0.09,7,automatic,nc,nc
2026-07-31T23:37:42.410Z,34.043166666667,-118.39616666667,12.66,2.25,ml,114,41,0.03293,0.2,ci,ci40664450,2026-08-01T04:40:27.411Z,"2 km N of Culver City, CA",earthquake,0.13,0.25,0.17537629760999,25,automatic,ci,ci
2026-07-31T23:36:12.718Z,31.01,-103.436,6.1897,1.5,ml,6,213,0.2,0.8,tx,tx2026ozdebt,2026-07-31T23:39:30.287Z,"29 km E of Balmorhea, Texas",earthquake,0,9.0462589263916,0.7,6,automatic,tx,tx
2026-07-31T23:36:03.277Z,10.7428,126.1452,10.001,4.5,mb,36,120,3.692,1.06,us,us6000thcu,2026-08-01T00:08:07.040Z,"40 km ESE of Sulangan, Philippines",earthquake,14,4.885,0.091,35,reviewed,us,us
2026-07-31T23:21:48.683Z,60.263,-152.014,77.2,1.7,ml,37,36,0.4,0.7,ak,aka2026pbnjjx,2026-07-31T23:24:24.144Z,"30 km NW of Ninilchik, Alaska",earthquake,3.4,2.7007,0.2,19,automatic,ak,ak
2026-07-31T23:17:37.106Z,-3.0027,130.1237,10,5.1,mb,50,68,1.525,0.72,us,us6000thcs,2026-07-31T23:41:14.040Z,"132 km ENE of Masohi, Indonesia",earthquake,6.38,1.754,0.07,66,reviewed,us,us
2026-07-31T23:15:49.766Z,-2.8982,130.2942,10,5.1,mb,47,61,1.66,0.87,us,us6000thcq,2026-07-31T23:33:25.040Z,"153 km ENE of Masohi, Indonesia",earthquake,3.54,1.859,0.066,74,reviewed,us,us
2026-07-31T23:14:22.270Z,60.644333333333,-152.82183333333,11.01,-0.55,ml,7,256,0.0546,0.07,av,av94348898,2026-08-01T03:26:47.110Z,"82 km W of Salamatof, Alaska",earthquake,0.53,0.58,0.1899487423345,7,reviewed,av,av
2026-07-31T23:03:55.486Z,37.3673,-115.4309,11.9914,1.79,ml,13,125,0.213,0.1195,nn,nn00922652,2026-08-01T02:05:33.871Z,"23 km W of Alamo, Nevada",earthquake,,8.7565,0.12,4,reviewed,nn,nn
2026-07-31T22:58:03.190Z,34.417333333333,-119.70083333333,6.84,1.1,ml,20,169,0.02611,0.16,ci,ci40664442,2026-07-31T23:01:30.821Z,"0 km S of Santa Barbara, CA",earthquake,0.55,0.38,0.12111039246371,20,automatic,ci,ci
2026-07-31T22:54:48.040Z,36.735168457031,-121.32116699219,6.8699998855591,1.47,md,7,114,0.03434,0.03,nc,nc75409302,2026-08-01T00:07:21.897Z,"6 km S of Tres Pinos, CA",earthquake,0.56,0.870000005,0.23,6,automatic,nc,nc
2026-07-31T22:49:56.636Z,28.847,-98.989,14.9629,2.3,ml,10,125,0.2,0.5,tx,tx2026ozbqfu,2026-07-31T23:01:34.024Z,"11 km ESE of Pearsall, Texas",earthquake,0,5.6921362876892,0.1,8,automatic,tx,tx
2026-07-31T22:45:53.057Z,31.159,-103.486,5.8408,1.4,ml,11,98,0,0.5,tx,tx2026ozbmsv,2026-07-31T23:01:04.703Z,"23 km SSE of Lindsay, Texas",earthquake,0,3.6941916942596,0.2,9,automatic,tx,tx
2026-07-31T22:39:58.630Z,39.391834259033,-122.9178314209,11.359999656677,1.79,md,9,126,0.05997,0.07,nc,nc75409297,2026-07-31T23:22:22.604Z,"4 km ESE of Lake Pillsbury, CA",earthquake,0.55,0.920000017,0.05,4,automatic,nc,nc
2026-07-31T22:18:38.810Z,34.739666666667,-116.77816666667,20.02,1.2,ml,9,233,0.6634,0.31,ci,ci40664434,2026-07-31T22:22:03.663Z,"28 km SE of Barstow, CA",earthquake,2.96,24.95,0.16180340485271,16,automatic,ci,ci
2026-07-31T22:18:30.124Z,-2.9385,130.3496,10,4.1,mb,19,99,1.635,1.18,us,us6000thck,2026-08-01T02:47:49.040Z,"158 km ENE of Masohi, Indonesia",earthquake,6.22,1.408,0.174,9,reviewed,us,us
2026-07-31T22:01:54.262Z,39.2159,143.2752,28.09,4.1,mb,28,194,2.313,1.02,us,us6000thci,2026-08-01T01:36:58.040Z,"117 km ESE of Yamada, Japan",earthquake,8.82,8.458,0.135,15,reviewed,us,us
2026-07-31T21:41:10.380Z,57.860833333333,-155.3955,3.06,0.43,ml,5,295,0.1981,0.16,av,av94348783,2026-08-01T03:12:46.100Z,"64 km WNW of Karluk, Alaska",earthquake,0.94,1.43,0.24136123136371,5,reviewed,av,av
2026-07-31T21:30:03.130Z,36.0675,-117.84366666667,2.42,1.12,ml,26,50,0.05079,0.13,ci,ci40664426,2026-07-31T21:33:31.945Z,"10 km ENE of Coso Junction, CA",earthquake,0.16,0.18,0.18537298671651,20,automatic,ci,ci
2026-07-31T21:27:50.394Z,51.745,-173.438,18.9,3.6,ml,42,204,0.7,0.9,ak,aka2026pbjouu,2026-08-01T07:39:47.039Z,"72 km SE of Atka, Alaska",earthquake,5.2,3.1726,0.1,32,reviewed,ak,ak
2026-07-31T21:25:19.860Z,40.5456,-118.2209,14.2141,1.5,ml,8,206,0.752,0.345,nn,nn00922645,2026-08-01T02:05:09.250Z,"6 km SSE of Humboldt, Nevada",explosion,,1.0633,0.04,2,reviewed,nn,nn
2026-07-31T21:24:10.934Z,23.1907,101.2878,10,4.5,mb,42,62,3.067,0.81,us,us6000thc9,2026-07-31T23:15:24.040Z,"54 km NE of Simao, China",earthquake,10.75,1.903,0.087,40,reviewed,us,us
2026-07-31T21:23:58.079Z,4.8905,126.2704,68.804,4.4,mb,25,132,2.271,0.58,us,us6000thca,2026-07-31T22:27:44.040Z,"105 km ESE of Sarangani, Philippines",earthquake,6.18,7.93,0.108,25,reviewed,us,us
2026-07-31T21:10:40.250Z,51.776166666667,-178.82033333333,12.41,0.4,ml,5,157,0.02255,0.05,av,av94348758,2026-08-01T03:20:46.730Z,"151 km W of Adak, Alaska",earthquake,1.21,0.64,0.39371259489751,5,reviewed,av,av
2026-07-31T21:10:36.213Z,-2.9075,130.2088,10,4.4,mb,20,68,1.633,0.81,us,us6000thc6,2026-07-31T21:51:37.040Z,"144 km ENE of Masohi, Indonesia",earthquake,3.94,1.841,0.13,17,reviewed,us,us
2026-07-31T21:06:09.040Z,58.26,-154.975,5,1.5,ml,19,135,0.1,0.4,ak,aka2026pbivti,2026-08-01T03:18:16.500Z,"82 km NNW of Karluk, Alaska",earthquake,5,,0.3,5,automatic,ak,ak
2026-07-31T20:50:49.180Z,33.5035,-116.41033333333,11.11,0.34,ml,8,84,0.1465,0.11,ci,ci10247462,2026-07-31T21:11:07.536Z,"20 km SSW of La Quinta, CA",earthquake,0.31,1.6,0.17417873915125,4,reviewed,ci,ci
2026-07-31T20:50:29.320Z,33.464,-116.47716666667,13.88,0.57,ml,18,63,0.1089,0.12,ci,ci40664410,2026-07-31T21:08:51.190Z,"21 km ESE of Anza, CA",earthquake,0.23,0.6,0.12704894876215,10,reviewed,ci,ci
2026-07-31T20:49:35.380Z,33.997166666667,-116.993,15.85,1.22,ml,42,26,0.1072,0.15,ci,ci40664402,2026-07-31T21:06:49.734Z,"6 km E of Calimesa, CA",earthquake,0.16,0.51,0.20028902428924,20,reviewed,ci,ci
2026-07-31T20:46:30.110Z,61.284333333333,-152.4795,3.37,-0.25,ml,7,166,0.0577,0.17,av,av94348723,2026-08-01T03:01:45.520Z,"76 km WNW of Tyonek, Alaska",earthquake,0.75,0.46,0.14137211804781,7,reviewed,av,av
2026-07-31T20:44:18.626Z,64.956,-147.763,5,1.1,ml,10,86,0.1,0.6,ak,aka2026pbicuu,2026-07-31T20:45:33.370Z,"6 km NNW of Farmers Loop, Alaska",earthquake,5.1,,0.3,4,automatic,ak,ak
2026-07-31T20:30:34.710Z,52.085666666667,-176.1085,11.69,0.35,ml,4,222,0.03728,0.15,av,av94348683,2026-08-01T02:58:45.240Z,"43 km ENE of Adak, Alaska",earthquake,1.36,0.92,0.20635876296442,4,reviewed,av,av
2026-07-31T20:19:26.311Z,-2.8451,130.1548,10,5.2,mww,140,31,1.685,1.03,us,us6000thbq,2026-07-31T20:38:39.040Z,"141 km ENE of Masohi, Indonesia",earthquake,7.96,1.829,0.083,14,reviewed,us,us
2026-07-31T20:15:05.920Z,31.659,-104.339,4.3952,1.5,ml,27,69,0.1,0.4,tx,tx2026oywmul,2026-07-31T21:01:28.506Z,"57 km S of Whites City, New Mexico",earthquake,0,1.1261641979218,0.2,18,automatic,tx,tx
2026-07-31T20:13:38.210Z,32.820333333333,-117.06333333333,-0.27,1.01,ml,17,110,0.07261,0.26,ci,ci40664378,2026-07-31T21:01:30.474Z,"7 km NNW of La Mesa, CA",quarry blast,0.74,31.61,0.15107853697601,10,reviewed,ci,ci
2026-07-31T20:10:15.310Z,33.3535,-116.9555,14.39,2.98,ml,136,17,0.07305,0.22,ci,ci40664370,2026-08-01T06:18:38.053Z,"9 km W of Palomar Observatory, CA",earthquake,0.11,0.26,0.16728340474494,239,reviewed,ci,ci
2026-07-31T20:06:38.320Z,34.034666666667,-116.82216666667,11.9,1.32,ml,53,38,0.01196,0.14,ci,ci40664362,2026-07-31T21:12:09.510Z,"13 km NNE of Banning, CA",earthquake,0.12,0.33,0.18885246567239,28,reviewed,ci,ci
2026-07-31T20:02:42.440Z,36.966499328613,-121.44966888428,5.4000000953674,2.94,md,80,55,0.08918,0.15,nc,nc75409242,2026-08-01T02:05:30.797Z,"11 km ESE of Gilroy, CA",earthquake,0.19,0.829999983,0.1,103,automatic,nc,nc
2026-07-31T20:00:19.056Z,64.988,-147.455,5,1,ml,15,56,0.1,0.8,ak,aka2026pbgqqz,2026-07-31T20:01:30.272Z,"8 km ENE of Fox, Alaska",earthquake,5,,0.3,4,automatic,ak,ak
2026-07-31T19:57:27.461Z,15.0665,-93.0238,67.96,4.3,mb,62,196,3.348,0.83,us,us6000thbi,2026-07-31T21:54:40.040Z,"36 km WSW of El Arenal, Mexico",earthquake,14.48,14.214,0.064,70,reviewed,us,us
2026-07-31T19:47:38.890Z,19.172332763672,-155.48832702637,28.64999961853,1.87,md,21,203,0.07631,0.170000002,hv,hv75011127,2026-07-31T19:51:10.040Z,"3 km SSW of Pāhala, Hawaii",earthquake,1.02,1.34000003,0.11669384553552,13,automatic,hv,hv
2026-07-31T19:44:08.054Z,60.052,-153.084,5,1.4,ml,9,134,0,0.4,ak,aka2026pbgcqi,2026-08-01T02:42:44.360Z,"64 km ENE of Pedro Bay, Alaska",earthquake,8.2,,0.3,5,automatic,ak,ak
2026-07-31T19:40:29.987Z,59.346,-152.949,82.1,1.3,ml,61,81,0.2,0.5,ak,aka2026pbfziy,2026-07-31T19:42:17.862Z,"58 km W of Nanwalek, Alaska",earthquake,3.8,2.1678,0.4,13,automatic,ak,ak
2026-07-31T19:36:20.960Z,33.866666666667,-117.50066666667,-0.5,1.33,ml,35,55,0.06751,0.23,ci,ci40664346,2026-07-31T20:26:43.646Z,"2 km SE of Home Gardens, CA",quarry blast,0.37,31.61,0.14411839903777,31,reviewed,ci,ci
2026-07-31T19:33:12.178Z,64.851,-148.75,6.2,1,ml,14,82,0.2,0.6,ak,aka2026pbftea,2026-07-31T19:34:29.364Z,"32 km NNE of Four Mile Road, Alaska",earthquake,4.4,3.5193,0.1,5,automatic,ak,ak
2026-07-31T19:27:32.660Z,33.238,-116.7865,14.87,1.2,ml,61,17,0.02334,0.16,ci,ci40664338,2026-07-31T19:45:08.810Z,"2 km W of Lake Henshaw, CA",earthquake,0.13,0.29,0.24631891224098,28,reviewed,ci,ci
2026-07-31T19:26:19.700Z,51.8115,-178.82416666667,11.8,0.8,ml,5,205,0.01376,0.11,av,av94348598,2026-07-31T20:42:53.350Z,"151 km W of Adak, Alaska",earthquake,0.99,0.68,0.26165178151041,5,reviewed,av,av
2026-07-31T19:10:54.650Z,33.412833333333,-116.44383333333,14.52,0.33,ml,15,66,0.1072,0.11,ci,ci40664330,2026-07-31T19:43:23.293Z,"19 km NNW of Borrego Springs, CA",earthquake,0.22,0.57,0.053443794845193,10,reviewed,ci,ci
2026-07-31T19:00:38.970Z,45.143833333333,-123.1385,-0.21,1.35,md,6,176,0.04761,0.15,uw,uw714067111,2026-07-31T21:50:28.190Z,"6 km ENE of Amity, Oregon",explosion,0.99,31.61,0.070909077261268,4,reviewed,uw,uw
2026-07-31T18:58:13.113Z,-58.6947,-25.3501,70.706,5.1,mb,46,63,7.582,0.71,us,us6000thb5,2026-07-31T21:42:59.040Z,"South Sandwich Islands region",earthquake,30.84,8.242,0.131,21,reviewed,us,us
2026-07-31T18:55:52.032Z,46.9187,-65.3542,10,3.1,mb_lg,17,124,0.601,0.55,us,us6000thaw,2026-08-01T00:21:19.544Z,"16 km SE of Miramichi, Canada",earthquake,3.19,1.99,0.104,24,reviewed,us,us
2026-07-31T18:41:07.961Z,31.631,-104.451,2.0365,2.3,ml,29,74,0,0.6,tx,tx2026oytgss,2026-07-31T18:45:35.356Z,"60 km S of Whites City, New Mexico",earthquake,0,1.152080655098,0.2,23,automatic,tx,tx
2026-07-31T18:40:22.710Z,33.6775,-116.73816666667,14.43,0.61,ml,25,92,0.05436,0.14,ci,ci40664322,2026-07-31T19:44:27.379Z,"7 km SSW of Idyllwild, CA",earthquake,0.22,0.38,0.14816162882007,12,reviewed,ci,ci
2026-07-31T18:35:07.231Z,31.524,-103.889,4.7767,1.4,ml,11,119,0,0.6,tx,tx2026oyteng,2026-07-31T19:01:07.140Z,"24 km NNW of Toyah, Texas",earthquake,0,1.546219587326,0.1,8,automatic,tx,tx
2026-07-31T18:28:41.840Z,33.180666666667,-116.37266666667,11.51,0.72,ml,39,50,0.09493,0.19,ci,ci40664306,2026-07-31T19:44:46.314Z,"8 km S of Borrego Springs, CA",earthquake,0.2,0.35,0.10901525785857,14,reviewed,ci,ci
2026-07-31T18:25:57.040Z,38.828834533691,-122.78932952881,1.6299999952316,1.02,md,15,79,0.009593,0.01,nc,nc75409212,2026-07-31T18:27:32.162Z,"6 km W of Cobb, CA",earthquake,0.23,0.469999999,0.11,16,automatic,nc,nc
2026-07-31T18:25:55.449Z,56.175,-156.201,2.9,2.2,ml,18,196,1.2,0.6,ak,aka2026pbdmve,2026-07-31T18:28:00.265Z,"137 km E of Chignik, Alaska",earthquake,7.6,3.223,0.3,4,automatic,ak,ak
2026-07-31T18:23:44.750Z,33.450166666667,-118.27733333333,12.13,1.54,ml,5,205,0.1248,0.16,ci,ci40664298,2026-07-31T19:49:34.989Z,"13 km NNE of Avalon, CA",earthquake,1.93,4.87,0.2254319591427,3,reviewed,ci,ci
2026-07-31T18:17:22.520Z,48.553,-122.057,5.73,2.18,ml,14,47,0.01825,0.08,uw,uw714067091,2026-07-31T21:21:43.950Z,"2 km N of Lyman, Washington",earthquake,0.27,0.47,0.15447165123458,14,reviewed,uw,uw
2026-07-31T18:14:53.750Z,46.024,-122.2645,-1.07,2.61,md,5,172,0.1415,0.11,uw,uw714067081,2026-07-31T21:36:02.320Z,"18 km NE of Amboy, Washington",explosion,1.6,31.61,0.040810839850026,2,reviewed,uw,uw
2026-07-31T18:09:41.190Z,19.228500366211,-155.36050415039,31.559999465942,1.7,md,13,206,0.03609,0.140000001,hv,hv75011102,2026-07-31T18:13:17.120Z,"12 km ENE of Pāhala, Hawaii",earthquake,1.23,1.12,0.17928744556873,14,automatic,hv,hv
2026-07-31T18:07:49.830Z,52.394,-174.09433333333,8.41,0.54,ml,4,322,0.01676,0.14,av,av94348538,2026-07-31T20:40:53.070Z,"23 km NNE of Atka, Alaska",earthquake,1.62,0.92,0.26897644321148,4,reviewed,av,av
2026-07-31T17:59:36.490Z,38.772499084473,-122.79816436768,3.3699998855591,0.74,md,10,150,0.01626,0.03,nc,nc75409197,2026-07-31T18:01:12.051Z,"4 km W of The Geysers, CA",earthquake,0.53,1.10000002,0.18,10,automatic,nc,nc
2026-07-31T17:55:04.410Z,19.197500228882,-155.49217224121,28.010000228882,1.91,md,21,192,0.05102,0.180000007,hv,hv75011087,2026-07-31T17:58:28.870Z,"1 km WSW of Pāhala, Hawaii",earthquake,0.9,1.16999996,0.16717326817431,14,automatic,hv,hv
2026-07-31T17:52:24.769Z,63.377,-144.897,3.7,1.4,ml,19,84,0.4,0.7,ak,aka2026pbcjtm,2026-07-31T17:53:38.936Z,"32 km SSW of Dry Creek, Alaska",earthquake,3.8,3.8703,0.1,4,automatic,ak,ak
2026-07-31T17:49:58.990Z,55.9975,-159.75516666667,3.6,0.47,ml,5,314,0.132,0.33,av,av94348503,2026-08-01T02:27:13.130Z,"20 km WNW of Ivanof Bay, Alaska",earthquake,1.66,1.09,0.19838620026974,5,reviewed,av,av
2026-07-31T17:47:07.000Z,-29.8946,-72.0611,21.344,5.1,mww,94,140,0.715,0.82,us,us6000th96,2026-07-31T18:05:01.040Z,"69 km W of Coquimbo, Chile",earthquake,4.77,4.748,0.103,9,reviewed,us,us
2026-07-31T17:46:43.779Z,40.8911,14.1435,5,4.5,mww,63,86,0.35,0.51,us,us6000th99,2026-08-01T07:07:29.256Z,"1 km N of Quarto, Italy",earthquake,1.76,1.858,0.11,8,reviewed,us,us
2026-07-31T17:44:09.920Z,58.366833333333,-154.78583333333,4.22,-0.17,ml,6,201,0.01815,0.14,av,av94348488,2026-08-01T02:30:43.430Z,"91 km NNW of Karluk, Alaska",earthquake,1.27,0.53,0.16245243428416,6,reviewed,av,av
2026-07-31T17:43:05.710Z,38.47,-112.90983333333,3.42,1.18,md,17,54,0.0208,0.06,uu,uu80146811,2026-07-31T18:35:15.030Z,"11 km NE of Milford, Utah",earthquake,0.24,0.46,0.43841721241254,9,reviewed,uu,uu
2026-07-31T17:41:12.920Z,60.508,-152.75866666667,4.08,-1,ml,6,98,0.03736,0.04,av,av94348483,2026-08-01T02:36:43.930Z,"78 km NW of Ninilchik, Alaska",earthquake,0.32,0.89,0.19243605143003,6,reviewed,av,av
2026-07-31T17:30:11.690Z,52.1375,-175.65716666667,12.78,1.05,ml,6,325,0.2242,0.1,av,av94348478,2026-08-01T02:33:43.690Z,"73 km ENE of Adak, Alaska",earthquake,0.97,0.79,0.2745517676964,6,reviewed,av,av
2026-07-31T17:18:55.220Z,38.830501556396,-122.7996673584,2.1800000667572,0.21,md,6,148,0.01074,0.03,nc,nc75409182,2026-07-31T17:20:31.679Z,"7 km W of Cobb, CA",earthquake,0.67,1.79999995,0.08,8,automatic,nc,nc
2026-07-31T17:15:40.134Z,54.4289,-161.559,35,3.2,ml,20,201,1.106,0.56,us,us6000th92,2026-07-31T20:49:31.040Z,"85 km SE of King Cove, Alaska",earthquake,5.29,2.015,0.069,28,reviewed,us,us
2026-07-31T17:01:34.860Z,38.778331756592,-122.936668396,6.3800001144409,1.12,md,14,147,0.06179,0.04,nc,nc75409172,2026-07-31T18:07:23.511Z,"8 km ESE of Cloverdale, CA",earthquake,0.49,1.54999995,0.13,16,automatic,nc,nc
2026-07-31T16:57:17.410Z,34.250333333333,-118.491,11.49,0.78,ml,21,109,0.03302,0.14,ci,ci40664242,2026-07-31T17:32:18.661Z,"3 km SSE of Granada Hills, CA",earthquake,0.26,0.41,0.10818087124202,7,reviewed,ci,ci
2026-07-31T16:49:04.490Z,33.175833333333,-116.38166666667,11.69,1.93,ml,82,17,0.0968,0.21,ci,ci40664234,2026-07-31T17:34:20.370Z,"9 km S of Borrego Springs, CA",earthquake,0.13,0.3,0.14890973044243,28,reviewed,ci,ci
2026-07-31T16:47:07.760Z,33.175333333333,-116.381,11.62,1.63,ml,75,19,0.09745,0.2,ci,ci40664226,2026-07-31T17:24:03.296Z,"9 km S of Borrego Springs, CA",earthquake,0.14,0.28,0.14626648254755,26,reviewed,ci,ci
2026-07-31T16:30:48.570Z,33.1785,-116.37416666667,11.49,1.14,ml,52,25,0.09644,0.22,ci,ci40664218,2026-07-31T17:34:24.490Z,"9 km S of Borrego Springs, CA",earthquake,0.2,0.36,0.16258612663697,28,reviewed,ci,ci
2026-07-31T16:30:19.600Z,53.820666666667,-166.922,35.11,0.15,ml,7,145,0.01672,0.16,av,av94348358,2026-08-01T02:20:12.710Z,"26 km WSW of Dutch Harbor, Alaska",earthquake,2.55,1.16,0.29162997177579,7,reviewed,av,av
2026-07-31T16:30:13.634Z,39.5155,-119.6624,2.6798,1.75,ml,10,85,0.203,0.1839,nn,nn00922637,2026-07-31T17:03:53.844Z,"8 km ESE of Sparks, Nevada",explosion,,6.0566,0.35,4,reviewed,nn,nn
2026-07-31T16:23:24.414Z,61.165,-151.327,90.6,1.6,ml,30,107,0.3,0.4,ak,aka2026pazkoi,2026-07-31T16:24:45.087Z,"13 km WNW of Beluga, Alaska",earthquake,5.5,3.2078,0.1,4,automatic,ak,ak
2026-07-31T16:20:50.430Z,38.778831481934,-122.93333435059,4.25,1.37,md,11,116,0.06008,0.04,nc,nc75409152,2026-07-31T16:52:21.985Z,"8 km ESE of Cloverdale, CA",earthquake,0.49,2.20000005,0.06,8,automatic,nc,nc
2026-07-31T16:18:29.460Z,33.182166666667,-116.37466666667,11.5,0.61,ml,28,67,0.0929,0.16,ci,ci40664202,2026-07-31T17:19:57.887Z,"8 km S of Borrego Springs, CA",earthquake,0.24,0.35,0.042978237319118,11,reviewed,ci,ci
2026-07-31T16:16:32.020Z,38.835666656494,-122.7928314209,2.0699999332428,1.06,md,22,46,0.003357,0.02,nc,nc75409147,2026-07-31T16:18:07.178Z,"6 km WNW of Cobb, CA",earthquake,0.22,0.430000007,0.17,22,automatic,nc,nc
2026-07-31T16:15:58.641Z,14.6031,-93.2309,10,5.2,mww,59,199,3.418,1.15,us,us6000th8n,2026-07-31T16:32:13.040Z,"85 km SW of El Arenal, Mexico",earthquake,10.65,1.955,0.066,22,reviewed,us,us
2026-07-31T16:05:13.278Z,60.522,-150.931,3.6,2.5,ml,68,54,0.7,0.7,ak,aka2026payuvl,2026-07-31T16:21:07.245Z,"7 km ENE of Soldotna, Alaska",earthquake,1.8,1.4748,0.2,4,automatic,ak,ak
2026-07-31T16:04:11.680Z,1.5255,-90.9633,10,4.7,mb,47,83,2.287,0.94,us,us6000th8m,2026-07-31T16:58:06.040Z,"260 km NNW of Puerto Ayora, Ecuador",earthquake,10.3,1.648,0.046,140,reviewed,us,us
2026-07-31T15:53:26.170Z,60.516333333333,-152.76433333333,2.93,-0.97,ml,5,129,0.04444,0.26,av,av94348293,2026-08-01T02:13:13.160Z,"79 km NW of Ninilchik, Alaska",earthquake,0.81,3.58,0.19882584665148,5,reviewed,av,av
2026-07-31T15:49:40.590Z,38.813999176025,-122.79566955566,3.5199999809265,0.75,md,7,152,0.006029,0.01,nc,nc75409137,2026-07-31T15:51:17.038Z,"5 km NW of The Geysers, CA",earthquake,0.77,1.25999999,0.15,8,automatic,nc,nc
2026-07-31T15:46:35.790Z,19.151166915894,-155.49166870117,29.85000038147,1.8,md,15,232,0.09695,0.159999996,hv,hv75011057,2026-07-31T15:50:03.440Z,"5 km SSW of Pāhala, Hawaii",earthquake,0.97,1.11000001,0.14677332809843,14,automatic,hv,hv
2026-07-31T15:31:01.150Z,58.296833333333,-154.97983333333,2.75,-0.07,ml,9,146,0.0444,0.12,av,av94348248,2026-08-01T02:16:12.420Z,"86 km NNW of Karluk, Alaska",earthquake,0.29,0.4,0.29507514373659,10,reviewed,av,av
2026-07-31T15:24:25.410Z,38.802501678467,-122.77866363525,3.6099998950958,1.74,md,33,63,0.01086,0.05,nc,nc75409127,2026-07-31T15:57:20.620Z,"3 km NW of The Geysers, CA",earthquake,0.26,0.379999995,0.15,34,automatic,nc,nc
2026-07-31T15:22:54.350Z,46.202833333333,-122.18516666667,-1.81,-0.32,mh,6,152,0.002644,0.19,uw,uw714066901,2026-07-31T18:12:13.450Z,"38 km NNE of Amboy, Washington",earthquake,0.6,5.56,,0,reviewed,uw,uw
2026-07-31T15:10:22.790Z,19.235332489014,-155.36383056641,32.340000152588,1.85,md,29,190,0.03189,0.140000001,hv,hv75011032,2026-07-31T15:13:59.180Z,"12 km ENE of Pāhala, Hawaii",earthquake,0.75,0.910000026,0.21871533159288,15,automatic,hv,hv
2026-07-31T15:08:16.795Z,62.941,-151.101,116.3,1.7,ml,34,48,0.4,0.6,ak,aka2026pawxlw,2026-07-31T15:11:20.337Z,"52 km NNW of Petersville, Alaska",earthquake,3.6,3.4856,0.2,15,automatic,ak,ak
2026-07-31T15:04:23.481Z,61.65,-148.144,16.7,1,ml,12,84,0.2,0.5,ak,aka2026pawubw,2026-07-31T15:05:34.539Z,"23 km SE of Chickaloon, Alaska",earthquake,5,3.1521,0.3,4,automatic,ak,ak
2026-07-31T14:54:43.290Z,35.311,-117.8105,8.32,0.56,ml,5,162,0.0522,0.17,ci,ci10246982,2026-07-31T17:12:54.831Z,"17 km WSW of Johannesburg, CA",earthquake,0.64,1.17,0.14122205745984,3,reviewed,ci,ci
2026-07-31T14:54:17.430Z,35.312,-117.81266666667,9.67,1,ml,28,86,0.05209,0.15,ci,ci40664186,2026-07-31T17:09:37.344Z,"17 km WSW of Johannesburg, CA",earthquake,0.22,0.4,0.10361117546897,15,reviewed,ci,ci
2026-07-31T14:53:55.890Z,38.789501190185,-122.76683044434,1.5,0.75,md,8,91,0.01242,0.01,nc,nc75409117,2026-07-31T14:55:32.540Z,"2 km NNW of The Geysers, CA",earthquake,0.37,0.589999974,0.06,9,automatic,nc,nc
2026-07-31T14:53:28.120Z,19.228834152222,-155.36199951172,32.360000610352,2.24,md,41,162,0.03463,0.140000001,hv,hv75011027,2026-07-31T14:56:57.710Z,"12 km ENE of Pāhala, Hawaii",earthquake,0.65,0.610000014,0.21446986915257,14,automatic,hv,hv
2026-07-31T14:45:20.203Z,63.613,-150.627,5,2.7,ml,83,25,0.5,1.5,ak,aka2026pawdol,2026-07-31T15:12:19.040Z,"55 km E of Denali National Park, Alaska",earthquake,2.4,,0.1,4,automatic,ak,ak
2026-07-31T14:45:14.650Z,38.830665588379,-122.78433227539,2.4700000286102,0.22,md,6,113,0.01126,0.02,nc,nc75409107,2026-07-31T14:46:52.473Z,"5 km W of Cobb, CA",earthquake,0.5,0.839999974,0.09,7,automatic,nc,nc
2026-07-31T14:43:05.130Z,53.513333333333,-168.08183333333,5.6,-0.35,ml,5,326,0.06319,0.23,av,av93065209,2026-08-01T02:03:11.580Z,"82 km NE of Nikolski, Alaska",earthquake,1.95,2.78,0.2157321470086,4,reviewed,av,av
2026-07-31T14:23:40.670Z,38.152666666667,-112.30966666667,3.58,1.02,md,4,151,0.1487,0.2,uu,uu80146806,2026-07-31T17:40:29.490Z,"4 km WSW of Circleville, Utah",earthquake,1.19,10.97,0.060644359367029,4,reviewed,uu,uu
2026-07-31T14:22:33.800Z,60.065333333333,-153.062,4.04,-0.86,ml,5,254,0.00805,0.27,av,av94348153,2026-08-01T03:35:17.650Z,"66 km ENE of Pedro Bay, Alaska",earthquake,2.64,1.24,0.15954436840594,5,reviewed,av,av
2026-07-31T14:08:36.120Z,19.19700050354,-155.48616027832,28.639999389648,1.72,md,17,221,0.09296,0.209999993,hv,hv75011002,2026-07-31T14:12:07.700Z,"1 km SW of Pāhala, Hawaii",earthquake,1.03,0.879999995,0.15112370888719,13,automatic,hv,hv
2026-07-31T14:05:20.970Z,52.088333333333,-176.1385,5.1,0.36,ml,6,159,0.02464,0.16,av,av94348133,2026-08-01T01:51:10.670Z,"41 km NE of Adak, Alaska",earthquake,0.76,0.86,0.16959723080106,6,reviewed,av,av
2026-07-31T13:42:31.430Z,33.829166666667,-117.62033333333,8.54,1.17,ml,45,57,0.03506,0.18,ci,ci40664154,2026-07-31T15:39:55.560Z,"7 km SW of Corona, CA",earthquake,0.2,0.42,0.31451771026556,34,reviewed,ci,ci
2026-07-31T13:36:05.961Z,57.184,-155.771,84.8,3,ml,53,116,0.5,0.4,ak,aka2026patvnn,2026-07-31T14:53:18.040Z,"90 km WSW of Karluk, Alaska",earthquake,4.3,3.4276,0.2,5,automatic,ak,ak
2026-07-31T13:25:06.642Z,57.111,-156.813,1.9,1.4,ml,21,135,0.6,0.5,ak,aka2026patlzv,2026-07-31T13:26:41.523Z,"56 km SE of Ugashik, Alaska",earthquake,8.8,5.586,0.2,5,automatic,ak,ak
2026-07-31T13:15:48.082Z,60.55,-151.224,69.6,1.8,ml,38,47,0.2,0.8,ak,aka2026patdxo,2026-07-31T13:17:21.482Z,"1 km ESE of Kenai, Alaska",earthquake,3,3.5507,0.4,5,automatic,ak,ak
2026-07-31T13:13:53.270Z,38.838333129883,-122.80216979981,1.7799999713898,0.21,md,6,146,0.009236,0.01,nc,nc75409097,2026-07-31T13:15:26.813Z,"7 km WNW of Cobb, CA",earthquake,0.58,1.96000004,0.12,8,automatic,nc,nc
2026-07-31T13:13:04.290Z,52.067833333333,-176.16716666667,3.64,0.98,ml,6,177,0.01823,0.31,av,av94348053,2026-08-01T01:36:40.780Z,"38 km ENE of Adak, Alaska",earthquake,1.21,1.49,0.33891262880192,6,reviewed,av,av
2026-07-31T13:05:16.690Z,39.231,-110.99333333333,9.34,1.13,md,12,85,0.1129,0.09,uu,uu80146801,2026-07-31T17:38:32.960Z,"3 km NE of Castle Dale, Utah",earthquake,0.34,1.72,0.36886173941665,11,reviewed,uu,uu
2026-07-31T12:58:40.829Z,28.2012,128.0296,10,4.6,mb,33,111,1.377,0.7,us,us6000th7y,2026-07-31T13:25:29.040Z,"95 km WNW of Amagi, Japan",earthquake,9.35,1.908,0.084,42,reviewed,us,us
2026-07-31T12:54:04.540Z,38.801666259766,-122.76499938965,4.0199999809265,0.96,md,15,85,0.00426,0.02,nc,nc75409082,2026-07-31T12:55:41.817Z,"3 km NNW of The Geysers, CA",earthquake,0.39,0.879999995,0.24,15,automatic,nc,nc
2026-07-31T12:51:49.730Z,38.162833333333,-112.2845,1.85,1.53,ml,9,83,0.1446,0.23,uu,uu80146796,2026-07-31T17:35:38.940Z,"1 km SW of Circleville, Utah",earthquake,1.06,31.61,0.43775394765019,3,reviewed,uu,uu
2026-07-31T12:49:59.320Z,35.0805,-97.83633333,7.65,1.45,ml,83,94,0.06298763968,0.26,ok,ok2026owmo,2026-07-31T12:57:22.571Z,"9 km ENE of Chickasha, Oklahoma",earthquake,,0.4,0.22,38,reviewed,ok,ok
2026-07-31T12:47:55.838Z,32.063,-103.745,7.843,1.2,ml,12,62,0,0.1,tx,tx2026oyhrkh,2026-07-31T14:50:57.249Z,"35 km ESE of Malaga, New Mexico",earthquake,0.77874301834311,0.64550209016018,0.2,7,reviewed,tx,tx
2026-07-31T12:46:06.870Z,38.771667480469,-122.73516845703,1.0800000429153,1.87,md,34,55,0.01162,0.04,nc,nc75409077,2026-07-31T13:32:20.611Z,"2 km ESE of The Geysers, CA",earthquake,0.19,0.25999999,0.14,35,automatic,nc,nc
2026-07-31T12:45:36.200Z,35.780166666667,-117.59433333333,11.21,0.29,ml,19,61,0.03559,0.13,ci,ci40664138,2026-07-31T17:02:22.865Z,"17 km W of Searles Valley, CA",earthquake,0.28,0.38,0.21143195156829,9,reviewed,ci,ci
2026-07-31T12:34:59.560Z,33.209666666667,-116.05783333333,9.58,1.3,ml,49,54,0.07623,0.2,ci,ci40664130,2026-07-31T15:40:59.830Z,"10 km NE of Ocotillo Wells, CA",earthquake,0.18,0.52,0.21130183158461,27,reviewed,ci,ci
2026-07-31T12:34:32.216Z,63.101,-151.53,0.9,2.3,ml,46,38,0.4,0.9,ak,aka2026paruhb,2026-07-31T12:36:17.209Z,"49 km S of Denali National Park, Alaska",earthquake,2.7,2.1635,0.4,5,automatic,ak,ak
2026-07-31T12:34:00.060Z,37.50899887085,-118.72049713135,5.5199999809265,1.53,md,13,144,0.1183,0.03,nc,nc75409072,2026-07-31T13:07:22.438Z,"7 km SSW of Toms Place, CA",earthquake,0.57,2.78999996,0.09,12,automatic,nc,nc
2026-07-31T12:33:35.274Z,61.32,-148.188,21.4,1,ml,14,76,0.2,0.7,ak,aka2026partii,2026-07-31T12:34:52.423Z,"41 km ESE of Knik River, Alaska",earthquake,5.2,5.0591,0.3,4,automatic,ak,ak
2026-07-31T12:03:20.238Z,59.37,-151.901,55.4,1.9,ml,49,128,0.3,0.6,ak,aka2026paqtbx,2026-07-31T12:04:45.314Z,"1 km NE of Nanwalek, Alaska",earthquake,3.5,3.3358,0.2,4,automatic,ak,ak
2026-07-31T11:56:23.780Z,33.889333333333,-116.1675,5.49,0.63,ml,23,79,0.03636,0.14,ci,ci40664122,2026-07-31T16:58:59.987Z,"19 km NNE of Indio, CA",earthquake,0.21,0.52,0.12761071091381,16,reviewed,ci,ci
2026-07-31T11:39:29.740Z,52.057666666667,-176.15266666667,12.12,-0.37,ml,5,158,0.005148,0.26,av,av94347973,2026-08-01T01:30:39.370Z,"38 km ENE of Adak, Alaska",earthquake,1.61,1.89,0.32183834865756,5,reviewed,av,av
2026-07-31T11:36:41.960Z,19.204666137695,-155.37466430664,30.709999084473,2.35,ml,52,171,0.03915,0.109999999,hv,hv75010962,2026-07-31T11:40:12.120Z,"10 km E of Pāhala, Hawaii",earthquake,0.44,0.50999999,0.33,7,automatic,hv,hv
2026-07-31T11:21:57.097Z,38.4115,-118.6795,7.93,1.58,ml,18,65,0.082,0.166,nn,nn00922633,2026-08-01T02:04:49.211Z,"13 km SSW of Hawthorne, Nevada",earthquake,,1.1718,0.4,12,reviewed,nn,nn
2026-07-31T11:18:11.662Z,31.649,-104.27,6.0999,1.7,ml,32,67,0.1,0.2,tx,tx2026oyesch,2026-07-31T13:24:58.798Z,"58 km NW of Toyah, Texas",earthquake,0.63550042901309,1.0377283328667,0.2,18,reviewed,tx,tx
2026-07-31T11:17:40.020Z,38.829833984375,-122.81517028809,1.6000000238419,0.98,md,18,53,0.0169,0.02,nc,nc75409042,2026-07-31T11:19:16.857Z,"8 km NW of The Geysers, CA",earthquake,0.22,0.479999989,0.21,19,automatic,nc,nc
2026-07-31T11:09:22.344Z,-41.0049,174.4771,55.622,4.5,mb,31,76,0.349,0.8,us,us6000th7q,2026-07-31T12:28:19.824Z,"31 km WNW of Titahi Bay, New Zealand",earthquake,2.44,8.633,0.18,9,reviewed,us,us
2026-07-31T10:47:31.572Z,57.964,-150.439,5,2.9,ml,84,182,1.2,1.2,ak,aka2026paofid,2026-07-31T10:50:07.775Z,"116 km ENE of Chiniak, Alaska",earthquake,6,,0.4,5,automatic,ak,ak
2026-07-31T10:47:18.890Z,32.539166666667,-115.642,10.15,1.58,ml,33,51,0.05112,0.2,ci,ci40664114,2026-07-31T16:35:32.750Z,"7 km SW of Progreso, B.C., MX",earthquake,0.25,0.5,0.23346243495706,20,reviewed,ci,ci
2026-07-31T10:37:55.340Z,32.624666666667,-115.57566666667,5.99,1.46,ml,33,77,0.0832,0.19,ci,ci40664106,2026-07-31T16:27:19.524Z,"5 km N of Progreso, B.C., MX",earthquake,0.19,1.12,0.19636930272958,23,reviewed,ci,ci
2026-07-31T10:37:07.340Z,31.852,-101.706,5.7373,0.8,ml,17,55,0,0.1,tx,tx2026oydgmp,2026-07-31T10:57:36.064Z,"21 km W of Garden City, Texas",earthquake,0.76311085706429,0.5552931827434,0.2,7,reviewed,tx,tx
2026-07-31T10:30:48.661Z,31.647,-104.398,6.0999,1.6,ml,25,71,0,0.3,tx,tx2026oyddbz,2026-07-31T11:14:17.294Z,"58 km S of Whites City, New Mexico",earthquake,0.86065340604278,0.62806236871161,0.1,19,reviewed,tx,tx
2026-07-31T10:29:38.051Z,61.38,-150.84,66.3,1.5,ml,25,64,0.5,0.6,ak,aka2026panpvo,2026-07-31T10:31:15.876Z,"25 km SW of Susitna, Alaska",earthquake,3.3,4.1688,0.1,7,automatic,ak,ak
2026-07-31T10:26:44.062Z,31.971,-102.314,7.8857,1.1,ml,30,68,0,0.2,tx,tx2026oyczto,2026-07-31T11:36:33.643Z,"8 km SE of Gardendale, Texas",earthquake,0.50254562444522,0.64620895573182,0.1,10,reviewed,tx,tx
2026-07-31T10:24:14.320Z,38.761001586914,-122.73066711426,1.4299999475479,1.67,md,28,65,0.004578,0.05,nc,nc75409032,2026-07-31T10:57:22.556Z,"3 km SE of The Geysers, CA",earthquake,0.24,0.310000002,0.14,31,automatic,nc,nc
2026-07-31T10:22:07.340Z,44.795333333333,-110.83983333333,4.69,0.18,md,15,107,0.01033,0.14,uu,uu80146791,2026-07-31T17:25:22.190Z,"22 km SSW of Mammoth, Wyoming",earthquake,0.27,0.34,0.14140501955237,9,reviewed,uu,uu
2026-07-31T10:19:49.270Z,34.024166666667,-117.02916666667,19.24,0.82,ml,27,54,0.1001,0.13,ci,ci40664098,2026-07-31T16:17:41.646Z,"2 km SE of Yucaipa, CA",earthquake,0.2,0.51,0.13908224687711,17,reviewed,ci,ci
2026-07-31T10:05:10.304Z,32.108,-101.964,8.4473,0.9,ml,12,64,0.1,0.1,tx,tx2026oycgma,2026-07-31T11:43:55.359Z,"16 km NE of Midland, Texas",earthquake,0.62535478509713,1.0056843583392,0.1,9,reviewed,tx,tx
2026-07-31T10:00:12.500Z,60.034,-153.15233333333,4.89,-0.68,ml,5,200,0.0263,0.22,av,av94347833,2026-07-31T23:37:34.820Z,"60 km ENE of Pedro Bay, Alaska",earthquake,1.94,1.46,0.4783355898922,5,reviewed,av,av
2026-07-31T09:46:22.790Z,38.791500091553,-122.80699920654,3.710000038147,0.73,md,10,100,0.004413,0.02,nc,nc75409022,2026-07-31T09:47:57.379Z,"5 km WNW of The Geysers, CA",earthquake,0.47,1.15999997,0.05,13,automatic,nc,nc
2026-07-31T09:40:08.012Z,14.0049,-93.2612,10,4.4,mb,106,159,3.719,0.69,us,us6000th7g,2026-07-31T11:35:40.040Z,"120 km SW of Puerto Madero, Mexico",earthquake,9,1.925,0.045,142,reviewed,us,us
2026-07-31T09:34:21.080Z,38.174166666667,-112.2885,2.53,1.82,ml,21,52,0.1559,0.25,uu,uu80146786,2026-07-31T17:12:17.820Z,"1 km W of Circleville, Utah",earthquake,0.43,2.4,0.054080373453377,6,reviewed,uu,uu
2026-07-31T09:28:10.510Z,38.161333333333,-112.28966666667,1.58,1.67,ml,15,83,0.1457,0.23,uu,uu80146781,2026-07-31T16:00:11.690Z,"2 km SW of Circleville, Utah",earthquake,0.62,15.45,0.27419108307455,4,reviewed,uu,uu
2026-07-31T09:26:01.088Z,58.137,-154.604,34.6,1,ml,18,116,0.2,0.9,ak,aka2026palmti,2026-07-31T23:41:35.190Z,"63 km N of Karluk, Alaska",earthquake,6,3.6825,0.5,4,automatic,ak,ak
2026-07-31T09:25:25.740Z,35.360833333333,-117.79083333333,4.61,1.55,ml,53,37,0.1035,0.18,ci,ci40664090,2026-07-31T15:41:17.824Z,"14 km W of Johannesburg, CA",earthquake,0.15,0.43,0.13991233974824,26,reviewed,ci,ci
2026-07-31T09:12:01.636Z,31.419,-103.698,0,1.8,ml,4,187,0.2,0.3,tx,tx2026oyanki,2026-07-31T09:14:54.266Z,"14 km NE of Toyah, Texas",earthquake,0,,1.2,4,automatic,tx,tx
2026-07-31T09:12:00.690Z,19.05316734314,-155.34066772461,31.209999084473,1.81,md,24,268,0.1534,0.170000002,hv,hv75010932,2026-07-31T09:15:26.450Z,"22 km SE of Pāhala, Hawaii",earthquake,0.93,1.23000002,0.14108954454498,13,automatic,hv,hv
2026-07-31T09:08:55.647Z,36.2353,53.9299,10,4.6,mb,114,54,4.848,0.4,us,us6000th6a,2026-07-31T10:19:32.040Z,"37 km WNW of Dāmghān, Iran",earthquake,7.81,1.861,0.063,76,reviewed,us,us
2026-07-31T09:00:20.650Z,32.37,-102.053,8.4229,0.4,ml,12,85,0,0.1,tx,tx2026oyadii,2026-07-31T11:55:03.178Z,"36 km WSW of Ackerly, Texas",earthquake,1.1319731582227,1.0961111752395,0.2,8,reviewed,tx,tx
2026-07-31T08:57:09.310Z,32.27,-101.875,6.7139,0.6,ml,17,77,0,0.1,tx,tx2026oyaaoo,2026-07-31T11:46:21.932Z,"17 km NNW of Stanton, Texas",earthquake,0.83699970297711,0.70769485019944,0.1,7,reviewed,tx,tx
2026-07-31T08:54:56.570Z,38.775501251221,-122.93783569336,3.2999999523163,1.14,md,11,151,0.06054,0.02,nc,nc75409012,2026-07-31T09:37:22.057Z,"8 km ESE of Cloverdale, CA",earthquake,0.4,1.95000005,0.08,10,automatic,nc,nc
2026-07-31T08:47:32.450Z,17.979333333333,-66.983666666667,6.82,2.36,md,12,169,0.05847,0.15,pr,pr71526858,2026-07-31T10:22:42.480Z,"6 km E of La Parguera, Puerto Rico",earthquake,0.63,0.48,0.18077596839527,7,reviewed,pr,pr
2026-07-31T08:46:30.320Z,61.308666666667,-152.17516666667,-3.18,-0.47,ml,8,163,0.04439,0.21,av,av93065199,2026-07-31T23:26:33.210Z,"61 km WNW of Beluga, Alaska",earthquake,0.58,2.39,0.10965127659111,6,reviewed,av,av
2026-07-31T08:39:55.160Z,36.484,-89.538166666667,8.84,1.68,md,26,59,0.05498,0.1,nm,nm60625956,2026-07-31T12:41:45.100Z,"7 km ESE of Marston, Missouri",earthquake,0.25,0.6,0.065595333096954,21,reviewed,nm,nm
2026-07-31T08:31:28.631Z,4.0899,93.1811,10,4.9,mww,42,53,3.92,0.53,us,us6000th68,2026-07-31T08:48:47.040Z,"287 km SW of Banda Aceh, Indonesia",earthquake,10.84,1.874,0.103,9,reviewed,us,us
2026-07-31T08:28:53.080Z,38.773498535156,-122.94383239746,6.3600001335144,1.81,md,38,58,0.05569,0.05,nc,nc75409002,2026-07-31T09:12:18.884Z,"7 km ESE of Cloverdale, CA",earthquake,0.21,0.649999976,0.15,38,automatic,nc,nc
2026-07-31T08:26:34.620Z,32.826,-115.4705,10.66,1.02,ml,18,84,0.0287,0.24,ci,ci40664082,2026-07-31T16:14:09.843Z,"9 km W of Holtville, CA",earthquake,0.48,0.74,0.24371018171322,9,reviewed,ci,ci
2026-07-31T08:25:35.300Z,40.332164764404,-125.17966461182,2.7699999809265,2.53,md,12,312,0.6416,0.15,nc,nc75408997,2026-07-31T08:47:23.711Z,"76 km W of Petrolia, CA",earthquake,8.97,8.78999996,0.02,4,automatic,nc,nc
2026-07-31T08:09:01.160Z,17.938,-66.914166666667,14.83,2.17,md,12,215,0.04962,0.09,pr,pr71526848,2026-07-31T10:14:48.080Z,"3 km S of Guánica, Puerto Rico",earthquake,0.66,0.47,0.16298848854122,8,reviewed,pr,pr
2026-07-31T08:02:07.021Z,51.413,-173.411,3,3.8,ml,35,213,0.9,0.6,ak,aka2026pairvt,2026-07-31T09:22:42.518Z,"102 km SSE of Atka, Alaska",earthquake,7,3.7513,0.1,26,reviewed,ak,ak
2026-07-31T07:56:54.010Z,57.036166666667,-135.6465,6.83,-0.19,ml,5,182,0.03511,0.12,av,av93065189,2026-07-31T23:13:02.440Z,"19 km W of Sitka, Alaska",earthquake,1.14,0.79,0.21393776280715,5,reviewed,av,av
2026-07-31T07:38:28.440Z,33.669333333333,-116.99333333333,11.34,1.18,ml,63,17,0.02351,0.19,ci,ci40664074,2026-07-31T15:42:08.040Z,"9 km SSW of Hemet, CA",earthquake,0.16,0.23,0.13753708059321,27,reviewed,ci,ci
2026-07-31T07:37:54.740Z,47.958,-121.70133333333,-0.27,2.19,ml,33,78,,0.39,uw,uw714066821,2026-07-31T17:34:13.244Z,"10 km NNE of Startup, Washington",earthquake,0.4,0.99,0.15748845174561,62,reviewed,uw,uw
2026-07-31T07:34:48.817Z,58.271,-154.89,3.3,1.1,ml,15,157,0.1,0.7,ak,aka2026pahugj,2026-07-31T23:09:03.080Z,"82 km NNW of Karluk, Alaska",earthquake,7.8,19.7027,0.2,4,automatic,ak,ak
2026-07-31T07:32:54.950Z,-19.2671,-177.4653,581.048,4.5,mb,38,103,4.096,1.01,us,us6000th63,2026-07-31T07:49:04.040Z,"Fiji region",earthquake,15.03,10.337,0.09,36,reviewed,us,us
2026-07-31T07:31:18.244Z,63.037,-150.41,106,1.9,ml,64,29,0.5,0.7,ak,aka2026pahrfu,2026-07-31T07:33:06.591Z,"62 km NNE of Petersville, Alaska",earthquake,2.8,3.0038,0.2,4,automatic,ak,ak
2026-07-31T07:28:35.370Z,51.696,-178.7985,13.6,1.02,ml,4,318,0.06655,0.17,av,av94347583,2026-07-31T20:35:52.740Z,"150 km W of Adak, Alaska",earthquake,1.97,1.59,0.059539930719918,4,reviewed,av,av
2026-07-31T07:22:07.550Z,38.821166992188,-122.80933380127,2.8800001144409,0.74,md,15,47,0.01714,0.02,nc,nc75408982,2026-07-31T07:23:42.174Z,"7 km NW of The Geysers, CA",earthquake,0.29,0.649999976,0.33,16,automatic,nc,nc
2026-07-31T07:20:13.180Z,52.055666666667,-176.17683333333,6.88,-0.34,ml,5,200,0.01977,0.32,av,av94347568,2026-07-31T23:04:31.800Z,"37 km ENE of Adak, Alaska",earthquake,1.47,1.64,0.29521125554425,5,reviewed,av,av
2026-07-31T07:03:00.586Z,60.277,-147.289,19.1,1.4,ml,16,114,0.3,0.8,ak,aka2026pagsrw,2026-07-31T07:04:18.565Z,"46 km ENE of Chenega, Alaska",earthquake,4.2,2.4165,0.2,4,automatic,ak,ak
2026-07-31T06:58:59.500Z,34.001666666667,-117.2185,3.9,1.22,ml,67,32,0.06615,0.17,ci,ci40664066,2026-07-31T15:41:22.124Z,"7 km SE of Loma Linda, CA",earthquake,0.12,0.4,0.22036999002526,25,reviewed,ci,ci
2026-07-31T06:51:57.910Z,39.302833557129,-122.79316711426,4.3600001335144,2.65,md,31,68,0.09045,0.11,nc,nc75408977,2026-07-31T07:50:15.107Z,"18 km NNE of Upper Lake, CA",earthquake,0.2,0.980000019,0.12,29,automatic,nc,nc
2026-07-31T06:34:22.200Z,44.573333333333,-110.75183333333,5.7,0.34,md,9,96,0.08279,0.12,uu,uu80146776,2026-07-31T15:55:07.340Z,"29 km ESE of West Yellowstone, Montana",earthquake,0.37,1.88,0.41896572541229,5,reviewed,uu,uu
2026-07-31T06:34:18.530Z,19.219166666667,-155.48616666667,31.63,1.79,ml,37,83,0.03148,0.12,hv,hv75010897,2026-07-31T22:45:02.480Z,"1 km NNW of Pāhala, Hawaii",earthquake,0.5,0.65,0.21903963964888,11,reviewed,hv,hv
2026-07-31T06:30:26.157Z,-29.4109,-176.5524,37.846,5,mb,45,148,1.213,1.32,us,us6000th5s,2026-07-31T06:48:01.040Z,"Kermadec Islands region",earthquake,10.6,7.032,0.116,24,reviewed,us,us
2026-07-31T06:26:05.519Z,32.224,-101.414,8.2275,1.2,ml,31,77,0,0.2,tx,tx2026oxvajc,2026-07-31T13:53:55.367Z,"6 km ESE of Big Spring, Texas",earthquake,0.40079410140962,1.056282500788,0.1,15,reviewed,tx,tx
2026-07-31T06:25:25.200Z,33.477166666667,-116.7405,15.26,0.46,ml,30,46,0.06243,0.16,ci,ci40664058,2026-07-31T15:41:35.314Z,"11 km SW of Anza, CA",earthquake,0.2,0.42,0.10797548583326,13,reviewed,ci,ci
2026-07-31T06:24:48.580Z,19.120666503906,-155.50250244141,32.290000915527,1.78,md,20,173,0.1271,0.180000007,hv,hv75010892,2026-07-31T06:28:42.160Z,"9 km SSW of Pāhala, Hawaii",earthquake,0.77,1.47000003,0.10148860751694,12,automatic,hv,hv
2026-07-31T06:21:45.720Z,44.5795,-110.75416666667,7.49,1.04,ml,16,85,0.07811,0.14,uu,uu80146771,2026-07-31T15:52:20.180Z,"29 km ESE of West Yellowstone, Montana",earthquake,0.29,0.79,0.083974508255993,5,reviewed,uu,uu
2026-07-31T06:18:58.100Z,44.579833333333,-110.75133333333,7.17,1.45,ml,23,70,0.0797,0.16,uu,uu80146766,2026-07-31T15:40:51.850Z,"29 km ESE of West Yellowstone, Montana",earthquake,0.29,0.65,0.15827313143428,8,reviewed,uu,uu
2026-07-31T06:11:40.653Z,31.656,-104.42,5.7922,1.5,ml,28,67,0,0.2,tx,tx2026oxukzu,2026-07-31T19:41:00.082Z,"57 km S of Whites City, New Mexico",earthquake,1.1001155901434,0.57260215239862,0.1,15,reviewed,tx,tx
2026-07-31T06:04:19.647Z,55.972,-160.628,148.5,1.7,ml,13,164,0.6,0.2,ak,aka2026paetxx,2026-07-31T06:06:29.403Z,"36 km E of Nelson Lagoon, Alaska",earthquake,50.7,25.4689,0.3,8,automatic,ak,ak
2026-07-31T05:52:55.952Z,32.147,-101.073,3.9795,1.8,ml,32,50,0.2,0.1,tx,tx2026oxtxvl,2026-07-31T07:52:55.518Z,"23 km SSW of Westbrook, Texas",earthquake,0.62238511265353,2.3707978279046,0.2,23,reviewed,tx,tx
2026-07-31T05:46:25.460Z,33.243166666667,-116.37816666667,5.01,0.64,ml,39,44,0.04112,0.2,ci,ci40664042,2026-07-31T15:41:39.450Z,"1 km SSW of Borrego Springs, CA",earthquake,0.2,0.42,0.15754461585447,12,reviewed,ci,ci
2026-07-31T05:45:57.740Z,50.9988,-125.5443,10,4.1,mb,64,79,1.681,1,us,us6000th5m,2026-08-01T05:53:41.544Z,"111 km N of Campbell River, Canada",earthquake,5.7,1.959,0.059,78,reviewed,us,us
2026-07-31T05:36:34.280Z,44.5805,-110.7525,6.95,0.8,ml,14,93,0.07865,0.14,uu,uu80146761,2026-07-31T15:33:57.320Z,"29 km ESE of West Yellowstone, Montana",earthquake,0.32,1.41,0.13424332794144,6,reviewed,uu,uu
2026-07-31T05:33:40.550Z,35.619833333333,-117.45216666667,5.19,0.73,ml,20,81,0.05078,0.11,ci,ci40664034,2026-07-31T15:41:52.793Z,"17 km SSW of Searles Valley, CA",earthquake,0.22,0.36,0.13667980462139,7,reviewed,ci,ci
2026-07-31T05:31:06.999Z,58.713,-155.024,136.1,1.6,ml,48,114,0.1,0.5,ak,aka2026padqzf,2026-07-31T05:33:13.994Z,"82 km S of Kokhanok, Alaska",earthquake,6.1,2.8885,0.2,18,automatic,ak,ak
2026-07-31T05:31:04.370Z,32.615166666667,-115.57433333333,3.87,1.53,ml,27,82,0.07738,0.22,ci,ci40664026,2026-07-31T16:04:36.397Z,"4 km NNE of Progreso, B.C., MX",earthquake,0.3,0.61,0.10201676154134,22,reviewed,ci,ci
2026-07-31T05:12:56.960Z,46.208166666667,-122.3055,12.31,0.34,md,16,127,0.03782,0.08,uw,uw714066791,2026-07-31T05:48:21.710Z,"34 km NNE of Amboy, Washington",earthquake,0.36,0.42,0.27018339724015,8,reviewed,uw,uw
2026-07-31T05:08:14.540Z,57.498,-154.729,12.7,1.5,ml,21,181,0.2,0.7,ak,aka2026pacxcn,2026-07-31T05:09:45.171Z,"18 km WSW of Karluk, Alaska",earthquake,5.2,3.3053,0.2,5,automatic,ak,ak
2026-07-31T04:56:41.699Z,60.108,-150.439,35.9,1.6,ml,38,113,0.4,0.7,ak,aka2026pacneh,2026-07-31T04:58:01.041Z,"40 km NE of Fox River, Alaska",earthquake,3.6,3.702,0.1,4,automatic,ak,ak
2026-07-31T04:50:31.885Z,31.667,-104.426,4.4849,1.8,ml,31,70,0,0.2,tx,tx2026oxrurm,2026-07-31T07:31:17.707Z,"56 km S of Whites City, New Mexico",earthquake,1.0154269867484,0.61921357047521,0.1,20,reviewed,tx,tx
2026-07-31T04:49:38.350Z,51.697833333333,-178.70866666667,12.44,1.23,ml,5,328,0.07476,0.17,av,av94347333,2026-07-31T20:33:22.510Z,"144 km W of Adak, Alaska",earthquake,1.88,1.05,0.22903303624595,5,reviewed,av,av
2026-07-31T04:49:37.379Z,35.4057,44.5639,10,4.1,mb,15,163,0.772,1.02,us,us6000th5i,2026-08-01T01:12:54.224Z,"17 km ESE of Kirkuk, Iraq",earthquake,3.92,1.927,0.197,7,reviewed,us,us
2026-07-31T04:46:54.694Z,62.247,-150.407,61.4,1.1,ml,9,91,0.2,0.5,ak,aka2026pacerp,2026-07-31T04:48:46.358Z,"11 km SW of Trapper Creek, Alaska",earthquake,6.5,4.8937,0.2,5,automatic,ak,ak
2026-07-31T04:37:11.190Z,46.2095,-122.30233333333,14.87,-0.07,md,10,126,0.04258,0.25,uw,uw714066781,2026-07-31T05:51:42.370Z,"35 km NNE of Amboy, Washington",earthquake,1.01,1.15,0.048983319541143,5,reviewed,uw,uw
2026-07-31T04:36:09.550Z,35.858,-97.23,6.86,1.08,ml,65,66,0.01799646848,0.37,ok,ok2026ovwg,2026-07-31T12:12:14.957Z,"2 km NE of Meridian, Oklahoma",earthquake,,0.6,0.22,29,reviewed,ok,ok
2026-07-31T04:26:41.780Z,36.025666666667,-117.77566666667,1.69,0.7,ml,18,66,0.008448,0.13,ci,ci40664018,2026-07-31T15:42:09.525Z,"15 km NE of Little Lake, CA",earthquake,0.17,0.16,0.11698421984999,7,reviewed,ci,ci
2026-07-31T04:18:21.350Z,38.783332824707,-122.71783447266,1.9900000095367,1.08,md,10,95,0.01476,0.02,nc,nc75408952,2026-07-31T04:19:55.889Z,"2 km WNW of Anderson Springs, CA",earthquake,0.31,0.939999998,0.22,10,automatic,nc,nc
2026-07-31T04:03:27.409Z,31.431,-103.943,6.0999,1.5,ml,34,77,0.1,0.2,tx,tx2026oxqhlu,2026-07-31T08:16:19.999Z,"19 km NW of Toyah, Texas",earthquake,0.74727195811322,1.0073870896269,0.1,18,reviewed,tx,tx
2026-07-31T04:02:53.372Z,-28.3933,-176.7278,35,5,mb,46,76,1.353,1.14,us,us6000th5f,2026-07-31T04:22:26.040Z,"Kermadec Islands region",earthquake,12.39,1.908,0.065,76,reviewed,us,us
2026-07-31T04:02:29.350Z,38.827667236328,-122.85416412353,1.9800000190735,0.74,md,12,134,0.002119,0.02,nc,nc75408947,2026-07-31T04:04:06.767Z,"10 km WNW of The Geysers, CA",earthquake,0.41,0.649999976,0.11,14,automatic,nc,nc
2026-07-31T03:37:51.050Z,44.5845,-110.74716666667,4.49,0.29,md,9,90,0.07716,0.12,uu,uu80007788,2026-07-31T14:43:35.580Z,"29 km ESE of West Yellowstone, Montana",earthquake,0.65,0.54,0.40966466911212,7,reviewed,uu,uu
2026-07-31T03:37:25.790Z,44.582,-110.75166666667,4.8,0.31,md,9,94,0.07845,0.15,uu,uu80146756,2026-07-31T14:42:03.340Z,"29 km ESE of West Yellowstone, Montana",earthquake,0.56,0.64,0.48901919295692,6,reviewed,uu,uu
2026-07-31T03:34:18.650Z,33.007666666667,-116.36133333333,8.64,1.49,ml,57,48,0.05473,0.19,ci,ci40664010,2026-07-31T15:43:14.280Z,"24 km ESE of Julian, CA",earthquake,0.15,0.42,0.1848526888548,26,reviewed,ci,ci
2026-07-31T03:27:09.170Z,35.746333333333,-117.58416666667,2.9,1.26,ml,28,62,0.0701,0.15,ci,ci40664002,2026-07-31T15:42:29.569Z,"16 km NNE of Ridgecrest, CA",earthquake,0.17,0.38,0.13229807229118,19,reviewed,ci,ci
2026-07-31T03:26:49.169Z,31.644,-104.172,6.087,1.6,ml,40,62,0.1,0.2,tx,tx2026oxpbxl,2026-07-31T08:07:16.641Z,"51 km NW of Toyah, Texas",earthquake,0.58842038392086,0.51062676275439,0.2,26,reviewed,tx,tx
2026-07-31T03:26:24.773Z,58.402,-154.449,1.1,1.1,ml,14,148,0.1,0.2,ak,aka2026ozzmxg,2026-07-31T22:19:59.650Z,"92 km N of Karluk, Alaska",earthquake,6.5,61.8341,0.3,4,automatic,ak,ak
2026-07-31T03:24:35.226Z,32.414,-101.903,8.9111,0.3,ml,14,79,0,0.2,tx,tx2026oxozzu,2026-07-31T11:29:43.009Z,"21 km SW of Ackerly, Texas",earthquake,0.67026087796324,1.2756859440723,0.1,6,reviewed,tx,tx
2026-07-31T03:21:12.930Z,44.5805,-110.75516666667,5.37,1.51,ml,26,58,0.07699,0.18,uu,uu80146751,2026-07-31T14:25:09.680Z,"29 km ESE of West Yellowstone, Montana",earthquake,0.25,1.33,0.23260171534746,9,reviewed,uu,uu
2026-07-31T03:17:24.130Z,39.311832427979,-123.22699737549,12.800000190735,1.27,md,8,79,0.02396,0.19,nc,nc75408937,2026-07-31T04:52:21.137Z,"6 km NNW of Redwood Valley, CA",earthquake,0.74,1.35000002,0.23,5,automatic,nc,nc
2026-07-31T03:14:44.490Z,19.282,-155.35283333333,29.68,1.67,ml,37,130,0.04512,0.12,hv,hv75010807,2026-07-31T20:38:24.040Z,"15 km ENE of Pāhala, Hawaii",earthquake,0.46,0.51,0.25592784991136,12,reviewed,hv,hv
2026-07-31T03:14:12.590Z,44.583,-110.75066666667,5.59,0.6,ml,14,71,0.07861,0.2,uu,uu80146746,2026-07-31T14:40:27.100Z,"29 km ESE of West Yellowstone, Montana",earthquake,0.45,1.55,0.12446247434768,5,reviewed,uu,uu
2026-07-31T03:11:32.980Z,44.577666666667,-110.75633333333,5.48,0.12,ml,9,97,0.07774,0.12,uu,uu80146741,2026-07-31T14:34:48.280Z,"29 km ESE of West Yellowstone, Montana",earthquake,0.38,1.53,0.020609106918465,2,reviewed,uu,uu
2026-07-31T03:00:12.660Z,33.166833333333,-115.97916666667,8.35,1.06,ml,40,60,0.006745,0.17,ci,ci40663994,2026-07-31T15:57:17.152Z,"14 km E of Ocotillo Wells, CA",earthquake,0.17,0.35,0.14439212344956,27,reviewed,ci,ci
2026-07-31T02:55:27.840Z,38.766166687012,-122.7011642456,2.1500000953674,1.08,md,13,118,0.00249,0.03,nc,nc75408932,2026-07-31T02:57:05.360Z,"1 km SW of Anderson Springs, CA",earthquake,0.34,0.469999999,0.13,14,automatic,nc,nc
2026-07-31T02:54:42.450Z,47.7045,-120.27283333333,1.22,1.03,ml,14,78,0.05096,0.08,uw,uw714066741,2026-07-31T18:27:25.490Z,"5 km WNW of Entiat, Washington",earthquake,0.21,1.3,0.13417842059198,12,reviewed,uw,uw
2026-07-31T02:52:48.550Z,38.784832000732,-122.91766357422,4.5,1.12,md,10,220,0.04653,0.02,nc,nc75408927,2026-07-31T03:42:22.697Z,"9 km ESE of Cloverdale, CA",earthquake,1.2,1.61000001,0.21,9,automatic,nc,nc
2026-07-31T02:52:40.370Z,38.775501251221,-122.9375,4.3499999046326,1.13,md,20,151,0.0608,0.04,nc,nc75408922,2026-07-31T04:27:21.976Z,"8 km ESE of Cloverdale, CA",earthquake,0.36,1.49000001,0.17,23,automatic,nc,nc
2026-07-31T02:49:20.885Z,32.413,-102.275,8.8867,1.4,ml,37,72,0.1,0.2,tx,tx2026oxnvph,2026-07-31T08:46:42.648Z,"26 km ENE of McKinney Acres, Texas",earthquake,0.81804898371387,1.1117375448803,0.1,14,reviewed,tx,tx
2026-07-31T02:47:42.355Z,32.416,-102.276,8.7158,1.6,ml,41,73,0.1,0.1,tx,tx2026oxnueg,2026-07-31T08:33:03.731Z,"26 km ENE of McKinney Acres, Texas",earthquake,0.59598471718419,0.67020614469162,0.1,21,reviewed,tx,tx
2026-07-31T02:47:21.890Z,38.774501800537,-122.93416595459,4.5700001716614,1.57,md,30,119,0.0633,0.05,nc,nc75408917,2026-07-31T03:37:19.654Z,"8 km ESE of Cloverdale, CA",earthquake,0.29,0.829999983,0.16,29,automatic,nc,nc
2026-07-31T02:46:46.570Z,38.829666137695,-122.81600189209,1.6000000238419,0.71,md,14,61,0.01624,0.03,nc,nc75408912,2026-07-31T02:48:21.387Z,"8 km NW of The Geysers, CA",earthquake,0.27,0.790000021,0.1,14,automatic,nc,nc
2026-07-31T02:25:55.460Z,52.299833333333,-173.91366666667,14.62,1.06,ml,6,294,0.09526,0.15,av,av94347133,2026-07-31T22:01:58.700Z,"22 km ENE of Atka, Alaska",earthquake,1.05,1.22,0.28894233715323,6,reviewed,av,av
2026-07-31T02:23:50.150Z,38.789833068848,-122.75,0.93000000715256,0.74,md,8,156,0.01229,0.03,nc,nc75408907,2026-07-31T02:25:26.107Z,"1 km NNE of The Geysers, CA",earthquake,0.54,0.870000005,0.05,9,automatic,nc,nc
2026-07-31T02:21:20.808Z,37.1177,-114.8339,6.8187,2.67,ml,13,116,0.337,0.1556,nn,nn00922625,2026-08-01T02:04:09.881Z,"40 km SE of Alamo, Nevada",earthquake,,4.2314,0.48,6,reviewed,nn,nn
2026-07-31T02:16:59.400Z,38.774501800537,-122.93433380127,4.6700000762939,1.82,md,35,60,0.06245,0.06,nc,nc75408897,2026-07-31T03:12:20.474Z,"8 km ESE of Cloverdale, CA",earthquake,0.26,0.720000029,0.13,34,automatic,nc,nc
2026-07-31T02:07:56.445Z,-28.5632,-176.9647,44.986,4.6,mb,25,139,1.085,0.86,us,us6000th54,2026-07-31T02:34:56.040Z,"Kermadec Islands region",earthquake,13.52,7.021,0.133,17,reviewed,us,us
2026-07-31T02:02:57.490Z,46.738166666667,-121.1265,6.24,1.39,ml,30,73,0.1964,0.2,uw,uw714066721,2026-07-31T18:00:19.980Z,"16 km WSW of Nile, Washington",earthquake,0.34,0.43,0.1441627633577,10,reviewed,uw,uw
2026-07-31T02:01:28.900Z,33.964166666667,-117.15116666667,15.53,0.66,ml,17,107,0.1117,0.14,ci,ci40663986,2026-07-31T15:46:58.524Z,"8 km ENE of Moreno Valley, CA",earthquake,0.27,0.83,0.14311352287876,6,reviewed,ci,ci
2026-07-31T01:49:51.157Z,63.134,-151.163,5,1.6,ml,12,130,0.5,0.5,ak,aka2026ozwhek,2026-07-31T01:51:38.598Z,"53 km SSE of Denali National Park, Alaska",earthquake,6.7,,0.2,4,automatic,ak,ak
2026-07-31T01:40:09.282Z,55.877,-159.831,11.6,1.1,ml,9,189,0.2,0.6,ak,aka2026ozvysx,2026-07-31T21:58:57.410Z,"21 km W of Ivanof Bay, Alaska",earthquake,19.9,6.9211,0.3,4,automatic,ak,ak
2026-07-31T01:34:29.740Z,32.004,-103.236,6.0999,1,ml,19,70,0.1,0.2,tx,tx2026oxljdg,2026-07-31T09:02:47.525Z,"12 km SSW of Jal, New Mexico",earthquake,0.83697334035554,1.2448593408668,0.2,6,reviewed,tx,tx
2026-07-31T01:26:22.080Z,60.525,-152.30266666667,13.28,-0.03,ml,8,293,0.07061,0.06,av,av94347043,2026-07-31T21:44:56.580Z,"54 km W of Salamatof, Alaska",earthquake,0.45,0.62,0.22266534004419,8,reviewed,av,av
2026-07-31T01:10:00.736Z,-0.6197,-80.9479,10,4.3,mb,13,233,2.086,0.98,us,us6000th4p,2026-07-31T01:23:50.040Z,"46 km NW of Manta, Ecuador",earthquake,6.95,1.998,0.375,2,reviewed,us,us
2026-07-31T01:09:19.570Z,38.817333221435,-122.81316375732,2.7799999713898,1.04,md,14,72,0.0151,0.02,nc,nc75408877,2026-07-31T01:10:56.421Z,"7 km NW of The Geysers, CA",earthquake,0.32,0.660000026,0.2,17,automatic,nc,nc
2026-07-31T01:07:58.160Z,38.790000915527,-122.80616760254,3.1800000667572,1.09,md,27,83,0.002942,0.03,nc,nc75408872,2026-07-31T01:09:36.324Z,"5 km WNW of The Geysers, CA",earthquake,0.28,0.430000007,0.13,26,automatic,nc,nc
2026-07-31T00:58:44.364Z,-8.3349,-74.4353,154.355,5.6,mww,89,97,1.816,1.41,us,us6000th4k,2026-08-01T01:04:30.311Z,"13 km ENE of San Fernando, Peru",earthquake,7.03,6.144,0.051,37,reviewed,us,us
2026-07-31T00:48:54.330Z,58.160333333333,-155.3125,1.13,-0.54,ml,7,115,0.0509,0.07,av,av94346963,2026-07-31T20:56:25.110Z,"83 km NW of Karluk, Alaska",earthquake,0.29,1.37,0.34207167993472,7,reviewed,av,av
2026-07-31T00:31:01.980Z,38.822166442871,-122.81150054932,2.9100000858307,1.14,md,18,53,0.019,0.02,nc,nc75408857,2026-07-31T01:32:19.778Z,"7 km NW of The Geysers, CA",earthquake,0.25,0.550000012,0.17,20,automatic,nc,nc
2026-07-31T00:25:28.090Z,46.941,-122.0055,8.26,0.3,ml,9,98,0.02952,0.08,uw,uw714066691,2026-07-31T06:00:41.410Z,"15 km SSE of Carbonado, Washington",earthquake,0.42,0.6,0.021070480952808,2,reviewed,uw,uw
2026-07-31T00:19:36.570Z,59.357666666667,-153.429,-1.17,-0.42,ml,5,179,0.009442,0.27,av,av94346933,2026-08-01T03:36:17.810Z,"61 km SE of Pedro Bay, Alaska",earthquake,0.43,1.08,0.10722811799884,4,reviewed,av,av
2026-07-31T00:11:09.430Z,46.941166666667,-122.0065,8.43,0.29,ml,9,79,0.02973,0.08,uw,uw714066671,2026-07-31T06:03:03.020Z,"15 km SSE of Carbonado, Washington",earthquake,0.4,0.64,0.018623046627074,2,reviewed,uw,uw
2026-07-31T00:09:08.035Z,37.7502,-117.2863,15.958,1.66,ml,8,155,0.942,0.2696,nn,nn00922618,2026-07-31T00:11:29.455Z,"6 km NW of Goldfield, Nevada",earthquake,,0.0014,0.46,4,automatic,nn,nn
2026-07-30T23:53:00.155Z,62.878,-150.614,90.1,1.8,ml,48,58,0.4,0.6,ak,aka2026ozsjgv,2026-07-30T23:54:41.873Z,"43 km N of Petersville, Alaska",earthquake,3.4,3.1569,0.2,4,automatic,ak,ak
2026-07-30T23:49:39.080Z,51.756833333333,-178.81416666667,10.76,0.71,ml,5,228,0.02547,0.16,av,av94346883,2026-07-31T20:05:51.010Z,"150 km W of Adak, Alaska",earthquake,1.05,0.8,0.29821218361884,5,reviewed,av,av
2026-07-30T23:41:43.210Z,56.017166666667,-159.69416666667,10.2,0.31,ml,5,303,0.09259,0.21,av,av94346878,2026-07-31T20:02:20.700Z,"18 km NW of Ivanof Bay, Alaska",earthquake,1.12,1.24,0.1490310858971,5,reviewed,av,av
2026-07-30T23:40:50.730Z,33.4795,-116.40516666667,7.31,0.59,ml,22,88,0.1415,0.14,ci,ci40663962,2026-07-31T00:00:20.781Z,"22 km SSW of La Quinta, CA",earthquake,0.19,0.67,0.18215049519361,9,reviewed,ci,ci
2026-07-30T23:40:29.230Z,33.479833333333,-116.40833333333,6.58,0.62,ml,20,87,0.1433,0.14,ci,ci40663954,2026-07-30T23:52:36.747Z,"22 km SSW of La Quinta, CA",earthquake,0.2,0.91,0.097250814645779,11,reviewed,ci,ci
2026-07-30T23:36:07.770Z,47.610333333333,-122.0005,3.57,0.32,md,11,83,0.1012,0.38,uw,uw714066641,2026-07-31T18:56:55.270Z,"2 km ENE of City of Sammamish, Washington",earthquake,0.71,31.61,0.054500702682747,3,reviewed,uw,uw
2026-07-30T23:34:23.844Z,31.77,-101.924,6.0303,1.1,ml,38,67,0,0.2,tx,tx2026oxhjqg,2026-07-31T12:48:20.332Z,"29 km SSE of Midland, Texas",earthquake,0.93764441744185,0.70201875387249,0.2,12,reviewed,tx,tx
2026-07-30T23:22:27.810Z,17.9535,-67.1995,2.48,1.57,md,3,303,0.1004,0.25,pr,pr71526823,2026-07-31T01:38:36.290Z,"2 km SSW of Pole Ojea, Puerto Rico",earthquake,1.72,22.34,0.076416391006959,3,reviewed,pr,pr
2026-07-30T23:08:31.220Z,49.371666666667,-120.518,-0.36,1.86,ml,7,217,0.5858,0.2,uw,uw714066611,2026-07-31T18:50:56.970Z,"9 km S of Princeton, Canada",explosion,1.99,31.61,0.17504875064572,6,reviewed,uw,uw
2026-07-30T23:07:37.620Z,37.396331787109,-118.56583404541,10.89999961853,1.74,md,8,150,0.1137,0.03,nc,nc75408837,2026-07-30T23:52:19.132Z,"3 km SE of Round Valley, CA",earthquake,0.45,1.71000004,0.19,5,automatic,nc,nc
2026-07-30T23:00:45.136Z,64.971,-147.489,3.5,1.2,ml,16,47,0.1,0.7,ak,aka2026ozqqnw,2026-07-30T23:02:03.465Z,"6 km ENE of Fox, Alaska",earthquake,3.9,4.102,0.2,4,automatic,ak,ak
2026-07-30T22:59:09.930Z,38.820835113525,-122.81050109863,4.0700001716614,0.57,md,10,89,0.01749,0.07,nc,nc75408832,2026-07-30T23:00:44.451Z,"7 km NW of The Geysers, CA",earthquake,0.51,2.83999991,0.23,10,automatic,nc,nc
2026-07-30T22:56:22.190Z,40.318500518799,-123.58550262451,20.979999542236,1.88,md,11,96,0.04076,0.07,nc,nc75408827,2026-07-30T23:32:22.993Z,"30 km NE of Redway, CA",earthquake,0.53,0.829999983,0.16,9,automatic,nc,nc
2026-07-30T22:54:11.180Z,49.133666666667,-122.125,-0.66,1.47,ml,8,267,0.138,0.12,uw,uw714066601,2026-07-31T18:47:54.290Z,"12 km NE of Abbotsford, Canada",explosion,1.69,31.61,0.03025187400484,5,reviewed,uw,uw
2026-07-30T22:47:21.840Z,46.885333333333,-121.9245,8.2,0.32,ml,14,90,0.02237,0.08,uw,uw714066591,2026-07-31T18:44:39.740Z,"16 km NNE of Ashford, Washington",earthquake,0.32,0.5,0.11779761367259,4,reviewed,uw,uw
2026-07-30T22:36:10.280Z,45.0155,-122.71783333333,-0.44,1.06,md,6,123,0.06135,0.25,uw,uw714066571,2026-07-31T18:31:18.150Z,"4 km SW of Scotts Mills, Oregon",explosion,0.76,31.61,0.28463967110206,5,reviewed,uw,uw
2026-07-30T22:34:43.910Z,39.411334991455,-122.79000091553,6.8899998664856,1.53,md,6,222,0.1176,0.05,nc,nc75408817,2026-07-31T00:07:24.232Z,"14 km E of Lake Pillsbury, CA",earthquake,1.14,1.53999996,0.1,4,automatic,nc,nc
2026-07-30T22:30:13.900Z,35.12,-97.87866667,10.59,0.3,ml,10,157,0.0413918775,0.12,ok,ok2026ovke,2026-07-31T14:23:02.107Z,"4 km S of Amber, Oklahoma",earthquake,,1,0.22,4,reviewed,ok,ok
2026-07-30T22:24:47.988Z,53.0865,159.7845,64.149,4.7,mb,81,127,1.258,0.67,us,us6000th43,2026-07-30T23:12:13.040Z,"77 km E of Petropavlovsk-Kamchatsky, Russia",earthquake,10.62,7.247,0.042,174,reviewed,us,us
2026-07-30T22:16:54.758Z,61.704,-149.598,59.9,2.3,ml,46,68,0.3,0.6,ak,aka2026ozpent,2026-07-30T23:14:06.408Z,"8 km N of Meadow Lakes, Alaska",earthquake,3.4,3.7909,0.1,4,automatic,ak,ak
2026-07-30T22:07:46.530Z,46.6445,-121.84683333333,6.24,0.38,md,20,101,0.0861,0.13,uw,uw714066551,2026-07-31T18:09:20.830Z,"14 km WNW of Packwood, Washington",earthquake,0.26,0.86,0.23973852944173,19,reviewed,uw,uw
2026-07-30T21:58:39.620Z,58.195333333333,-155.25583333333,1.11,-0.31,ml,7,96,0.04142,0.06,av,av94346693,2026-07-31T19:50:19.810Z,"84 km NW of Karluk, Alaska",earthquake,0.19,1.13,0.29117906044924,7,reviewed,av,av
2026-07-30T21:54:41.890Z,38.775001525879,-122.936668396,3.9300000667572,1.31,md,19,119,0.0614,0.05,nc,nc75408807,2026-07-30T23:12:23.863Z,"8 km ESE of Cloverdale, CA",earthquake,0.32,1.47000003,0.16,22,automatic,nc,nc
2026-07-30T21:53:26.269Z,53.0742,159.6405,63.921,5.1,mb,97,95,1.171,0.91,us,us6000th3m,2026-07-30T22:09:40.040Z,"67 km E of Petropavlovsk-Kamchatsky, Russia",earthquake,9.56,6.531,0.027,441,reviewed,us,us
2026-07-30T21:48:04.850Z,60.156,-153.113,6.7,0.5,ml,8,194,0.1,0.4,ak,aka2026ozofom,2026-07-31T19:54:20.080Z,"66 km E of Port Alsworth, Alaska",earthquake,24.1,17.4211,0.4,4,automatic,ak,ak
2026-07-30T21:39:47.800Z,38.793998718262,-122.75616455078,2.3800001144409,0.26,md,8,141,0.007174,0.02,nc,nc75408797,2026-07-30T21:41:24.827Z,"2 km N of The Geysers, CA",earthquake,0.48,1.39999998,0.05,7,automatic,nc,nc
2026-07-30T21:39:08.210Z,33.246166666667,-115.95916666667,5.89,1.15,ml,35,78,0.04056,0.17,ci,ci40663938,2026-07-31T15:38:50.700Z,"6 km S of Salton City, CA",earthquake,0.18,0.32,0.23141492007167,23,reviewed,ci,ci
2026-07-30T21:32:16.110Z,17.9575,-66.835833333333,12.1,2.49,md,16,171,0.04487,0.13,pr,pr71526818,2026-07-30T21:49:33.520Z,"4 km SSW of Indios, Puerto Rico",earthquake,0.42,0.33,0.012154422826891,5,reviewed,pr,pr
2026-07-30T21:30:59.750Z,38.769832611084,-122.94066619873,5.4200000762939,1.23,md,12,122,0.05801,0.03,nc,nc75408787,2026-07-30T22:47:28.749Z,"8 km ESE of Cloverdale, CA",earthquake,0.38,1.75,0.12,14,automatic,nc,nc
2026-07-30T21:26:51.347Z,31.433,-103.939,3.3826,1.1,ml,24,65,0.1,0.2,tx,tx2026oxddqn,2026-07-31T14:33:15.402Z,"19 km NW of Toyah, Texas",earthquake,0.80091390540821,1.663433333399,0.1,20,reviewed,tx,tx
2026-07-30T21:24:39.420Z,36.21,-95.83716667,0,1.42,ml,52,107,0.301440847,0.37,ok,ok2026ovia,2026-07-30T21:48:22.193Z,"6 km SSE of Owasso, Oklahoma",quarry blast,,0.3,0.17,26,reviewed,ok,ok
2026-07-30T21:16:11.460Z,58.284166666667,-154.968,2.33,-0.24,ml,12,136,0.0521,0.22,av,av94346603,2026-07-31T19:58:20.430Z,"85 km NNW of Karluk, Alaska",earthquake,0.44,0.72,0.28608276267634,12,reviewed,av,av
2026-07-30T21:15:34.540Z,51.787833333333,-178.79533333333,12.33,0.31,ml,5,103,0.02951,0.08,av,av94346598,2026-07-31T19:45:49.420Z,"149 km W of Adak, Alaska",earthquake,1.38,0.63,0.37607044545737,5,reviewed,av,av
2026-07-30T21:09:55.956Z,55.917,-159.262,109.2,1.5,ml,13,215,0.1,0.2,ak,aka2026ozmylz,2026-07-30T21:13:21.394Z,"7 km W of Perryville, Alaska",earthquake,50.2,4.7012,0.5,11,automatic,ak,ak
2026-07-30T21:08:21.690Z,57.112,-156.789,5,1.6,ml,22,124,0.6,0.7,ak,aka2026ozmxbu,2026-07-30T21:09:50.903Z,"57 km SE of Ugashik, Alaska",earthquake,7.3,,0.4,4,automatic,ak,ak
2026-07-30T21:00:54.726Z,28.856,-98.973,8.4815,1.8,ml,22,60,0.1,0.4,tx,tx2026oxchkz,2026-07-31T13:47:29.739Z,"12 km ESE of Pearsall, Texas",earthquake,1.6180564067215,1.0506859186686,0.1,11,reviewed,tx,tx
2026-07-30T20:53:31.700Z,32.344333333333,-116.70783333333,11.05,1.69,ml,27,97,0.04871,0.17,ci,ci40663930,2026-07-31T00:01:43.590Z,"24 km NE of Primo Tapia, B.C., MX",earthquake,0.27,0.41,0.23842422649296,27,reviewed,ci,ci
2026-07-30T20:49:02.199Z,61.999,-149.84,26.4,2,ml,41,57,0.5,1,ak,aka2026ozmgin,2026-07-30T23:11:16.857Z,"18 km S of Susitna North, Alaska",earthquake,3,2.2107,0.1,4,automatic,ak,ak
2026-07-30T20:36:10.541Z,31.958,-104.054,7.3688,2,ml,42,63,0,0.1,tx,tx2026oxblrr,2026-07-31T13:02:42.010Z,"29 km S of Malaga, New Mexico",earthquake,0.45368298927726,0.42955347529482,0.2,30,reviewed,tx,tx
2026-07-30T20:34:01.110Z,45.647833333333,-122.5795,25.21,1.34,ml,18,310,0.306,0.17,uw,uw714066391,2026-07-30T21:37:24.940Z,"2 km SW of Orchards, Washington",earthquake,1.19,1.51,0.12779522650109,4,reviewed,uw,uw
2026-07-30T20:32:59.569Z,55.923,-159.842,11.6,2.2,ml,17,169,0.2,0.5,ak,aka2026ozlsmh,2026-07-31T19:38:18.970Z,"22 km W of Ivanof Bay, Alaska",earthquake,15.3,4.2673,0.2,4,automatic,ak,ak
2026-07-30T20:29:17.030Z,38.834499359131,-122.80216979981,2.079999923706,1,md,15,57,0.01003,0.01,nc,nc75408747,2026-07-30T20:30:55.259Z,"7 km WNW of Cobb, CA",earthquake,0.25,0.550000012,0.26,16,automatic,nc,nc
2026-07-30T20:29:15.480Z,38.159,-112.31233333333,2.29,1.26,ml,9,126,0.1548,0.26,uu,uu80146587,2026-07-30T20:46:46.920Z,"3 km WSW of Circleville, Utah",earthquake,0.89,14.34,0.42452714126382,3,reviewed,uu,uu
2026-07-30T20:26:36.299Z,-28.5478,-176.5707,35,5,mb,39,151,1.379,0.69,us,us6000th30,2026-07-30T20:48:11.040Z,"Kermadec Islands region",earthquake,9.89,1.936,0.085,44,reviewed,us,us
2026-07-30T20:14:08.778Z,35.4713,99.4461,10,4.4,mb,34,95,3.491,0.56,us,us6000th2x,2026-07-30T21:51:52.040Z,"204 km NW of Oula Xiuma, China",earthquake,7.6,1.934,0.115,22,reviewed,us,us
2026-07-30T20:05:33.810Z,46.8745,-122.27216666667,-0.38,1.53,ml,27,186,0.1181,0.24,uw,uw714066341,2026-07-30T21:27:53.110Z,"0 km NNW of Eatonville, Washington",earthquake,0.35,0.57,0.15623279491013,3,reviewed,uw,uw
2026-07-30T19:59:47.880Z,52.293,-174.14533333333,0.68,0.45,ml,7,110,0.03414,0.19,av,av93065169,2026-07-31T19:31:18.530Z,"11 km NNE of Atka, Alaska",earthquake,0.4,2.69,0.33574396267824,8,reviewed,av,av
2026-07-30T19:59:43.700Z,46.747833333333,-117.13,-0.77,2.34,md,8,123,0.01837,0.72,uw,uw714066331,2026-07-30T20:26:12.340Z,"4 km ENE of Pullman, Washington",explosion,2.04,31.61,0.24294865154595,8,reviewed,uw,uw
2026-07-30T19:59:32.310Z,52.3085,-174.1385,7.15,0.21,ml,7,145,0.04141,0.32,av,av94346468,2026-07-31T19:24:18.060Z,"13 km NNE of Atka, Alaska",earthquake,1.08,2.3,0.27721336133591,7,reviewed,av,av
2026-07-30T19:58:28.309Z,34.3845,-96.83966667,0,1.04,ml,26,112,0.2006606235,0.37,ok,ok2026ovfe,2026-07-31T14:18:05.771Z,"2 km SSW of Mill Creek, Oklahoma",quarry blast,,0.7,0.24,12,reviewed,ok,ok
2026-07-30T19:58:15.840Z,52.306,-174.15183333333,4.64,0.96,ml,7,102,0.03487,0.28,av,av93065164,2026-07-31T19:12:17.350Z,"12 km NNE of Atka, Alaska",earthquake,0.61,1.42,0.25947356698853,7,reviewed,av,av
2026-07-30T19:58:05.800Z,52.302166666667,-174.1455,5.56,0.54,ml,8,103,0.04006,0.28,av,av94346463,2026-07-31T19:08:47.070Z,"12 km NNE of Atka, Alaska",earthquake,0.67,1.4,0.34820744836531,8,reviewed,av,av
2026-07-30T19:27:32.940Z,33.667666666667,-116.722,14.15,0.71,ml,30,55,0.04022,0.13,ci,ci40663866,2026-07-30T20:11:26.210Z,"8 km S of Idyllwild, CA",earthquake,0.21,0.32,0.12079533563894,16,reviewed,ci,ci
2026-07-30T19:13:53.450Z,36.103666666667,-117.87066666667,2.94,1.09,ml,22,69,0.01888,0.12,ci,ci40663858,2026-07-30T20:11:40.964Z,"10 km NE of Coso Junction, CA",earthquake,0.18,0.33,0.16246992056586,16,reviewed,ci,ci
2026-07-30T19:09:01.640Z,35.753,-117.5745,7.07,1.38,ml,38,65,0.06534,0.13,ci,ci40663850,2026-07-30T20:12:04.340Z,"15 km W of Searles Valley, CA",earthquake,0.13,0.33,0.20260229631196,27,reviewed,ci,ci
2026-07-30T19:01:48.780Z,35.047666666667,-118.31983333333,-0.82,1.16,ml,31,35,0.05966,0.18,ci,ci40663842,2026-07-30T20:31:27.899Z,"13 km W of Mojave, CA",quarry blast,0.29,31.61,0.13282476498969,21,reviewed,ci,ci
2026-07-30T19:01:41.480Z,33.819,-117.4825,-0.53,1.54,ml,55,41,0.03126,0.24,ci,ci40663834,2026-07-30T20:26:26.646Z,"7 km SSE of Home Gardens, CA",quarry blast,0.32,31.61,0.16756977776637,54,reviewed,ci,ci
2026-07-30T19:01:12.930Z,33.868666666667,-117.50433333333,-0.51,0.8,ml,28,56,0.07106,0.25,ci,ci40663826,2026-07-30T20:18:07.088Z,"2 km SE of Home Gardens, CA",quarry blast,0.57,31.61,0.082598827145123,7,reviewed,ci,ci
2026-07-30T18:53:11.514Z,36.71,-115.7621,6.2183,1.51,ml,27,147,0.15,0.1547,nn,nn00922594,2026-07-31T02:05:53.654Z,"17 km NNW of Indian Springs, Nevada",earthquake,,2.8759,0.27,13,reviewed,nn,nn
2026-07-30T18:45:48.460Z,51.7145,-178.794,8.99,1.19,ml,6,163,0.0479,0.29,av,av94346333,2026-07-30T22:31:44.140Z,"150 km W of Adak, Alaska",earthquake,1.85,2.37,0.2257097645856,5,reviewed,av,av
2026-07-30T18:44:20.940Z,33.017333333333,-115.85433333333,7.45,1.2,ml,26,60,0.08536,0.14,ci,ci40663810,2026-07-30T19:01:41.638Z,"22 km W of Westmorland, CA",earthquake,0.19,0.45,0.19676832121651,25,reviewed,ci,ci
2026-07-30T18:43:55.810Z,38.750999450684,-122.69366455078,1.7599999904633,0.37,md,8,116,0.04658,0.39,nc,nc75408687,2026-07-30T18:45:35.667Z,"3 km S of Anderson Springs, CA",earthquake,7.8,13.2299995,0.14,4,automatic,nc,nc
2026-07-30T18:43:22.699Z,35.88116667,-95.188,0,1.31,ml,22,225,0.2933424362,0.28,ok,ok2026ovcs,2026-07-31T13:59:32.535Z,"7 km SW of Hulbert, Oklahoma",quarry blast,,0.7,0.22,10,reviewed,ok,ok
2026-07-30T18:42:27.000Z,55.395833333333,-161.86566666667,-1.16,-0.58,ml,4,133,0.05019,0.1,av,av93065159,2026-07-31T19:01:16.610Z,"47 km NE of King Cove, Alaska",earthquake,0.28,0.5,0.19247753351187,4,reviewed,av,av
2026-07-30T18:36:11.120Z,38.121333333333,-112.36583333333,2.69,1.62,ml,9,150,0.1639,0.31,uu,uu80007783,2026-07-30T19:19:05.930Z,"10 km SW of Circleville, Utah",earthquake,1.19,31.61,0.26779763965993,3,reviewed,uu,uu
2026-07-30T18:35:29.990Z,38.1355,-112.339,6.36,1.44,ml,12,140,0.154,0.26,uu,uu80146577,2026-07-30T19:15:53.580Z,"7 km SW of Circleville, Utah",earthquake,0.67,1.96,0.37961649203497,3,reviewed,uu,uu
2026-07-30T18:29:29.226Z,32.315,-101.101,8.6182,1.5,ml,23,69,0.2,0.1,tx,tx2026owxgxf,2026-07-30T21:26:59.899Z,"9 km WSW of Westbrook, Texas",earthquake,0.69037554686404,0.97593302857655,0.2,15,reviewed,tx,tx
2026-07-30T18:22:11.230Z,19.370333333333,-155.437,7.47,1.68,ml,42,48,0.01917,0.13,hv,hv75010587,2026-07-30T19:22:28.990Z,"19 km NNE of Pāhala, Hawaii",earthquake,0.24,0.48,0.22429901581429,26,reviewed,hv,hv
2026-07-30T18:20:36.265Z,14.4337,-92.8291,31.03,4.9,mww,122,134,3.371,0.61,us,us6000th1t,2026-07-30T19:00:25.040Z,"54 km SW of Puerto Madero, Mexico",earthquake,10.51,6.006,0.053,34,reviewed,us,us
2026-07-30T18:11:03.520Z,-5.3977,129.0625,256.241,4.5,mb,82,64,1.208,0.64,us,us6000th1p,2026-07-30T19:18:23.040Z,"211 km SSE of Ambon, Indonesia",earthquake,9.38,3.494,0.068,63,reviewed,us,us
2026-07-30T18:08:17.980Z,33.054833333333,-114.9945,-0.18,1.2,ml,15,82,0.08353,0.26,ci,ci40663802,2026-07-30T18:27:55.245Z,"45 km NE of Holtville, CA",quarry blast,0.65,31.61,0.023900043474027,4,reviewed,ci,ci
2026-07-30T17:55:59.690Z,11.5807,138.9989,34.505,5.9,mww,114,28,7.54,1.01,us,us6000th1h,2026-07-31T18:04:41.702Z,"247 km NNE of Colonia, Micronesia",earthquake,8.49,2.076,0.05,38,reviewed,us,us
2026-07-30T17:50:44.260Z,33.3155,-116.3135,12.02,1.23,ml,54,36,0.04629,0.18,ci,ci40663786,2026-07-30T18:24:21.820Z,"9 km NE of Borrego Springs, CA",earthquake,0.16,0.4,0.17411708775383,25,reviewed,ci,ci
2026-07-30T17:48:15.234Z,-31.3231,-177.9701,46.02,5.2,mb,23,162,2.071,1.11,us,us6000th1b,2026-07-30T19:10:32.040Z,"Kermadec Islands region",earthquake,13.35,7.912,0.12,30,reviewed,us,us
2026-07-30T17:44:33.030Z,33.8285,-118.1385,12.91,2.29,ml,71,65,0.0403,0.23,ci,ci40663778,2026-08-01T05:41:23.045Z,"3 km S of Lakewood, CA",earthquake,0.21,0.4,0.18320180725192,120,reviewed,ci,ci
2026-07-30T17:29:10.760Z,19.124166488648,-155.50016784668,33.20000076294,1.72,md,29,172,0.04754,0.189999998,hv,hv75010562,2026-07-30T17:32:38.850Z,"9 km SSW of Pāhala, Hawaii",earthquake,0.73,1.34000003,0.12470419548136,15,automatic,hv,hv
2026-07-30T17:28:07.630Z,58.396,-154.324,8.7,0.5,ml,7,236,0.2,0.3,ak,aka2026ozfodr,2026-07-31T18:40:15.520Z,"91 km WNW of Aleneva, Alaska",earthquake,21.6,22.9923,0.1,4,automatic,ak,ak
2026-07-30T17:23:09.400Z,56.034166666667,-159.29766666667,6.14,-0.25,ml,4,215,0.03956,0.15,av,av93065149,2026-07-31T18:35:16.150Z,"16 km NW of Perryville, Alaska",earthquake,1.36,0.89,0.22450264784726,4,reviewed,av,av
2026-07-30T17:16:49.850Z,35.269,-95.36966667,0,1.71,ml,73,63,0.1052793406,0.42,ok,ok2026ouzw,2026-07-31T12:44:54.878Z,"10 km SE of Texanna, Oklahoma",quarry blast,,0.4,0.24,23,reviewed,ok,ok
2026-07-30T17:14:48.340Z,49.2115,-122.15633333333,3.3,1.46,ml,5,317,0.2185,0.35,uw,uw714066031,2026-07-30T20:37:34.790Z,"13 km NE of Mission, Canada",earthquake,2.42,31.61,0.055939464927679,4,reviewed,uw,uw
2026-07-30T17:11:34.280Z,38.164666666667,-112.28366666667,-1.73,1.19,md,8,83,0.1458,0.16,uu,uu80146562,2026-07-30T17:45:05.720Z,"1 km SW of Circleville, Utah",earthquake,0.61,0.93,0.07231746045198,6,reviewed,uu,uu
2026-07-30T17:06:06.152Z,32.372,-102.113,6.2744,0.6,ml,13,77,0,0.1,tx,tx2026owunay,2026-07-30T17:19:52.781Z,"39 km E of McKinney Acres, Texas",earthquake,1.062533500203,0.6079593851323,0.2,9,reviewed,tx,tx
2026-07-30T17:04:43.531Z,32.195,-101.399,7.5439,2.1,ml,55,37,0.1,0.1,tx,tx2026owulwd,2026-07-30T20:22:25.564Z,"9 km SE of Big Spring, Texas",earthquake,0.23719797313897,0.52581230943309,0.2,30,reviewed,tx,tx
2026-07-30T16:59:45.520Z,54.171,-166.02083333333,4.02,-0.31,ml,5,174,0.03135,0.16,av,av94346078,2026-07-31T18:16:15.180Z,"16 km WNW of Akutan, Alaska",earthquake,0.43,1.24,0.25625529900749,5,reviewed,av,av
2026-07-30T16:58:35.880Z,23.0993,121.4235,18.282,4.5,mb,49,90,0.314,0.8,us,us6000th0z,2026-07-30T20:32:30.040Z,"98 km E of Yujing, Taiwan",earthquake,3.03,2.816,0.108,27,reviewed,us,us
2026-07-30T16:37:50.469Z,62.982,-142.952,5,2.1,ml,24,61,0.5,0.7,ak,aka2026ozdwnv,2026-07-30T16:39:38.659Z,"27 km SW of Tetlin, Alaska",earthquake,3.8,,0.2,4,automatic,ak,ak
2026-07-30T16:24:57.240Z,36.1475,-118.08233333333,3.43,0.9,ml,22,52,0.1866,0.17,ci,ci40663722,2026-07-30T16:40:04.227Z,"16 km SSW of Olancha, CA",earthquake,0.25,0.66,0.07977779653169,10,reviewed,ci,ci
2026-07-30T16:21:56.020Z,53.9565,-166.61066666667,10.42,-0.32,ml,8,148,0.04328,0.13,av,av94346013,2026-07-31T18:12:13.930Z,"8 km NNW of Dutch Harbor, Alaska",earthquake,0.49,0.57,0.19666863106407,8,reviewed,av,av
2026-07-30T16:20:48.690Z,40.2239,142.3617,51.287,4.3,mb,40,152,1.139,0.93,us,us6000th0s,2026-07-30T20:22:02.040Z,"48 km ENE of Noda, Japan",earthquake,5.11,7.589,0.108,24,reviewed,us,us
2026-07-30T16:19:13.620Z,53.947666666667,-166.61366666667,10.02,-0.06,ml,7,273,0.04481,0.14,av,av94346008,2026-07-31T08:48:17.780Z,"7 km NW of Dutch Harbor, Alaska",earthquake,0.67,0.55,0.20427681522296,7,reviewed,av,av
2026-07-30T16:15:35.409Z,36.2485,-95.85016667,0,1.27,ml,56,109,0.3410330777,0.5,ok,ok2026ouxv,2026-07-31T12:36:29.887Z,"2 km S of Owasso, Oklahoma",quarry blast,,0.6,0.22,29,reviewed,ok,ok
2026-07-30T16:09:36.904Z,61.237,-146.815,15.3,1.7,ml,36,78,0.3,0.8,ak,aka2026ozcybg,2026-07-30T16:11:04.849Z,"27 km WNW of Valdez, Alaska",earthquake,2.7,1.8517,0.3,6,automatic,ak,ak
2026-07-30T16:08:07.940Z,62.039,-148.068,5,0.9,ml,6,270,0.3,0.6,ak,aka2026ozcwud,2026-07-30T16:09:46.300Z,"33 km NW of Glacier View, Alaska",earthquake,33.2,,0.5,4,automatic,ak,ak
2026-07-30T15:57:31.200Z,46.201166666667,-122.29733333333,13.21,-0.11,md,9,140,0.04269,0.12,uw,uw714065961,2026-07-30T17:06:26.700Z,"34 km NNE of Amboy, Washington",earthquake,0.62,0.7,0.047543435201494,4,reviewed,uw,uw
2026-07-30T15:51:51.210Z,53.950333333333,-166.6105,9.58,-0.4,ml,7,277,0.04539,0.13,av,av94345948,2026-07-31T07:58:44.690Z,"8 km NNW of Dutch Harbor, Alaska",earthquake,0.66,0.66,0.13243676622028,7,reviewed,av,av
2026-07-30T15:50:57.710Z,52.1005,-176.16766666667,7.61,0.62,ml,6,234,0.009234,0.24,av,av94345943,2026-07-31T08:45:17.500Z,"40 km NE of Adak, Alaska",earthquake,1.13,1.04,0.16392371665005,6,reviewed,av,av
2026-07-30T15:49:51.756Z,-24.1806,-66.9051,201.184,4.2,mb,22,62,1.692,1.27,us,us6000tgzi,2026-07-30T20:11:48.040Z,"59 km W of San Antonio de los Cobres, Argentina",earthquake,6.62,10.591,0.215,7,reviewed,us,us
2026-07-30T15:47:36.560Z,54.172333333333,-166.0265,4.52,-0.14,ml,5,185,0.0321,0.2,av,av94345933,2026-07-31T08:40:48.160Z,"16 km WNW of Akutan, Alaska",earthquake,0.55,1.22,0.3239964094478,6,reviewed,av,av
2026-07-30T15:34:57.070Z,37.500666666667,-118.8415,7.26,3.42,ml,40,42,0.08975,0.08,nc,nc75408617,2026-07-31T04:31:09.278Z,"16 km WSW of Toms Place, CA",earthquake,0.19,0.7,0.188,111,reviewed,nc,nc
2026-07-30T15:23:12.900Z,38.824165344238,-122.85316467285,2.3699998855591,0.32,md,13,91,0.0142,0.01,nc,nc75408602,2026-07-30T15:24:50.358Z,"10 km WNW of The Geysers, CA",earthquake,0.34,0.610000014,0.19,13,automatic,nc,nc
2026-07-30T15:20:48.810Z,38.817165374756,-122.8125,2.6400001049042,1.08,md,23,45,0.01544,0.02,nc,nc75408592,2026-07-30T15:22:25.052Z,"7 km NW of The Geysers, CA",earthquake,0.23,0.449999988,0.14,24,automatic,nc,nc
2026-07-30T15:18:13.090Z,61.318666666667,-152.25633333333,1.45,-0.38,ml,9,125,0.07226,0.06,av,av94345888,2026-07-31T08:13:15.490Z,"66 km WNW of Beluga, Alaska",earthquake,0.24,0.98,0.1448313255283,9,reviewed,av,av
2026-07-30T15:17:16.510Z,38.81566619873,-122.81183624268,2.8699998855591,1.91,md,35,46,0.01503,0.04,nc,nc75408577,2026-07-30T16:17:28.098Z,"6 km NW of The Geysers, CA",earthquake,0.2,0.340000004,0.13,37,automatic,nc,nc
2026-07-30T15:14:50.397Z,32.093,-102.165,8.9355,1,ml,19,85,0,0.1,tx,tx2026owquqd,2026-07-30T16:02:34.981Z,"13 km NW of Midland, Texas",earthquake,1.014723620283,1.4894545528541,0.2,12,reviewed,tx,tx
2026-07-30T15:08:34.090Z,56.303833333333,-159.43433333333,7.58,0.18,ml,4,243,0.1059,0.2,av,av93065129,2026-07-31T08:22:46.080Z,"41 km W of Chignik Lake, Alaska",earthquake,4.78,2.95,0.16267309849406,4,reviewed,av,av
2026-07-30T14:59:53.330Z,32.379,-102.098,7.5439,0.2,ml,11,59,0,0.1,tx,tx2026owqidy,2026-07-30T21:16:43.823Z,"39 km WSW of Ackerly, Texas",earthquake,1.1011079119707,1.1664866958916,0.4,9,reviewed,tx,tx
2026-07-30T14:58:26.425Z,35.3364,44.529,10,4.2,mb,25,166,0.822,0.64,us,us6000tgzc,2026-07-31T19:47:09.688Z,"19 km SE of Kirkuk, Iraq",earthquake,4.54,1.908,0.124,18,reviewed,us,us
2026-07-30T14:55:42.380Z,61.3195,-152.25766666667,-0.05,-0.41,ml,11,125,0.07331,0.06,av,av93065124,2026-07-31T07:49:44.210Z,"66 km WNW of Beluga, Alaska",earthquake,0.21,2.7,0.16012812144401,11,reviewed,av,av
2026-07-30T14:46:37.060Z,55.944333333333,-159.81483333333,1.48,0.55,ml,6,313,0.1913,0.09,av,av94345818,2026-07-31T07:40:43.650Z,"21 km WNW of Ivanof Bay, Alaska",earthquake,0.61,0.69,0.2225782701906,6,reviewed,av,av
2026-07-30T14:43:22.118Z,56.203,-159.341,5,1.2,ml,9,92,0.1,0.2,ak,aka2026ozabhg,2026-07-31T07:32:12.160Z,"34 km NNE of Ivanof Bay, Alaska",earthquake,6.5,,0.2,6,automatic,ak,ak
2026-07-30T14:37:35.385Z,-2.7043,138.888,35,4.4,mb,21,100,1.823,1.05,us,us6000tgyg,2026-07-30T19:18:01.040Z,"194 km W of Abepura, Indonesia",earthquake,10.12,1.926,0.149,14,reviewed,us,us
2026-07-30T14:36:46.600Z,33.319166666667,-116.31566666667,12.31,1.02,ml,48,27,0.04375,0.22,ci,ci40663666,2026-07-30T15:50:49.150Z,"9 km NE of Borrego Springs, CA",earthquake,0.21,0.52,0.19918510339345,24,reviewed,ci,ci
2026-07-30T14:31:29.635Z,56.779,-154.527,6.2,2,ml,22,83,0.3,0.7,ak,aka2026oyzqzu,2026-08-01T06:03:17.767Z,"28 km SW of Akhiok, Alaska",earthquake,4,3.212,0.2,18,reviewed,ak,ak
2026-07-30T14:29:16.570Z,35.165833333333,-119.05483333333,8.87,1.71,ml,45,67,0.1096,0.21,ci,ci40663658,2026-07-30T16:05:48.445Z,"16 km SW of Lamont, CA",earthquake,0.24,0.89,0.16547509033452,35,reviewed,ci,ci
2026-07-30T14:28:20.430Z,38.771331787109,-122.94566345215,4.9899997711182,1.2,md,15,120,0.05414,0.06,nc,nc75408532,2026-07-30T15:12:19.677Z,"7 km ESE of Cloverdale, CA",earthquake,0.39,1.79999995,0.15,16,automatic,nc,nc
2026-07-30T14:23:35.883Z,-3.1747,130.7365,10,4.3,mb,16,105,1.531,0.93,us,us6000th2i,2026-07-30T19:43:44.040Z,"175 km W of Fakfak, Indonesia",earthquake,8.6,1.908,0.178,11,reviewed,us,us
2026-07-30T14:06:39.881Z,31.073,-103.416,4.613,1.3,ml,18,52,0,0.2,tx,tx2026owoohi,2026-07-30T14:50:21.657Z,"32 km ENE of Balmorhea, Texas",earthquake,0.58112785289067,1.7132917881021,0.1,11,reviewed,tx,tx
2026-07-30T14:04:49.330Z,36.973331451416,-121.45816802978,1.3400000333786,2.8,md,79,55,0.1008,0.16,nc,nc75408517,2026-07-31T12:40:21.144Z,"10 km ESE of Gilroy, CA",earthquake,0.19,0.879999995,0.12,98,automatic,nc,nc
2026-07-30T14:03:21.050Z,52.094,-174.5,97.7,2.2,ml,14,200,0.2,0.5,ak,aka2026oyyspf,2026-07-31T23:57:38.195Z,"23 km WSW of Atka, Alaska",earthquake,51.1,6.0132,0.3,12,reviewed,ak,ak
2026-07-30T13:54:48.580Z,39.334999084473,-123.22916412353,4.710000038147,1.5,md,8,95,0.03893,0.04,nc,nc75408502,2026-07-30T14:32:20.412Z,"8 km NNW of Redwood Valley, CA",earthquake,0.37,1.11000001,0.1,5,automatic,nc,nc
2026-07-30T13:54:36.430Z,51.702666666667,-178.856,12,1.94,ml,5,319,0.07508,0.2,av,av94345698,2026-07-31T07:16:11.260Z,"154 km W of Adak, Alaska",earthquake,1.97,1.77,0.20608725992154,5,reviewed,av,av
2026-07-30T13:47:38.996Z,32.6877,130.642,10,5,mb,50,108,1.186,0.62,us,us6000tgy8,2026-07-30T23:42:00.870Z,"2 km WNW of Uto, Japan",earthquake,5.69,1.813,0.042,179,reviewed,us,us
2026-07-30T13:30:53.590Z,33.8585,-116.80366666667,17.22,0.71,ml,27,47,0.02539,0.14,ci,ci40663642,2026-07-30T15:50:52.336Z,"7 km SSW of Cabazon, CA",earthquake,0.18,0.47,0.24314659816409,13,reviewed,ci,ci
2026-07-30T13:30:48.560Z,56.909833333333,-157.96033333333,10.48,0.05,ml,5,302,0.08687,0.33,av,av94345663,2026-07-31T07:06:10.540Z,"73 km NNE of Chignik, Alaska",earthquake,2.96,3.14,0.11874965530511,5,reviewed,av,av
2026-07-30T13:28:06.110Z,33.139166666667,-116.0175,4.98,1.03,ml,31,47,0.04779,0.21,ci,ci40663634,2026-07-30T15:50:56.338Z,"11 km E of Ocotillo Wells, CA",earthquake,0.21,0.59,0.34179678602553,17,reviewed,ci,ci
2026-07-30T13:14:31.024Z,-7.242,126.1607,471.673,4.2,mb,17,84,3.121,0.66,us,us6000tgy6,2026-07-31T13:07:25.040Z,"140 km NNW of Baukau, Timor Leste",earthquake,13.66,9.104,0.236,5,reviewed,us,us
2026-07-30T13:14:04.370Z,33.841166666667,-116.92066666667,14.6,1.43,ml,71,23,0.05137,0.17,ci,ci40663626,2026-07-30T15:19:35.530Z,"7 km NNE of San Jacinto, CA",earthquake,0.12,0.29,0.17419128357128,51,reviewed,ci,ci
2026-07-30T13:08:20.640Z,46.1995,-122.29066666667,11.53,-0.08,md,5,143,0.04678,0.1,uw,uw714065761,2026-07-30T19:14:51.670Z,"34 km NNE of Amboy, Washington",earthquake,0.48,1.12,0.18012910022081,3,reviewed,uw,uw
2026-07-30T12:54:22.116Z,56.158,-158.031,63.1,2,ml,18,216,0.3,0.3,ak,aka2026oywkts,2026-07-31T23:56:13.447Z,"27 km ESE of Chignik, Alaska",earthquake,15.4,7.1637,0.1,14,reviewed,ak,ak
2026-07-30T12:30:30.600Z,63.156,-147.694,4.2,1.5,ml,25,53,0.6,0.8,ak,aka2026oyvqcm,2026-07-31T23:53:41.104Z,"68 km ESE of Cantwell, Alaska",earthquake,2.7,2.1789,0.1,19,reviewed,ak,ak
2026-07-30T12:27:41.467Z,63.169,-147.711,0.3,1.8,ml,30,48,0.6,0.8,ak,aka2026oyvnqo,2026-07-31T23:51:31.149Z,"66 km ESE of Cantwell, Alaska",earthquake,2.3,1.9685,0.1,23,reviewed,ak,ak
2026-07-30T12:25:45.660Z,38.818500518799,-122.76166534424,1.5900000333786,1.08,md,18,121,0.01358,0.03,nc,nc75408492,2026-07-30T12:27:20.911Z,"3 km W of Cobb, CA",earthquake,0.28,0.430000007,0.24,17,automatic,nc,nc
2026-07-30T12:23:28.890Z,58.295,-154.98483333333,3.33,-0.35,ml,9,130,0.04178,0.18,av,av93065119,2026-07-31T07:09:40.820Z,"86 km NNW of Karluk, Alaska",earthquake,0.6,0.89,0.13623546434153,9,reviewed,av,av
2026-07-30T12:06:13.856Z,58.397,-151.107,2.4,2.2,ml,47,185,0.7,0.9,ak,aka2026oyuvdd,2026-07-31T23:49:26.957Z,"97 km ENE of Ouzinkie, Alaska",earthquake,5.7,3.0514,0.2,34,reviewed,ak,ak
2026-07-30T12:05:30.710Z,38.823665618896,-122.76000213623,2.1099998950958,0.95,md,15,131,0.0103,0.03,nc,nc75408487,2026-07-30T12:07:04.711Z,"3 km W of Cobb, CA",earthquake,0.32,0.579999983,0.18,15,automatic,nc,nc
2026-07-30T12:00:10.190Z,18.708833333333,-67.232166666667,27.24,2.88,md,15,244,0.2661,0.12,pr,pr71526788,2026-07-30T14:25:34.800Z,"27 km NNW of San Antonio, Puerto Rico",earthquake,0.62,1.18,0.085787217514076,9,reviewed,pr,pr
2026-07-30T11:59:58.747Z,32.359,-102.089,6.1279,0,ml,12,59,0,0.2,tx,tx2026owkjgd,2026-07-30T15:11:33.285Z,"38 km NW of Stanton, Texas",earthquake,1.0063901813081,1.3050148192165,0.1,6,reviewed,tx,tx
2026-07-30T11:55:45.448Z,64.575,-149.841,13.2,1.5,ml,15,72,0.3,0.4,ak,aka2026oyulyq,2026-07-31T23:46:13.970Z,"34 km W of Four Mile Road, Alaska",earthquake,4.1,2.8738,0.1,13,reviewed,ak,ak
2026-07-30T11:41:55.620Z,38.830333709717,-122.80899810791,2.0899999141693,1.1,md,21,69,0.02157,0.02,nc,nc75408477,2026-07-30T12:42:21.644Z,"7 km NW of The Geysers, CA",earthquake,0.23,0.49000001,0.17,24,automatic,nc,nc
2026-07-30T11:21:15.570Z,60.036,-153.069,0.59,-0.48,ml,6,89,0.02159,0.3,av,av94345468,2026-07-31T06:49:40.640Z,"64 km ENE of Pedro Bay, Alaska",earthquake,0.65,2.08,0.29606850225625,6,reviewed,av,av
2026-07-30T11:13:50.030Z,38.829666137695,-122.81783294678,1.5,0.89,md,18,47,0.01494,0.02,nc,nc75408472,2026-07-30T11:15:25.087Z,"8 km NW of The Geysers, CA",earthquake,0.2,0.460000008,0.16,18,automatic,nc,nc
2026-07-30T11:12:25.987Z,54.296,-160.232,0.8,2.5,ml,19,253,1.3,1,ak,aka2026oytalq,2026-07-31T21:14:21.216Z,"117 km S of Sand Point, Alaska",earthquake,9.5,6.3384,0.1,15,reviewed,ak,ak
2026-07-30T11:11:29.250Z,46.189,-122.1865,0.92,1.18,md,6,279,0.0112,0.06,uw,uw714065731,2026-07-31T19:46:55.450Z,"36 km NNE of Amboy, Washington",earthquake,0.59,0.2,0.32913345371767,6,reviewed,uw,uw
2026-07-30T11:05:54.240Z,33.15,-116.08033333333,10.43,0.97,ml,37,32,0.08918,0.19,ci,ci40663610,2026-07-30T13:31:09.420Z,"5 km E of Ocotillo Wells, CA",earthquake,0.21,0.57,0.24473029260661,17,reviewed,ci,ci
2026-07-30T10:59:39.143Z,32.134,-101.53,3.4424,0.8,ml,17,85,0,0.1,tx,tx2026owijgs,2026-07-30T14:16:05.691Z,"13 km SSW of Big Spring, Texas",earthquake,0.61743006019588,1.2027379948058,0.2,9,reviewed,tx,tx
2026-07-30T10:55:25.715Z,51.526,-175.313,26.5,2.2,ml,14,234,0.6,0.6,ak,aka2026oyslqu,2026-07-31T21:12:03.166Z,"99 km ESE of Adak, Alaska",earthquake,11.8,4.3472,0.1,12,reviewed,ak,ak
2026-07-30T10:54:06.820Z,53.899666666667,-166.66133333333,7.67,-0.37,ml,6,219,0.0221,0.11,av,av94345418,2026-07-31T20:14:21.580Z,"7 km W of Dutch Harbor, Alaska",earthquake,0.52,0.56,0.12694038440545,7,reviewed,av,av
2026-07-30T10:43:00.460Z,19.188333333333,-155.51066666667,32.93,1.85,ml,47,91,0.05638,0.12,hv,hv75010432,2026-07-31T20:33:24.770Z,"3 km WSW of Pāhala, Hawaii",earthquake,0.45,0.56,0.22472178011201,12,reviewed,hv,hv
2026-07-30T10:42:52.990Z,38.771999359131,-122.9426651001,4.1100001335144,1.73,md,44,46,0.05651,0.07,nc,nc75408462,2026-07-30T12:12:23.441Z,"7 km ESE of Cloverdale, CA",earthquake,0.21,0.670000017,0.14,37,automatic,nc,nc
2026-07-30T10:35:25.730Z,51.803,-178.77883333333,10.38,0.8,ml,5,138,0.01481,0.15,av,av94345388,2026-07-30T21:51:12.220Z,"148 km W of Adak, Alaska",earthquake,0.93,0.75,0.3206621769982,5,reviewed,av,av
2026-07-30T10:35:00.360Z,33.701333333333,-117.43283333333,9.05,0.96,ml,25,44,0.05243,0.16,ci,ci40663602,2026-07-30T13:31:05.366Z,"10 km WNW of Lake Elsinore, CA",earthquake,0.22,0.42,0.46476087225109,22,reviewed,ci,ci
2026-07-30T10:34:28.570Z,35.219666666667,-84.376333333333,12.94,2.28,md,15,106,0.1241,0.03,se,se60625906,2026-07-30T12:44:47.490Z,"17 km SSW of Tellico Plains, Tennessee",earthquake,1.04,2.45,0.14463639880714,14,reviewed,se,se
2026-07-30T10:31:39.140Z,38.7688331604,-122.93849945068,6.2300000190735,1.37,md,23,83,0.0597,0.06,nc,nc75408457,2026-07-30T11:47:24.278Z,"8 km ESE of Cloverdale, CA",earthquake,0.34,0.829999983,0.15,24,automatic,nc,nc
2026-07-30T10:31:33.741Z,32.129,-102.211,4.1748,0.4,ml,16,86,0,0.2,tx,tx2026owhlbh,2026-07-30T14:42:32.855Z,"19 km NW of Midland, Texas",earthquake,1.343008019018,1.5500359675639,0.1,6,reviewed,tx,tx
2026-07-30T10:30:18.970Z,35.202333333333,-84.385,13.87,2.36,md,15,106,0.136,0.13,se,se60625901,2026-07-30T17:03:45.660Z,"18 km N of Ducktown, Tennessee",earthquake,0.25,0.77,0.079881862260693,11,reviewed,se,se
2026-07-30T10:27:45.040Z,35.314833333333,-117.80283333333,6.63,0.9,ml,30,87,0.05894,0.17,ci,ci40663594,2026-07-30T13:35:47.432Z,"17 km WSW of Johannesburg, CA",earthquake,0.2,0.34,0.13897500848337,11,reviewed,ci,ci
2026-07-30T10:22:45.280Z,51.903,-178.167,14.56,0.96,ml,4,262,0.02981,0.19,av,av93065114,2026-07-31T06:45:09.280Z,"105 km W of Adak, Alaska",earthquake,1.38,1.1,0.27868513396483,4,reviewed,av,av
2026-07-30T10:20:27.988Z,59.884,-153.412,157.1,1.5,ml,27,111,0.2,0.6,ak,aka2026oyrhia,2026-07-31T21:08:36.962Z,"40 km ENE of Pedro Bay, Alaska",earthquake,6.4,3.4161,0.3,19,reviewed,ak,ak
2026-07-30T10:17:40.920Z,46.202,-122.29616666667,12.68,-0.02,md,8,139,0.04336,0.13,uw,uw714065721,2026-07-30T18:55:23.820Z,"34 km NNE of Amboy, Washington",earthquake,0.47,0.71,0.15996650444161,5,reviewed,uw,uw
2026-07-30T10:10:53.370Z,38.826499938965,-122.81600189209,2.2200000286102,0.73,md,15,56,0.01524,0.03,nc,nc75408452,2026-07-30T10:12:28.575Z,"8 km NW of The Geysers, CA",earthquake,0.25,0.709999979,0.1,16,automatic,nc,nc
2026-07-30T10:00:20.970Z,38.807666778565,-122.79483032227,3.2300000190735,1.33,md,28,36,0.0004763,0.03,nc,nc75408437,2026-07-30T11:22:21.092Z,"5 km NW of The Geysers, CA",earthquake,0.23,0.430000007,0.13,28,automatic,nc,nc
2026-07-30T09:55:24.360Z,38.111831665039,-119.24349975586,2.4800000190735,1.99,md,19,145,0.4207,0.21,nc,nc75408432,2026-07-31T02:04:49.897Z,"16 km S of Bridgeport, CA",earthquake,0.7,18.3299999,0.23,12,automatic,nc,nc
2026-07-30T09:53:27.700Z,38.826667785645,-122.76016998291,0.18999999761581,1.23,md,19,146,0.008505,0.05,nc,nc75408427,2026-07-30T10:32:22.766Z,"3 km W of Cobb, CA",earthquake,0.27,0.419999987,0.23,19,automatic,nc,nc
2026-07-30T09:49:01.999Z,52.446,-169.325,83.6,2.2,ml,16,220,0.4,0.4,ak,aka2026oyqgbr,2026-07-31T21:06:23.125Z,"63 km SSW of Nikolski, Alaska",earthquake,35.6,9.2766,0.1,12,reviewed,ak,ak
2026-07-30T09:40:02.940Z,34.311833333333,-118.46483333333,9.88,1.02,ml,28,122,0.02029,0.14,ci,ci40663586,2026-07-30T16:39:02.558Z,"2 km WNW of Sylmar, CA",earthquake,0.22,0.43,0.16024372858418,21,reviewed,ci,ci
2026-07-30T09:38:35.546Z,37.8995,74.6389,10,4.4,mb,37,148,1.748,1.23,us,us6000tgx5,2026-07-30T12:27:25.040Z,"66 km ESE of Murghob, Tajikistan",earthquake,8.87,1.909,0.095,32,reviewed,us,us
2026-07-30T09:38:09.700Z,38.498500823975,-119.49433135986,4.8099999427795,2.03,md,14,85,0.09002,0.22,nc,nc75408422,2026-07-31T02:04:30.362Z,"2 km SW of Walker, CA",earthquake,0.75,2,0.25,5,automatic,nc,nc
2026-07-30T09:37:33.273Z,54.558,-160.166,2,2,ml,15,259,1.1,0.7,ak,aka2026oypwcx,2026-07-31T20:42:16.648Z,"89 km SSE of Sand Point, Alaska",earthquake,7.8,3.8344,0.1,12,reviewed,ak,ak
2026-07-30T09:36:30.610Z,33.825,-118.13816666667,14.45,2.44,ml,119,66,0.04188,0.27,ci,ci40663578,2026-07-31T21:54:16.857Z,"3 km NE of Long Beach, CA",earthquake,0.2,0.38,0.17421567342392,162,reviewed,ci,ci
2026-07-30T09:35:50.520Z,46.195166666667,-122.16316666667,6.85,-0.08,md,8,113,0.02424,0.08,uw,uw714065711,2026-07-30T18:52:58.280Z,"38 km NE of Amboy, Washington",earthquake,0.37,0.84,0.18788633155853,6,reviewed,uw,uw
2026-07-30T09:34:23.490Z,58.163833333333,-155.329,2.83,-0.32,ml,8,69,0.04667,0.1,av,av94345238,2026-07-31T06:26:38.280Z,"84 km NW of Karluk, Alaska",earthquake,0.21,0.86,0.16894681955804,8,reviewed,av,av
2026-07-30T09:30:52.149Z,57.076,-156.751,5,1.6,ml,20,124,0.6,0.7,ak,aka2026oypqin,2026-07-31T18:58:50.017Z,"62 km SE of Ugashik, Alaska",earthquake,6,0,0.1,16,reviewed,ak,ak
2026-07-30T09:20:48.309Z,38.0465,74.53,10,4.5,mb,32,155,1.633,1.25,us,us6000tgx1,2026-07-30T12:47:28.040Z,"51 km ESE of Murghob, Tajikistan",earthquake,9.23,1.934,0.095,32,reviewed,us,us
2026-07-30T09:13:02.390Z,60.519,-152.7055,6.36,-0.5,ml,8,100,0.03083,0.05,av,av94345198,2026-07-31T06:15:37.620Z,"76 km W of Salamatof, Alaska",earthquake,0.28,0.6,0.14117528750959,8,reviewed,av,av
2026-07-30T09:09:26.050Z,63.289,-151.325,0.8,2.2,ml,37,66,0.3,0.8,ak,aka2026oyoxtd,2026-07-31T18:56:35.287Z,"34 km SE of Denali National Park, Alaska",earthquake,2.6,2.0667,0.2,28,reviewed,ak,ak
2026-07-30T09:01:42.220Z,18.0155,-66.755333333333,14.65,2.07,md,9,173,0.1246,0.16,pr,pr71526773,2026-07-30T11:08:35.290Z,"1 km E of Magas Arriba, Puerto Rico",earthquake,0.71,1.44,0.045320598968492,5,reviewed,pr,pr
2026-07-30T09:01:33.633Z,-29.8063,-72.1863,10,4.3,mb,35,193,0.831,0.82,us,us6000tgwy,2026-07-31T11:50:03.040Z,"83 km WNW of Coquimbo, Chile",earthquake,3.9,1.931,0.201,7,reviewed,us,us
2026-07-30T08:48:01.340Z,18.027666666667,-66.768833333333,13.13,1.9,md,11,160,0.0229,0.14,pr,pr71526763,2026-07-30T11:00:58.700Z,"1 km N of Magas Arriba, Puerto Rico",earthquake,0.53,0.57,0.065850548023682,4,reviewed,pr,pr
2026-07-30T08:45:45.940Z,63.156,-150.565,120.5,1.8,ml,21,59,0.6,0.3,ak,aka2026oyodfa,2026-07-31T18:55:05.291Z,"72 km SE of Denali National Park, Alaska",earthquake,4.3,3.761,0.2,16,reviewed,ak,ak
2026-07-30T08:29:04.870Z,19.210332870483,-155.48167419434,30.159999847412,2.06,md,42,88,0.04123,0.170000002,hv,hv75010392,2026-07-30T08:32:35.140Z,"0 km NNW of Pāhala, Hawaii",earthquake,0.59,0.620000005,0.20063400480517,15,automatic,hv,hv
2026-07-30T08:25:39.010Z,47.301666666667,-122.63416666667,29.22,1.41,ml,49,33,,0.15,uw,uw714065701,2026-07-30T16:56:28.800Z,"1 km WNW of Artondale, Washington",earthquake,0.24,0.54,0.14425502527376,22,reviewed,uw,uw
2026-07-30T08:10:14.449Z,35.10466667,-97.872,7.5,0.27,ml,24,72,0.03689276038,0.25,ok,ok2026ouhv,2026-07-31T12:32:49.372Z,"6 km S of Amber, Oklahoma",earthquake,,0.7,0.23,8,reviewed,ok,ok
2026-07-30T08:08:57.512Z,52.7865,139.534,13.668,4.8,mb,65,84,8.908,0.66,us,us6000tgwu,2026-07-30T08:26:05.040Z,"68 km SW of Mago, Russia",earthquake,10.16,4.402,0.037,222,reviewed,us,us
2026-07-30T08:07:14.482Z,36.735,54.8451,10,4.8,mb,42,104,7.577,0.75,us,us6000tgwt,2026-07-31T09:17:18.995Z,"24 km ESE of Qarnābād, Iran",earthquake,10.36,1.885,0.068,67,reviewed,us,us
2026-07-30T08:06:08.000Z,35.3085,-117.80233333333,6.86,1.33,ml,46,58,0.05427,0.17,ci,ci40663570,2026-07-30T13:32:08.155Z,"17 km WSW of Johannesburg, CA",earthquake,0.16,0.38,0.17213653536527,27,reviewed,ci,ci
2026-07-30T08:04:11.250Z,32.122,-102.187,6.7871,0.1,ml,15,79,0,0.2,tx,tx2026owcobe,2026-07-30T15:01:38.846Z,"17 km NW of Midland, Texas",earthquake,1.3275353468825,1.7912199925729,0.2,7,reviewed,tx,tx
2026-07-30T08:03:22.770Z,61.168,-148.737,17,3.2,ml,159,48,0.3,0.9,ak,aka2026oymslq,2026-07-30T16:21:46.729Z,"33 km SSE of Knik River, Alaska",earthquake,1.6,1.1766,0.1,114,reviewed,ak,ak
2026-07-30T08:03:18.726Z,32.13,-102.209,3.9307,0,ml,9,86,0,0.1,tx,tx2026owcnhi,2026-07-30T14:23:17.261Z,"19 km NW of Midland, Texas",earthquake,1.6005844023999,1.6064549695103,0.2,6,reviewed,tx,tx
2026-07-30T07:55:00.645Z,38.1616,-117.8415,9.2208,1.58,ml,16,93,0.305,0.1468,nn,nn00922562,2026-07-31T02:04:21.346Z,"34 km SE of Mina, Nevada",earthquake,,2.2324,0.48,10,reviewed,nn,nn
2026-07-30T07:27:12.520Z,46.2,-122.159,6.88,-0.08,md,8,99,0.006107,0.14,uw,uw714065691,2026-07-30T18:49:48.630Z,"39 km NE of Amboy, Washington",earthquake,0.49,0.67,0.31454712440443,5,reviewed,uw,uw
2026-07-30T07:22:09.820Z,63.047,-151.384,0.5,2.7,ml,52,37,0.4,0.9,ak,aka2026oylisv,2026-07-31T18:52:32.881Z,"57 km SSE of Denali National Park, Alaska",earthquake,2.2,1.7538,0.2,39,reviewed,ak,ak
2026-07-30T07:21:08.900Z,35.315833333333,-117.80583333333,6.79,0.93,ml,34,86,0.05833,0.19,ci,ci40663562,2026-07-30T13:32:23.883Z,"17 km WSW of Johannesburg, CA",earthquake,0.22,0.43,0.19240175781205,13,reviewed,ci,ci
2026-07-30T07:21:05.353Z,59.71,-152.775,98.5,1.8,ml,51,67,0.2,0.5,ak,aka2026oylhtu,2026-07-31T18:50:08.807Z,"53 km W of Anchor Point, Alaska",earthquake,3.7,2.0525,0.2,36,reviewed,ak,ak
2026-07-30T07:08:07.960Z,18.070666666667,-66.183166666667,14.21,2.11,md,6,87,0.06414,0.15,pr,pr71526758,2026-07-30T10:52:43.070Z,"3 km NE of La Plena, Puerto Rico",earthquake,0.72,1.53,0.15548811820659,5,reviewed,pr,pr
2026-07-30T07:06:07.630Z,33.458,-116.413,11.59,0.64,ml,27,84,0.1288,0.13,ci,ci40663554,2026-07-30T13:32:31.903Z,"23 km N of Borrego Springs, CA",earthquake,0.2,0.59,0.07987088692627,10,reviewed,ci,ci
2026-07-30T07:00:42.740Z,38.803001403809,-122.80616760254,1.3300000429153,1.08,md,17,60,0.009831,0.04,nc,nc75408402,2026-07-30T07:02:18.101Z,"5 km WNW of The Geysers, CA",earthquake,0.25,0.379999995,0.15,18,automatic,nc,nc
2026-07-30T06:59:10.170Z,34.039166666667,-116.78283333333,13.36,0.8,ml,40,58,0.0211,0.16,ci,ci40663546,2026-07-30T13:32:27.988Z,"14 km N of Cabazon, CA",earthquake,0.17,0.37,0.17455033648654,21,reviewed,ci,ci
2026-07-30T06:58:56.166Z,14.2453,-91.0265,97.012,5,mww,56,142,1.257,0.84,us,us6000tgwd,2026-07-31T03:39:22.838Z,"8 km WNW of La Democracia, Guatemala",earthquake,6.38,7.483,0.06,27,reviewed,us,us
2026-07-30T06:56:58.203Z,32.165,-101.785,8.5693,1.4,ml,47,49,0.1,0.1,tx,tx2026owagnt,2026-07-30T13:47:00.799Z,"3 km N of Stanton, Texas",earthquake,0.22444524467081,0.39909513303314,0.2,23,reviewed,tx,tx
2026-07-30T06:56:11.180Z,33.319666666667,-116.18766666667,11.35,0.79,ml,29,86,0.1106,0.22,ci,ci10246622,2026-07-30T15:50:03.600Z,"18 km SSW of Oasis, CA",earthquake,0.33,0.61,0.14230798356264,10,reviewed,ci,ci
2026-07-30T06:56:05.380Z,33.460833333333,-116.54616666667,10.71,0.55,ml,25,48,0.05774,0.11,ci,ci40663538,2026-07-30T15:43:14.927Z,"16 km SE of Anza, CA",earthquake,0.17,0.36,0.10380653144181,14,reviewed,ci,ci
2026-07-30T06:55:21.190Z,33.476833333333,-116.4965,12.72,0.63,ml,32,60,0.09012,0.16,ci,ci40663530,2026-07-30T13:32:41.317Z,"19 km ESE of Anza, CA",earthquake,0.2,0.49,0.12420651894861,14,reviewed,ci,ci
2026-07-30T06:54:27.745Z,51.685,-177.37,88,1.8,ml,19,189,0.1,0.3,ak,aka2026oykkry,2026-07-31T18:48:12.132Z,"54 km WSW of Adak, Alaska",earthquake,23.8,4.2596,0.3,15,reviewed,ak,ak
2026-07-30T06:54:14.490Z,35.318833333333,-117.80466666667,5.8,1.05,ml,37,55,0.06135,0.22,ci,ci40663522,2026-07-30T13:32:59.055Z,"17 km WSW of Johannesburg, CA",earthquake,0.24,0.57,0.17554582580929,16,reviewed,ci,ci
2026-07-30T06:44:46.042Z,58.248,-155.054,5,0.8,ml,14,124,0,0.3,ak,aka2026oykchv,2026-07-31T05:29:36.310Z,"83 km NNW of Karluk, Alaska",earthquake,6,,0.4,5,automatic,ak,ak
2026-07-30T06:37:22.100Z,61.382666666667,-151.59533333333,19.52,0.19,ml,6,272,0.1443,0.14,av,av94344918,2026-07-31T04:55:04.560Z,"38 km NW of Beluga, Alaska",earthquake,1.86,1.14,0.13898547877418,6,reviewed,av,av
2026-07-30T06:27:57.190Z,52.105,-176.14316666667,-1.78,-0.3,ml,5,219,0.02409,0.24,av,av94344898,2026-07-31T04:50:33.260Z,"42 km NE of Adak, Alaska",earthquake,1.87,2.31,0.15381318894917,5,reviewed,av,av
2026-07-30T06:24:43.970Z,35.3205,-117.8075,6.48,1.76,ml,57,32,0.06154,0.21,ci,ci40663514,2026-07-30T13:33:50.080Z,"17 km WSW of Johannesburg, CA",earthquake,0.17,0.52,0.1518663043208,26,reviewed,ci,ci
2026-07-30T06:09:46.960Z,58.277166666667,-154.9805,2.86,0.13,ml,7,138,0.04807,0.25,av,av94344873,2026-07-31T01:31:23.910Z,"84 km NNW of Karluk, Alaska",earthquake,0.53,1.6,0.2395987189808,7,reviewed,av,av
2026-07-30T06:04:21.241Z,-20.0489,-69.1849,97.83,4.6,mb,44,63,0.096,1.13,us,us6000tgw3,2026-07-30T13:39:36.426Z,"58 km ENE of La Tirana, Chile",earthquake,5.64,3.708,0.07,60,reviewed,us,us
2026-07-30T06:03:35.380Z,35.67,-117.49183333333,4.35,0.36,ml,18,72,0.05568,0.13,ci,ci40663506,2026-07-30T13:33:06.974Z,"13 km SW of Searles Valley, CA",earthquake,0.33,0.6,0.040711563823218,3,reviewed,ci,ci
2026-07-30T06:02:17.567Z,54.371,-159.976,3.1,2.6,ml,18,260,1.3,0.6,ak,aka2026oyiroh,2026-07-31T18:46:18.152Z,"112 km SSE of Sand Point, Alaska",earthquake,8.6,5.5264,0.1,13,reviewed,ak,ak
2026-07-30T05:55:54.622Z,-2.5747,138.9512,10,4.7,mb,22,96,1.751,1,us,us6000tgw4,2026-07-30T06:42:17.040Z,"186 km W of Abepura, Indonesia",earthquake,14.03,1.912,0.095,34,reviewed,us,us
2026-07-30T05:55:42.940Z,33.346,-116.344,11.24,0.85,ml,44,35,0.0331,0.2,ci,ci40663498,2026-07-30T13:33:03.075Z,"10 km NNE of Borrego Springs, CA",earthquake,0.2,0.37,0.062848737489014,18,reviewed,ci,ci
2026-07-30T05:51:39.660Z,55.994666666667,-159.43766666667,12.98,0.08,ml,6,271,0.05414,0.25,av,av94344843,2026-07-31T04:40:02.680Z,"10 km NNE of Ivanof Bay, Alaska",earthquake,1.61,1.11,0.24337296944851,6,reviewed,av,av
2026-07-30T05:46:52.042Z,-36.4669,52.0375,10,4.7,mb,34,120,12.249,0.73,us,us6000tgw1,2026-07-30T06:27:15.040Z,"Southwest Indian Ridge",earthquake,12.09,1.91,0.106,27,reviewed,us,us
2026-07-30T05:33:54.810Z,35.3285,-117.8155,7.49,0.96,ml,32,81,0.06579,0.18,ci,ci40663490,2026-07-30T13:33:18.293Z,"17 km WSW of Johannesburg, CA",earthquake,0.22,0.61,0.11761347540624,15,reviewed,ci,ci
2026-07-30T05:32:30.372Z,55.027,-159.639,5.3,2.1,ml,21,250,1,0.6,ak,aka2026oyhrqw,2026-07-31T18:44:06.181Z,"64 km ESE of Sand Point, Alaska",earthquake,7.9,3.5676,0.1,17,reviewed,ak,ak
2026-07-30T05:22:27.036Z,32.005,-103.24,4.9976,1.1,ml,13,80,0.1,0.2,tx,tx2026ovxesa,2026-07-30T11:36:36.698Z,"12 km SSW of Jal, New Mexico",earthquake,1.0272001182614,1.7365581608787,0.1,7,reviewed,tx,tx
2026-07-30T05:22:05.670Z,35.3625,-117.788,3.86,1.04,ml,34,45,0.106,0.19,ci,ci40663482,2026-07-30T13:33:22.397Z,"14 km W of Johannesburg, CA",earthquake,0.21,0.67,0.16849840507971,14,reviewed,ci,ci
2026-07-30T05:20:51.200Z,31.652,-104.447,5.7922,1.5,ml,27,82,0,0.2,tx,tx2026ovxdhe,2026-07-30T08:25:45.776Z,"58 km S of Whites City, New Mexico",earthquake,1.456419598962,0.5619706111271,0.2,12,reviewed,tx,tx
2026-07-30T05:14:03.571Z,53.299,-164.666,14.7,2.2,ml,22,233,1,0.5,ak,aka2026oyhbsq,2026-07-31T18:42:37.588Z,"118 km SE of Akutan, Alaska",earthquake,5.8,6.3338,0.1,18,reviewed,ak,ak
2026-07-30T05:13:30.942Z,60.035,-141.532,8.5,1.6,ml,19,159,0.3,0.4,ak,aka2026oyhbfo,2026-07-31T18:37:48.541Z,"115 km WNW of Yakutat, Alaska",earthquake,5.1,3.6976,0.1,16,reviewed,ak,ak
2026-07-30T05:08:31.888Z,-28.6242,-176.5759,10,5.8,mww,61,62,1.338,1.3,us,us6000tgvz,2026-07-31T05:15:34.848Z,"Kermadec Islands region",earthquake,9.43,1.86,0.061,26,reviewed,us,us
2026-07-30T05:01:17.224Z,51.253,-177.112,35.2,2.6,ml,25,225,0.5,0.6,ak,aka2026oygqno,2026-07-31T18:11:41.302Z,"76 km SSW of Adak, Alaska",earthquake,7.4,6.0239,0.2,19,reviewed,ak,ak
2026-07-30T04:59:54.770Z,35.640666666667,-117.44733333333,9.83,1.42,ml,40,62,0.03106,0.14,ci,ci40663474,2026-07-30T16:13:18.529Z,"15 km SSW of Searles Valley, CA",earthquake,0.15,0.33,0.1928755357758,25,reviewed,ci,ci
2026-07-30T04:56:41.487Z,55.022,-161.019,53,2.7,ml,43,196,0.5,0.6,ak,aka2026oygmou,2026-07-31T18:10:33.833Z,"48 km SW of Sand Point, Alaska",earthquake,10.6,6.152,0.2,33,reviewed,ak,ak
2026-07-30T04:54:19.898Z,32.006,-103.24,6.6638,1.4,ml,17,80,0.1,0.2,tx,tx2026ovwgkz,2026-07-30T08:37:17.669Z,"12 km SSW of Jal, New Mexico",earthquake,0.88404789789381,1.2381498964636,0.1,7,reviewed,tx,tx
2026-07-30T04:49:26.450Z,38.758666992188,-122.72533416748,2.710000038147,1.12,md,11,144,0.002945,0.03,nc,nc75408392,2026-07-30T05:37:23.729Z,"3 km SE of The Geysers, CA",earthquake,0.46,0.75,0.22,9,automatic,nc,nc
2026-07-30T04:47:42.942Z,32.437,-102.255,8.5449,0.9,ml,29,88,0.1,0.1,tx,tx2026ovwasw,2026-07-30T15:02:29.604Z,"29 km ENE of McKinney Acres, Texas",earthquake,0.95689813648932,1.007148100651,0.2,22,reviewed,tx,tx
2026-07-30T04:42:26.489Z,63.217,-147.685,5,2.8,ml,102,15,0.6,1.2,ak,aka2026oygafq,2026-07-31T17:56:55.597Z,"66 km ESE of Cantwell, Alaska",earthquake,1.7,0,0.1,75,reviewed,ak,ak
2026-07-30T04:42:12.667Z,-2.6018,138.8205,35,5.4,mb,39,58,1.883,0.75,us,us6000tgvu,2026-07-31T04:48:57.008Z,"201 km W of Abepura, Indonesia",earthquake,8.63,1.912,0.086,46,reviewed,us,us
2026-07-30T04:41:24.830Z,36.126499176025,-120.22766876221,6.5799999237061,1.81,md,13,217,0.02132,0.06,nc,nc75408387,2026-07-30T05:12:20.562Z,"12 km E of Coalinga, CA",earthquake,0.84,0.550000012,0.15,8,automatic,nc,nc
2026-07-30T04:39:11.473Z,55.794,-159.829,11.9,1.7,ml,17,194,0.3,0.6,ak,aka2026oyfxlh,2026-07-31T17:36:46.329Z,"24 km WSW of Ivanof Bay, Alaska",earthquake,11.9,3.8084,0.3,12,reviewed,ak,ak
2026-07-30T04:35:10.970Z,38.835334777832,-122.79933166504,1.5,0.73,md,10,96,0.01932,0.02,nc,nc75408382,2026-07-30T04:36:47.042Z,"7 km WNW of Cobb, CA",earthquake,0.28,0.790000021,0.18,12,automatic,nc,nc
2026-07-30T04:27:20.253Z,32.015,-103.242,1.9214,1.2,ml,17,69,0.1,0.2,tx,tx2026ovvjfa,2026-07-30T09:24:21.545Z,"11 km SSW of Jal, New Mexico",earthquake,0.79660418475677,2.1175449889878,0.2,6,reviewed,tx,tx
2026-07-30T04:26:09.570Z,45.6565,-122.54666666667,9.48,0.73,md,10,192,0.2901,0.34,uw,uw714065661,2026-07-30T18:27:53.540Z,"1 km SE of Orchards, Washington",earthquake,2.92,29.13,0.23686340498801,2,reviewed,uw,uw
2026-07-30T04:24:28.137Z,50.677,-173.857,5,2.5,ml,10,253,1.5,0.5,ak,aka2026oyfkso,2026-07-31T17:27:05.535Z,"170 km S of Atka, Alaska",earthquake,11,0,0.2,7,reviewed,ak,ak
2026-07-30T04:21:50.090Z,38.481166666667,-112.90333333333,3.04,0.36,md,7,109,0.02423,0.05,uu,uu80146711,2026-07-30T13:28:18.810Z,"13 km NE of Milford, Utah",earthquake,0.43,0.73,0.44803873524165,3,reviewed,uu,uu
2026-07-30T04:20:16.030Z,38.772666931152,-122.9443359375,7.5700001716614,1.02,md,6,175,0.05524,0.01,nc,nc75408372,2026-07-30T04:21:51.886Z,"7 km ESE of Cloverdale, CA",earthquake,1.06,5.53999996,0.17,8,automatic,nc,nc
2026-07-30T04:18:03.856Z,51.216,-176.593,19.9,1.9,ml,13,249,0.7,0.2,ak,aka2026oyffce,2026-07-31T17:15:08.585Z,"73 km S of Adak, Alaska",earthquake,7.6,5.6653,0.1,10,reviewed,ak,ak
2026-07-30T04:13:55.180Z,34.078,-117.281,15.94,1.22,ml,70,21,0.02737,0.17,ci,ci40663466,2026-07-30T13:33:35.367Z,"3 km E of Colton, CA",earthquake,0.13,0.35,0.2336681535769,29,reviewed,ci,ci
2026-07-30T04:10:24.373Z,53.389,-165.15,19.5,2,ml,17,227,0.8,0.3,ak,aka2026oyeykt,2026-07-31T17:06:47.450Z,"92 km SSE of Akutan, Alaska",earthquake,5.8,7.0923,0.1,13,reviewed,ak,ak
2026-07-30T04:10:01.750Z,19.213333333333,-155.03833333333,41.65,2.1,ml,48,224,0.1885,0.13,hv,hv75010292,2026-07-30T19:29:59.600Z,"29 km SSE of Fern Forest, Hawaii",earthquake,0.73,0.42,0.28877770922105,29,reviewed,hv,hv
2026-07-30T04:08:20.930Z,33.315333333333,-116.18933333333,10.79,1.05,ml,52,43,0.1111,0.19,ci,ci40663458,2026-07-30T16:33:08.810Z,"18 km ENE of Borrego Springs, CA",earthquake,0.17,0.43,0.21108408161253,31,reviewed,ci,ci
2026-07-30T04:07:55.200Z,58.2315,-155.055,3.87,-0.73,ml,5,221,0.06521,0.23,av,av94344598,2026-07-31T00:12:20.080Z,"81 km NNW of Karluk, Alaska",earthquake,0.86,1.73,0.14369223720538,5,reviewed,av,av
2026-07-30T03:53:29.194Z,32.005,-103.229,6.3562,0.9,ml,16,78,0.1,0.2,tx,tx2026ovufyj,2026-07-30T10:40:16.197Z,"12 km SSW of Jal, New Mexico",earthquake,0.9109916869381,1.6143651569109,0.2,6,reviewed,tx,tx
2026-07-30T03:48:49.650Z,58.179833333333,-155.28916666667,1.09,-0.24,ml,7,156,0.03709,0.04,av,av94344563,2026-07-31T00:06:19.710Z,"84 km NW of Karluk, Alaska",earthquake,0.21,0.65,0.32666220823224,7,reviewed,av,av
2026-07-30T03:47:51.675Z,63.573,-150.616,2.7,2,ml,32,32,0.1,0.9,ak,aka2026oyeeyl,2026-07-31T17:04:04.761Z,"55 km E of Denali National Park, Alaska",earthquake,2.4,2.0096,0.1,24,reviewed,ak,ak
2026-07-30T03:41:28.390Z,38.4805,-112.905,2.66,0.51,md,8,111,0.02946,0.04,uu,uu80146706,2026-07-30T13:59:54.390Z,"13 km NE of Milford, Utah",earthquake,0.3,0.62,0.57782271615785,4,reviewed,uu,uu
2026-07-30T03:23:59.790Z,36.974166870117,-121.45133209228,4.2699999809265,1.91,md,32,57,0.0959,0.12,nc,nc75408367,2026-07-30T03:57:23.066Z,"11 km ESE of Gilroy, CA",earthquake,0.26,1,0.16,30,automatic,nc,nc
2026-07-30T03:23:41.303Z,32.015,-103.239,5.946,1.8,ml,26,69,0.1,0.2,tx,tx2026ovtgfq,2026-07-30T08:18:53.459Z,"11 km SSW of Jal, New Mexico",earthquake,0.63610377607602,1.1262785163706,0.1,13,reviewed,tx,tx
2026-07-30T03:21:40.598Z,57.12,-156.838,10.1,1.7,ml,22,129,0.6,0.7,ak,aka2026oydiev,2026-07-31T16:59:46.559Z,"55 km SE of Ugashik, Alaska",earthquake,6.7,2.6764,0.1,18,reviewed,ak,ak
2026-07-30T03:14:25.643Z,54.522,-160.161,6.2,2.8,ml,24,208,1.2,0.7,ak,aka2026oydbze,2026-07-31T16:57:44.617Z,"93 km SSE of Sand Point, Alaska",earthquake,6.1,4.2477,0.1,18,reviewed,ak,ak
2026-07-30T03:09:07.334Z,61.521,-146.623,20.3,1.9,ml,37,38,0.3,1,ak,aka2026oycxic,2026-07-31T16:56:14.604Z,"45 km NNW of Valdez, Alaska",earthquake,2.7,2.4062,0.1,29,reviewed,ak,ak
2026-07-30T03:04:35.210Z,46.2045,-122.18583333333,2.68,0.59,md,8,68,0.02514,0.02,uw,uw714065651,2026-07-30T16:41:06.900Z,"38 km NNE of Amboy, Washington",earthquake,0.4,1.11,0.17175483210997,4,reviewed,uw,uw
2026-07-30T03:04:23.130Z,52.382833333333,-174.17016666667,5.92,-0.02,ml,7,134,0.02264,0.15,av,av94344473,2026-07-31T00:00:50.280Z,"20 km N of Atka, Alaska",earthquake,0.6,0.99,0.40949328156317,7,reviewed,av,av
2026-07-30T03:00:47.156Z,57.6,-155.897,3.2,1.3,ml,15,107,0.2,0.6,ak,aka2026oycqcg,2026-07-30T23:44:19.230Z,"86 km W of Karluk, Alaska",earthquake,4.6,6.7923,0.3,4,automatic,ak,ak
2026-07-30T03:00:33.230Z,33.014166666667,-116.2515,4.98,1.33,ml,49,50,0.07369,0.19,ci,ci40663442,2026-07-30T13:34:55.220Z,"18 km SW of Ocotillo Wells, CA",earthquake,0.18,0.54,0.18363183668188,28,reviewed,ci,ci
2026-07-30T02:57:39.799Z,51.123,-179.658,16.1,2.5,ml,22,223,0.7,0.3,ak,aka2026oycnjv,2026-07-31T02:17:23.681Z,"225 km WSW of Adak, Alaska",earthquake,6.1,4.0867,0.2,16,reviewed,ak,ak
2026-07-30T02:52:27.180Z,19.574833333333,-66.506833333333,17.87,3.39,md,17,281,1.092,0.32,pr,pr71526743,2026-07-30T10:42:51.090Z,"123 km N of Tierras Nuevas Poniente, Puerto Rico",earthquake,3.71,7.46,0.074653436007632,13,reviewed,pr,pr
2026-07-30T02:48:03.370Z,38.827499389648,-122.85600280762,2.4800000190735,0.56,md,13,76,0.0006812,0.01,nc,nc75408357,2026-07-30T02:49:41.204Z,"10 km WNW of The Geysers, CA",earthquake,0.34,0.670000017,0.16,13,automatic,nc,nc
2026-07-30T02:47:58.560Z,38.826168060303,-122.8561630249,2.4700000286102,1.32,md,12,113,0.001483,0.01,nc,nc75408352,2026-07-30T03:22:21.828Z,"10 km WNW of The Geysers, CA",earthquake,0.37,0.519999981,0.17,12,automatic,nc,nc
2026-07-30T02:46:58.147Z,60.023,-153.264,136.7,1.5,ml,40,83,0.1,0.5,ak,aka2026oycdqw,2026-07-31T02:16:11.257Z,"53 km ENE of Pedro Bay, Alaska",earthquake,4.9,2.31,0.3,29,reviewed,ak,ak
2026-07-30T02:46:24.341Z,-5.8112,153.5797,10,5.3,mb,58,117,2.14,1.11,us,us6000tgva,2026-07-30T03:04:46.040Z,"217 km SE of Kokopo, Papua New Guinea",earthquake,9.45,1.892,0.079,54,reviewed,us,us
2026-07-30T02:45:32.308Z,-5.6505,153.6032,10,4.8,mb,53,122,2.039,0.58,us,us6000tgvc,2026-07-30T03:15:20.040Z,"206 km SE of Kokopo, Papua New Guinea",earthquake,10.2,1.901,0.081,47,reviewed,us,us
2026-07-30T02:44:53.340Z,33.032333333333,-116.29083333333,6.01,1.26,ml,50,40,0.07823,0.16,ci,ci40663434,2026-07-30T13:36:00.113Z,"19 km SW of Ocotillo Wells, CA",earthquake,0.16,0.46,0.17721469918738,26,reviewed,ci,ci
2026-07-30T02:44:06.680Z,33.5285,-116.73933333333,4.27,0.68,ml,29,46,0.03681,0.18,ci,ci40663426,2026-07-30T13:34:52.796Z,"7 km WSW of Anza, CA",earthquake,0.2,0.37,0.13796973074738,13,reviewed,ci,ci
2026-07-30T02:42:41.123Z,31.976,-103.314,6.5356,0.9,ml,13,82,0,0.2,tx,tx2026ovrxeq,2026-07-30T11:09:13.095Z,"18 km SW of Jal, New Mexico",earthquake,1.6200632843118,1.2727440370021,0.2,7,reviewed,tx,tx
2026-07-30T02:40:07.610Z,38.827499389648,-122.85583496094,2.4900000095367,0.74,md,12,95,0.0008121,0.02,nc,nc75408347,2026-07-30T02:41:46.134Z,"10 km WNW of The Geysers, CA",earthquake,0.39,0.569999993,0.14,13,automatic,nc,nc
2026-07-30T02:27:39.200Z,48.276333333333,-122.03333333333,17.6,0.77,ml,10,152,0.0453,0.08,uw,uw714065631,2026-07-30T16:34:22.460Z,"5 km S of Lake Cavanaugh, Washington",earthquake,0.33,0.63,0.034179729217194,2,reviewed,uw,uw
2026-07-30T02:18:40.810Z,60.052166666667,-153.04733333333,1.56,-0.79,ml,5,215,0.009677,0.06,av,av94344383,2026-07-30T23:35:48.730Z,"66 km ENE of Pedro Bay, Alaska",earthquake,0.79,0.28,0.036034445743798,4,reviewed,av,av
2026-07-30T02:10:25.818Z,54.632,-161.908,55.5,1.8,ml,13,231,0.5,0.3,ak,aka2026oyayli,2026-07-31T02:14:06.564Z,"54 km SSE of King Cove, Alaska",earthquake,17.4,9.9649,0.1,10,reviewed,ak,ak
2026-07-30T02:04:56.940Z,60.061833333333,-153.06916666667,1.65,-0.74,ml,5,242,0.005295,0.22,av,av94344358,2026-07-30T23:33:17.520Z,"65 km ENE of Pedro Bay, Alaska",earthquake,1.22,0.92,0.16520714655514,5,reviewed,av,av
2026-07-30T01:52:07.621Z,31.268,-103.424,1.1908,1.8,ml,21,40,0,0.3,tx,tx2026ovqflx,2026-07-30T15:51:40.714Z,"15 km SE of Lindsay, Texas",earthquake,1.3801692778967,0.78059109287793,0.3,18,reviewed,tx,tx
2026-07-30T01:44:21.760Z,46.343166666667,-122.36966666667,17.3,0.97,ml,26,82,,0.14,uw,uw714065611,2026-07-30T03:48:25.440Z,"22 km SSE of Mossyrock, Washington",earthquake,0.23,0.49,0.044466634837172,2,reviewed,uw,uw
2026-07-30T01:30:12.820Z,33.455,-116.4215,11.11,0.98,ml,54,32,0.1315,0.19,ci,ci40663418,2026-07-30T13:34:59.270Z,"23 km N of Borrego Springs, CA",earthquake,0.17,0.34,0.19102914580099,25,reviewed,ci,ci
2026-07-30T01:24:21.136Z,62.028,-147.727,32.4,2.3,ml,65,39,0.2,0.9,ak,aka2026oxzkme,2026-07-31T02:12:56.502Z,"24 km N of Glacier View, Alaska",earthquake,2,2.1776,0.2,48,reviewed,ak,ak
2026-07-30T01:16:07.039Z,58.149,-155.319,5,1.2,ml,17,59,0.1,0.2,ak,aka2026oxzdiz,2026-07-30T23:26:18.060Z,"82 km NW of Karluk, Alaska",earthquake,4.7,,0.2,5,automatic,ak,ak
2026-07-30T01:15:07.108Z,32.138,-101.195,8.4229,1,ml,13,88,0.1,0.2,tx,tx2026ovozoi,2026-07-31T11:52:49.467Z,"16 km E of Forsan, Texas",earthquake,2.3284867758843,2.2914165488396,0.2,5,reviewed,tx,tx
2026-07-30T01:05:59.719Z,37.0139,-117.5427,3.8077,1.52,ml,11,193,0.364,0.2717,nn,nn00922551,2026-07-30T01:09:36.156Z,"63 km ENE of Independence, California",earthquake,,15.2892,0.47,3,automatic,nn,nn
2026-07-30T01:01:50.842Z,32.354,-102.068,7.251,0.6,ml,18,66,0,0.1,tx,tx2026ovoocu,2026-07-30T11:43:26.224Z,"36 km NW of Stanton, Texas",earthquake,0.5148039496022,0.78931229961782,0.1,7,reviewed,tx,tx
2026-07-30T01:00:19.972Z,32.361,-101.759,6.8115,1.1,ml,55,22,0,0.2,tx,tx2026ovomqs,2026-07-30T09:56:49.197Z,"18 km SSW of Ackerly, Texas",earthquake,0.34009264399526,0.66035118104773,0.1,18,reviewed,tx,tx
2026-07-30T00:51:29.220Z,35.615833333333,-84.5295,14.03,1.66,md,6,91,0.1545,0.03,se,se60506053,2026-07-30T15:39:58.470Z,"6 km WNW of Sweetwater, Tennessee",earthquake,0.32,0.81,0.10515820606667,5,reviewed,se,se
2026-07-30T00:43:22.582Z,52.989,-166.621,24.9,2,ml,16,247,0.8,0.7,ak,aka2026oxybab,2026-07-31T02:10:44.254Z,"98 km S of Unalaska, Alaska",earthquake,11.5,7.2081,0.1,13,reviewed,ak,ak
2026-07-30T00:42:36.780Z,34.113833333333,-118.4995,10.22,1.5,ml,35,143,0.03766,0.15,ci,ci40663410,2026-07-30T15:36:55.935Z,"5 km S of Encino, CA",earthquake,0.23,0.26,0.23383640282729,31,reviewed,ci,ci
2026-07-30T00:38:46.413Z,63.345,-145.055,7.1,1.6,ml,18,73,0.3,0.8,ak,aka2026oxxwzd,2026-07-31T02:09:54.595Z,"39 km SSW of Dry Creek, Alaska",earthquake,2.9,2.1666,0.2,14,reviewed,ak,ak
2026-07-30T00:36:08.980Z,60.505333333333,-152.7685,2.57,-0.92,ml,5,126,0.04044,0.07,av,av94344213,2026-07-30T23:09:46.190Z,"79 km NW of Ninilchik, Alaska",earthquake,0.37,1.17,0.17250734139003,5,reviewed,av,av
2026-07-30T00:24:35.420Z,60.051,-153.0775,-0.93,-0.77,ml,5,122,0.009446,0.07,av,av94344198,2026-07-30T23:04:15.790Z,"64 km ENE of Pedro Bay, Alaska",earthquake,0.39,1.25,0.11618899799109,4,reviewed,av,av
2026-07-30T00:18:02.274Z,63.583,-150.653,3.7,1.8,ml,21,41,0.1,0.9,ak,aka2026oxxezp,2026-07-31T02:08:20.603Z,"53 km E of Denali National Park, Alaska",earthquake,2.7,2.1544,0.1,16,reviewed,ak,ak
2026-07-30T00:16:28.150Z,35.324,-117.79733333333,5.92,1.1,ml,33,60,0.06899,0.19,ci,ci40663402,2026-07-30T13:35:27.584Z,"16 km WSW of Johannesburg, CA",earthquake,0.22,0.56,0.13194776872434,20,reviewed,ci,ci
2026-07-30T00:01:13.456Z,54.867,-158.868,2.7,2.5,ml,17,267,1.2,0.5,ak,aka2026oxwqls,2026-07-31T02:07:06.064Z,"116 km ESE of Sand Point, Alaska",earthquake,7.9,3.3676,0.1,13,reviewed,ak,ak
2026-07-29T23:41:09.290Z,52.097333333333,-176.23116666667,12.41,0.34,ml,5,301,0.03331,0.18,av,av94344153,2026-07-30T06:52:01.090Z,"37 km NE of Adak, Alaska",earthquake,1.34,1.16,0.26718352881703,6,reviewed,av,av
2026-07-29T23:30:03.330Z,34.749,-97.771,19.81,1.27,ml,34,173,0.201560447,0.27,ok,ok2026otqr,2026-07-30T12:32:12.627Z,"13 km NNE of Bray, Oklahoma",earthquake,,1.3,0.24,21,reviewed,ok,ok
2026-07-29T23:25:40.170Z,39.395332336426,-122.91733551025,10.939999580383,1.62,md,7,165,0.06334,0.06,nc,nc75408327,2026-07-30T00:37:21.748Z,"4 km ESE of Lake Pillsbury, CA",earthquake,1.13,0.850000024,0.17,3,automatic,nc,nc
2026-07-29T23:24:04.530Z,38.769332885742,-122.93883514404,6.2399997711182,1.73,md,32,82,0.05944,0.06,nc,nc75408322,2026-07-30T00:12:22.588Z,"8 km ESE of Cloverdale, CA",earthquake,0.29,0.660000026,0.14,30,automatic,nc,nc
2026-07-29T23:17:39.950Z,14.6253,-93.1002,35,4.5,mb,39,208,3.298,1.06,us,us6000tgup,2026-07-29T23:30:47.040Z,"72 km WSW of Aquiles Serdán, Mexico",earthquake,9.74,1.985,0.046,140,reviewed,us,us
2026-07-29T23:15:41.950Z,38.826667785645,-122.7679977417,2.0699999332428,1.03,md,13,120,0.004082,0.02,nc,nc75408317,2026-07-29T23:17:20.562Z,"4 km W of Cobb, CA",earthquake,0.35,0.550000012,0.09,15,automatic,nc,nc
2026-07-29T23:04:03.107Z,54.503,-159.864,5,2.1,ml,13,272,1.3,0.5,ak,aka2026oxusvn,2026-07-30T20:55:02.150Z,"101 km SSE of Sand Point, Alaska",earthquake,10.9,0,0.1,10,reviewed,ak,ak
2026-07-29T23:00:39.843Z,60.986,-138.669,1.7,1.8,ml,12,123,0.4,0.9,ak,aka2026oxuqao,2026-07-30T19:47:22.346Z,"170 km NNE of Yakutat, Alaska",earthquake,4.6,3.3741,0.1,10,reviewed,ak,ak
2026-07-29T22:57:36.253Z,40.2651,-118.1378,15.0919,1.85,ml,8,170,0.466,0.3115,nn,nn00922546,2026-07-29T23:39:05.903Z,"30 km ENE of Lovelock, Nevada",explosion,,0.8961,0,1,reviewed,nn,nn
2026-07-29T22:57:03.483Z,60.658,-152.688,8.6,0.9,ml,9,128,0.1,0.1,ak,aka2026oxumqe,2026-07-30T06:55:00.380Z,"75 km W of Salamatof, Alaska",earthquake,10.9,9.5964,0.2,4,automatic,ak,ak
2026-07-29T22:56:21.140Z,19.475166666667,-155.43133333333,4.56,1.78,ml,36,85,0.04635,0.17,hv,hv75010172,2026-07-30T18:27:55.370Z,"21 km W of Volcano, Hawaii",earthquake,0.36,0.88,0.26594000375077,15,reviewed,hv,hv
2026-07-29T22:51:52.172Z,59.859,-141.856,15.2,1.7,ml,15,194,0.3,1,ak,aka2026oxuigg,2026-07-30T19:45:37.996Z,"124 km WNW of Yakutat, Alaska",earthquake,5.8,3.0273,0.1,13,reviewed,ak,ak
2026-07-29T22:49:34.630Z,35.547,-96.74333333,6.29,0.85,ml,34,76,0.01169770451,0.19,ok,ok2026otpi,2026-07-30T12:38:36.907Z,"8 km NW of Prague, Oklahoma",earthquake,,0.3,0.24,14,reviewed,ok,ok
2026-07-29T22:42:25.141Z,-28.5591,-176.6372,10,5.2,mb,50,67,12.195,0.96,us,us6000tguj,2026-07-29T23:05:40.040Z,"Kermadec Islands region",earthquake,12.69,1.79,0.095,36,reviewed,us,us
2026-07-29T22:41:13.439Z,52.007,176.313,10.1,3.1,ml,11,191,1.4,0.3,ak,aka2026oxtzga,2026-07-30T19:44:54.333Z,"232 km ESE of Attu Station, Alaska",earthquake,50.6,14.5249,0.2,9,reviewed,ak,ak
2026-07-29T22:41:06.548Z,31.527,-104.049,6.5485,1.8,ml,45,63,0,0.2,tx,tx2026ovjuyw,2026-07-30T14:34:04.930Z,"33 km NW of Toyah, Texas",earthquake,0.42206564999152,0.41204001744006,0.1,30,reviewed,tx,tx
2026-07-29T22:33:40.646Z,60.376,-151.541,65.1,1.3,ml,20,70,0.6,0.6,ak,aka2026oxtsmq,2026-07-30T19:43:30.250Z,"12 km W of Cohoe, Alaska",earthquake,3.9,5.4787,0.1,16,reviewed,ak,ak
2026-07-29T22:28:51.600Z,34.638833333333,-117.3055,-0.81,1.36,ml,29,43,0.08049,0.14,ci,ci40663394,2026-07-29T22:47:16.220Z,"11 km ENE of Adelanto, CA",quarry blast,0.27,31.61,0.14065728880332,21,reviewed,ci,ci
2026-07-29T22:28:47.860Z,53.899666666667,-166.66933333333,7.8,-0.19,ml,6,213,0.01936,0.1,av,av94344023,2026-07-30T06:43:59.660Z,"8 km W of Dutch Harbor, Alaska",earthquake,0.54,0.48,0.3115548006803,6,reviewed,av,av
2026-07-29T22:27:57.690Z,-28.4982,-176.5171,10,5.9,mww,64,39,1.445,1.16,us,us6000tguf,2026-07-30T22:33:58.948Z,"Kermadec Islands region",earthquake,8.59,1.788,0.066,22,reviewed,us,us
2026-07-29T22:26:14.830Z,38.761165618896,-122.92783355713,6.2399997711182,0.94,md,9,165,0.06481,0.03,nc,nc75408312,2026-07-29T22:27:50.100Z,"9 km ESE of Cloverdale, CA",earthquake,0.71,2.36999989,0.34,6,automatic,nc,nc
2026-07-29T22:25:43.620Z,45.8075,-122.45716666667,-0.82,1.47,md,6,300,0.1278,0.08,uw,uw714065511,2026-07-30T21:43:50.150Z,"4 km NW of Venersborg, Washington",explosion,1.17,31.61,0.14470608353356,5,reviewed,uw,uw
2026-07-29T22:17:27.370Z,33.3735,-116.68933333333,12.29,0.38,ml,17,86,0.1092,0.13,ci,ci40663378,2026-07-29T23:19:19.319Z,"11 km NNW of Warner Springs, CA",earthquake,0.27,0.68,0.047203099773601,4,reviewed,ci,ci
2026-07-29T22:15:30.982Z,61.81,-149.583,22.8,2.2,ml,56,39,0.3,0.9,ak,aka2026oxtctm,2026-07-30T19:42:17.921Z,"19 km WNW of Fishhook, Alaska",earthquake,2.3,1.8343,0.1,43,reviewed,ak,ak
2026-07-29T22:14:44.030Z,33.477333333333,-116.50716666667,14.5,0.58,ml,11,92,0.08129,0.16,ci,ci10246614,2026-07-29T23:16:46.883Z,"18 km ESE of Anza, CA",earthquake,0.45,0.63,0.10169136616344,6,reviewed,ci,ci
2026-07-29T22:14:41.010Z,33.481333333333,-116.51466666667,12.99,0.6,ml,18,56,0.07436,0.07,ci,ci40663370,2026-07-29T23:12:44.981Z,"17 km ESE of Anza, CA",earthquake,0.16,0.38,0.1366984789331,13,reviewed,ci,ci
2026-07-29T22:08:36.221Z,61.597,-146.149,28.3,1.5,ml,28,77,0.2,0.9,ak,aka2026oxswsw,2026-07-30T19:04:39.548Z,"52 km W of Tonsina, Alaska",earthquake,3.1,1.8885,0.1,20,reviewed,ak,ak
2026-07-29T22:08:07.628Z,-65.0558,-179.1239,10,5.6,mww,34,97,13.542,1.36,us,us6000tgud,2026-07-30T22:14:12.319Z,"Pacific-Antarctic Ridge",earthquake,12.29,1.687,0.073,18,reviewed,us,us
2026-07-29T21:57:56.311Z,59.707,-152.393,70.8,1.8,ml,47,73,0.3,0.6,ak,aka2026oxsnna,2026-07-30T18:53:21.149Z,"32 km WSW of Anchor Point, Alaska",earthquake,2.8,2.3098,0.2,36,reviewed,ak,ak
2026-07-29T21:57:34.011Z,32.361,-102.16,6.0791,0.1,ml,14,74,0,0.2,tx,tx2026ovikck,2026-07-30T15:34:46.974Z,"35 km E of McKinney Acres, Texas",earthquake,0.90943595315958,1.1019221023683,0.2,6,reviewed,tx,tx
2026-07-29T21:56:25.390Z,35.07833333,-97.8385,7.71,1.25,ml,37,97,0.06208781625,0.26,ok,ok2026otno,2026-07-30T12:48:34.905Z,"9 km ENE of Chickasha, Oklahoma",earthquake,,0.5,0.14,14,reviewed,ok,ok
2026-07-29T21:34:49.387Z,64.853,-146.471,7.1,1.9,ml,21,61,0.2,0.4,ak,aka2026oxrtiw,2026-07-30T18:50:22.641Z,"19 km E of Pleasant Valley, Alaska",earthquake,3.2,2.677,0.1,16,reviewed,ak,ak
2026-07-29T21:32:16.195Z,58.27,-154.966,5,1.1,ml,13,186,0.1,1.2,ak,aka2026oxrrgh,2026-07-30T06:40:59.350Z,"83 km NNW of Karluk, Alaska",earthquake,6.6,,0.3,10,automatic,ak,ak
2026-07-29T21:26:48.600Z,38.77466583252,-122.93983459473,4.6100001335144,1.32,md,13,118,0.0589,0.04,nc,nc75408277,2026-07-29T23:12:22.216Z,"8 km ESE of Cloverdale, CA",earthquake,0.43,2.25999999,0.09,15,automatic,nc,nc
2026-07-29T21:24:19.120Z,35.99666595459,-120.55799865723,0.68999999761581,0.64,md,9,89,0.02151,0.06,nc,nc75408272,2026-07-29T21:25:55.754Z,"16 km NW of Parkfield, CA",earthquake,0.27,0.579999983,0.38,3,automatic,nc,nc
2026-07-29T21:20:10.240Z,45.513333333333,-119.7905,-0.81,1.46,ml,7,124,0.04911,0.15,uw,uw714065431,2026-07-30T20:50:50.160Z,"2 km ENE of Ione, Oregon",explosion,0.67,31.61,0.13872091161802,4,reviewed,uw,uw
2026-07-29T21:19:23.750Z,36.958168029785,-121.44466400147,5.9299998283386,1.65,md,23,69,0.0832,0.13,nc,nc75408262,2026-07-29T22:47:23.046Z,"12 km ESE of Gilroy, CA",earthquake,0.32,1.23000002,0.26,16,automatic,nc,nc
2026-07-29T21:18:06.690Z,53.8955,-166.623,8.39,0.72,ml,13,157,0.03915,0.12,av,av94343918,2026-07-30T06:38:29.050Z,"5 km W of Dutch Harbor, Alaska",earthquake,0.46,0.52,0.21411831884926,13,reviewed,av,av
2026-07-29T21:15:29.961Z,51.493,-173.629,5,2.4,ml,14,219,0.8,0.8,ak,aka2026oxrcsv,2026-07-30T18:46:57.558Z,"87 km SSE of Atka, Alaska",earthquake,6.3,0,0.2,12,reviewed,ak,ak
2026-07-29T21:14:56.000Z,49.328333333333,-120.47233333333,-0.62,2.09,ml,10,196,0.5542,0.28,uw,uw714065421,2026-07-29T22:40:49.440Z,"14 km S of Princeton, Canada",explosion,1.12,31.61,0.12177191002262,18,reviewed,uw,uw
2026-07-29T21:13:34.226Z,54.725,-160.085,5,2.6,ml,23,241,1.1,0.6,ak,aka2026oxrbdk,2026-07-30T18:29:58.283Z,"73 km SSE of Sand Point, Alaska",earthquake,6.9,0,0.1,19,reviewed,ak,ak
2026-07-29T21:04:55.962Z,32.401,-102.144,7.959,0.8,ml,24,91,0,0.1,tx,tx2026ovgryw,2026-07-30T15:27:23.088Z,"37 km ENE of McKinney Acres, Texas",earthquake,0.53943250193975,0.49296622352989,0.1,17,reviewed,tx,tx
2026-07-29T21:01:56.223Z,31.431,-103.939,6.0999,1.2,ml,17,50,0.1,0.1,tx,tx2026ovgpkq,2026-07-30T20:54:57.917Z,"18 km NW of Toyah, Texas",earthquake,0.62027363130236,1.3023318652189,0.1,14,reviewed,tx,tx
2026-07-29T21:01:50.350Z,19.863166809082,-155.7303314209,5.9099998474121,2.7,ml,9,354,0.604,0.209999993,hv,hv75010117,2026-07-29T21:05:23.240Z,"10 km SE of Waikoloa, Hawaii",earthquake,14.14,16.8299999,0.28,10,automatic,hv,hv
2026-07-29T21:01:46.460Z,17.936333333333,-66.835666666667,13.17,1.84,md,6,220,0.05661,0.13,pr,pr71526728,2026-07-29T21:30:03.080Z,"6 km SSW of Indios, Puerto Rico",earthquake,1.1,0.49,0.047320105350464,4,reviewed,pr,pr
2026-07-29T21:01:38.122Z,51.339,-177.661,20.5,1.9,ml,20,229,0.4,0.3,ak,aka2026oxqqsd,2026-07-30T18:26:28.238Z,"92 km SW of Adak, Alaska",earthquake,7.9,4.9934,0.1,14,reviewed,ak,ak
2026-07-29T21:00:59.080Z,33.985666666667,-116.97866666667,17.33,1.46,ml,52,32,0.1133,0.15,ci,ci40663346,2026-07-29T23:06:25.510Z,"6 km N of Beaumont, CA",earthquake,0.15,0.42,0.18981960872727,50,reviewed,ci,ci
2026-07-29T21:00:53.510Z,34.335,-116.82283333333,7.4,1.19,ml,14,54,0.01355,0.1,ci,ci40663338,2026-07-29T23:08:11.244Z,"8 km NNE of Big Bear City, CA",earthquake,0.3,0.61,0.12775475484764,5,reviewed,ci,ci
2026-07-29T20:56:01.153Z,40.6866,-109.485,0,3.1,ml,42,49,0.132,0.75,us,us6000tgte,2026-07-30T21:00:16.620Z,"24 km NNE of Maeser, Utah",mining explosion,10.88,1.902,0.029,160,reviewed,us,us
2026-07-29T20:52:10.187Z,-24.6741,-175.2781,10,5.1,mb,135,70,5.13,0.83,us,us6000tgtc,2026-07-31T18:56:02.040Z,"south of Tonga",earthquake,11.29,1.754,0.047,146,reviewed,us,us
2026-07-29T20:45:35.620Z,36.288666666667,-89.5145,9.48,1.29,md,21,45,0.03272,0.07,nm,nm60625886,2026-07-30T15:47:35.840Z,"3 km NW of Ridgely, Tennessee",earthquake,0.21,0.36,0.077863964563393,13,reviewed,nm,nm
2026-07-29T20:41:22.790Z,58.171666666667,-155.357,2.2,-0.45,ml,10,91,0.0416,0.09,av,av94343848,2026-07-30T07:03:30.920Z,"85 km NW of Karluk, Alaska",earthquake,0.19,0.52,0.11304923270827,10,reviewed,av,av
2026-07-29T20:33:31.560Z,32.577833333333,-117.01366666667,-0.34,1.37,ml,30,257,0.07651,0.26,ci,ci40663322,2026-07-29T22:51:33.819Z,"4 km NE of San Ysidro, CA",quarry blast,2.02,31.61,0.17308186133926,13,reviewed,ci,ci
2026-07-29T20:32:35.534Z,51.92,-173.6272,69.764,3.3,ml,40,197,0.451,0.42,us,us6000th1s,2026-07-31T18:49:31.040Z,"49 km SE of Atka, Alaska",earthquake,9.68,22.443,0.071,26,reviewed,us,us
2026-07-29T20:21:11.210Z,46.192833333333,-122.185,0.28,1.51,md,11,138,0.007377,0.21,uw,uw714065371,2026-07-30T20:24:05.880Z,"37 km NNE of Amboy, Washington",earthquake,0.84,0.5,0.41384202815962,6,reviewed,uw,uw
2026-07-29T20:19:18.669Z,57.682,-155.748,99.2,1.9,ml,40,87,0.3,0.5,ak,aka2026oxpfzt,2026-07-30T18:14:59.378Z,"78 km W of Karluk, Alaska",earthquake,5.6,2.2778,0.2,30,reviewed,ak,ak
2026-07-29T20:16:35.520Z,32.4953,130.5159,11.68,4.8,mb,142,84,0.984,0.52,us,us6000tgt4,2026-07-29T22:00:19.040Z,"7 km W of Honmachi, Japan",earthquake,4.87,3.876,0.051,117,reviewed,us,us
2026-07-29T20:12:08.010Z,33.565,-117.49216666667,-0.53,1.19,ml,31,110,0.05521,0.18,ci,ci40663306,2026-07-29T21:03:18.640Z,"10 km ESE of Coto De Caza, CA",quarry blast,0.33,31.61,0.11036558883599,11,reviewed,ci,ci
2026-07-29T20:11:44.260Z,38.773834228516,-122.93849945068,5.1500000953674,2.34,md,65,33,0.05268,0.1,nc,nc75408247,2026-07-29T22:07:22.777Z,"8 km ESE of Cloverdale, CA",earthquake,0.16,0.439999998,0.15,67,automatic,nc,nc
2026-07-29T20:11:22.389Z,32.365,-102.179,8.1299,0.7,ml,22,75,0,0.1,tx,tx2026ovexvb,2026-07-30T15:20:59.243Z,"33 km ENE of McKinney Acres, Texas",earthquake,0.65314529602976,0.68242967633766,0.1,6,reviewed,tx,tx
2026-07-29T20:10:50.817Z,51.874,-178.842,151.6,1.9,ml,20,172,0.1,0.4,ak,aka2026oxoxpb,2026-07-30T18:12:43.797Z,"152 km W of Adak, Alaska",earthquake,29.4,4.0806,0.3,11,reviewed,ak,ak
2026-07-29T20:04:56.711Z,50.4786,177.0457,10,2.6,ml,20,252,1.688,0.53,us,us6000th1n,2026-07-31T18:45:02.040Z,"Rat Islands, Aleutian Islands, Alaska",earthquake,4.5,2.019,0.091,16,reviewed,us,us
2026-07-29T19:57:13.030Z,46.2065,-122.197,1.21,0.08,mh,5,173,0.007961,0.05,uw,uw714065341,2026-07-30T19:07:36.130Z,"38 km NNE of Amboy, Washington",earthquake,0.49,1.68,,0,reviewed,uw,uw
2026-07-29T19:43:55.780Z,52.019166666667,-176.18616666667,10.4,-0.14,ml,6,255,0.0226,0.26,av,av94343768,2026-07-30T06:07:27.350Z,"34 km ENE of Adak, Alaska",earthquake,1.64,1.24,0.27095403311126,6,reviewed,av,av
2026-07-29T19:38:28.447Z,52.712,-168.3246,29.37,2.7,ml,24,212,0.414,0.68,us,us6000th1k,2026-07-31T18:39:01.040Z,"44 km SE of Nikolski, Alaska",earthquake,4.37,7.021,0.081,20,reviewed,us,us
2026-07-29T19:34:58.800Z,38.792667388916,-122.75250244141,0.27000001072884,1.76,md,29,87,0.00974,0.06,nc,nc75408232,2026-07-29T20:27:22.082Z,"2 km N of The Geysers, CA",earthquake,0.2,0.310000002,0.2,30,automatic,nc,nc
2026-07-29T19:33:34.073Z,50.968,-175.803,15.2,2.4,ml,20,250,1,0.6,ak,aka2026oxnsgs,2026-07-30T18:05:08.791Z,"116 km SSE of Adak, Alaska",earthquake,5.6,5.0269,0.2,14,reviewed,ak,ak
2026-07-29T19:28:08.400Z,38.777168273926,-122.93466949463,4.6399998664856,1.13,md,12,117,0.06166,0.05,nc,nc75408212,2026-07-29T20:07:21.931Z,"8 km ESE of Cloverdale, CA",earthquake,0.37,1.46000004,0.07,8,automatic,nc,nc
2026-07-29T19:24:54.820Z,38.772834777832,-122.95016479492,6.9000000953674,1.18,md,13,155,0.05071,0.06,nc,nc75408207,2026-07-29T21:22:23.466Z,"7 km ESE of Cloverdale, CA",earthquake,0.65,2.05999994,0.34,13,automatic,nc,nc
2026-07-29T19:23:20.990Z,38.795501708984,-122.75816345215,0.62999999523163,1.09,md,16,84,0.005257,0.03,nc,nc75408202,2026-07-29T19:24:54.908Z,"2 km N of The Geysers, CA",earthquake,0.23,0.439999998,0.27,15,automatic,nc,nc
2026-07-29T19:21:55.460Z,38.792167663574,-122.75366973877,-0.059999998658895,2.06,md,38,45,0.009675,0.08,nc,nc75408197,2026-07-29T20:57:20.292Z,"2 km N of The Geysers, CA",earthquake,0.18,0.280000001,0.13,39,automatic,nc,nc
2026-07-29T19:18:58.350Z,33.353166666667,-116.91166666667,9.86,0.57,ml,22,61,0.04103,0.18,ci,ci40663290,2026-07-29T20:22:34.159Z,"4 km W of Palomar Observatory, CA",earthquake,0.24,0.56,0.11396023659669,14,reviewed,ci,ci
2026-07-29T19:16:28.590Z,38.376667022705,-122.50066375732,-0.50999999046326,1.8,md,7,179,0.4071,0.31,nc,nc75408192,2026-07-29T20:42:23.195Z,"3 km ENE of Glen Ellen, CA",earthquake,6.43,14.8400002,,1,automatic,nc,nc
2026-07-29T19:13:28.480Z,19.3315,-155.2135,5.27,2.02,ml,51,73,0.04211,0.14,hv,hv75010057,2026-07-29T19:27:56.580Z,"12 km S of Volcano, Hawaii",earthquake,0.23,0.42,0.25433241357563,36,reviewed,hv,hv
2026-07-29T19:09:16.470Z,36.754665374756,-121.58766937256,2.210000038147,1.81,md,14,160,0.02058,0.08,nc,nc75408182,2026-07-29T20:12:21.969Z,"8 km ESE of Prunedale, CA",earthquake,0.47,0.639999986,0.06,9,automatic,nc,nc
2026-07-29T19:07:29.441Z,59.594,-152.925,110.1,1.4,ml,51,70,0.2,0.4,ak,aka2026oxmvsv,2026-07-30T18:03:16.876Z,"62 km WNW of Nanwalek, Alaska",earthquake,3.9,2.2916,0.3,38,reviewed,ak,ak
2026-07-29T19:05:14.570Z,38.822166442871,-122.80117034912,1.7400000095367,0.7,md,12,66,0.007062,0.04,nc,nc75408177,2026-07-29T19:06:49.829Z,"6 km NW of The Geysers, CA",earthquake,0.3,0.49000001,0.23,14,automatic,nc,nc
2026-07-29T18:58:38.970Z,38.818668365479,-122.81283569336,3.0499999523163,1.08,md,11,68,0.005189,0.01,nc,nc75408167,2026-07-29T19:00:14.671Z,"7 km NW of The Geysers, CA",earthquake,0.36,1.08000004,0.13,14,automatic,nc,nc
2026-07-29T18:57:20.770Z,38.775001525879,-122.93616485596,4.6599998474121,1.75,md,43,59,0.05066,0.06,nc,nc75408172,2026-07-29T19:47:25.787Z,"8 km ESE of Cloverdale, CA",earthquake,0.2,0.649999976,0.12,41,automatic,nc,nc
2026-07-29T18:51:45.740Z,18.970666885376,-155.40184020996,33,1.72,md,13,252,0.1924,0.100000001,hv,hv75010032,2026-07-29T18:56:41.230Z,"21 km ESE of Naalehu, Hawaii",earthquake,1.69,2.99000001,0.054267200623877,12,automatic,hv,hv
2026-07-29T18:47:05.690Z,33.7245,-116.8275,16.48,0.74,ml,26,64,0.08854,0.17,ci,ci40663282,2026-07-29T20:22:38.232Z,"7 km ESE of Valle Vista, CA",earthquake,0.32,0.6,0.24612965459726,13,reviewed,ci,ci
2026-07-29T18:45:39.840Z,18.007833333333,-66.871333333333,11.16,1.57,md,5,145,0.03346,0.06,pr,pr71526723,2026-07-29T19:10:21.330Z,"0 km SSE of Palomas, Puerto Rico",earthquake,0.82,0.47,0.10522041219013,3,reviewed,pr,pr
2026-07-29T18:44:27.008Z,55.354,-159.604,0.7,2.4,ml,28,223,0.7,0.6,ak,aka2026oxmbrc,2026-07-30T18:00:08.346Z,"56 km E of Sand Point, Alaska",earthquake,7,2.6963,0.2,23,reviewed,ak,ak
2026-07-29T18:32:29.960Z,38.771667480469,-122.9426651001,5.460000038147,1.58,md,35,59,0.05649,0.07,nc,nc75408147,2026-07-29T19:22:22.619Z,"7 km ESE of Cloverdale, CA",earthquake,0.24,0.670000017,0.17,35,automatic,nc,nc
2026-07-29T18:27:54.510Z,46.559,-111.99866666667,5.75,1.69,ml,16,48,0.04227,0.15,mb,mb90203678,2026-07-29T20:56:42.790Z,"0 km NNW of South Hills, Montana",earthquake,0.36,0.99,0.16326073752106,19,reviewed,mb,mb
2026-07-29T18:15:30.330Z,53.336333333333,-168.19416666667,7.5,0.03,ml,6,308,0.02801,0.19,av,av94343613,2026-07-30T05:19:55.030Z,"62 km NE of Nikolski, Alaska",earthquake,2.33,0.72,0.38562732679543,5,reviewed,av,av
2026-07-29T18:15:21.190Z,35.811,-117.6425,9.47,0.58,ml,20,76,0.03687,0.16,ci,ci40663274,2026-07-29T18:52:45.496Z,"21 km N of Ridgecrest, CA",earthquake,0.27,0.5,0.15355673327692,8,reviewed,ci,ci
2026-07-29T18:09:46.141Z,15.3008,-45.7996,10,4.9,mb,154,39,12.158,0.77,us,us6000tgs2,2026-07-31T17:50:16.040Z,"northern Mid-Atlantic Ridge",earthquake,8.21,1.352,0.038,214,reviewed,us,us
2026-07-29T18:09:25.750Z,34.201166666667,-117.562,10.12,0.71,ml,23,95,0.05207,0.14,ci,ci40663266,2026-07-29T18:36:36.381Z,"9 km SW of Lytle Creek, CA",earthquake,0.3,0.33,0.13004041432083,9,reviewed,ci,ci
2026-07-29T18:05:08.254Z,52.5477,-161.2186,17.079,3,ml,50,232,2.584,0.72,us,us6000th1c,2026-07-31T17:31:11.040Z,"288 km SSE of King Cove, Alaska",earthquake,8.77,8.562,0.081,20,reviewed,us,us
2026-07-29T18:03:43.020Z,19.283832550049,-155.4880065918,2.0499999523163,1.83,md,42,51,0.03676,0.389999986,hv,hv75009987,2026-07-29T18:07:22.230Z,"9 km N of Pāhala, Hawaii",earthquake,0.51,0.949999988,0.10958796183943,10,automatic,hv,hv
2026-07-29T18:03:34.149Z,34.303,-96.39866667,0,1.23,ml,40,199,0.1817643316,0.4,ok,ok2026otfx,2026-07-29T18:32:48.353Z,"8 km SSE of Wapanucka, Oklahoma",quarry blast,,0.7,0.22,17,reviewed,ok,ok
2026-07-29T17:57:13.580Z,36.81683333,-96.80783333,0,0.91,ml,38,74,0.0674867568,0.44,ok,ok2026otfr,2026-07-29T18:28:01.712Z,"6 km NNE of Kaw City, Oklahoma",quarry blast,,0.6,0.21,23,reviewed,ok,ok
2026-07-29T17:54:14.092Z,58.255,-155.031,1.4,0.5,ml,9,190,0,0.1,ak,aka2026oxkkfg,2026-07-30T05:16:24.850Z,"83 km NNW of Karluk, Alaska",earthquake,18.5,33.0411,0.4,5,automatic,ak,ak
2026-07-29T17:49:11.440Z,38.839332580566,-122.8184967041,0.6700000166893,0.25,md,8,97,0.01329,0.01,nc,nc75408127,2026-07-29T17:50:50.115Z,"8 km WNW of Cobb, CA",earthquake,0.28,1.22000003,0.1,8,automatic,nc,nc
2026-07-29T17:49:08.200Z,33.8895,-117.70716666667,10.78,1.2,ml,41,59,0.02889,0.15,ci,ci40663258,2026-07-29T18:43:59.530Z,"10 km E of Yorba Linda, CA",earthquake,0.21,0.28,0.17838319377919,17,reviewed,ci,ci
2026-07-29T17:47:42.430Z,38.771831512451,-122.94233703613,4.3699998855591,1.37,md,20,90,0.05676,0.06,nc,nc75408122,2026-07-29T18:32:20.252Z,"7 km ESE of Cloverdale, CA",earthquake,0.35,1.38,0.13,21,automatic,nc,nc
2026-07-29T17:42:29.647Z,31.642,-104.213,6.0999,1.6,ml,40,65,0.1,0.2,tx,tx2026ouzzfl,2026-07-29T18:54:24.228Z,"53 km NW of Toyah, Texas",earthquake,0.4089122739449,0.51100754902436,0.1,25,reviewed,tx,tx
2026-07-29T17:26:09.754Z,53.104,-165.962,17.6,2.1,ml,18,251,0.8,0.2,ak,aka2026oxjlao,2026-07-30T17:55:38.038Z,"93 km SSE of Unalaska, Alaska",earthquake,6.4,9.3401,0.1,13,reviewed,ak,ak
2026-07-29T17:25:11.130Z,56.171,-159.34016666667,6.72,0.98,ml,9,74,0.08575,0.19,av,av94343523,2026-07-29T18:11:16.470Z,"31 km NNE of Ivanof Bay, Alaska",earthquake,0.32,1.27,0.24143226243717,15,reviewed,av,av
2026-07-29T17:24:14.340Z,35.797666666667,-117.6265,7.39,0.49,ml,18,55,0.02967,0.1,ci,ci40663234,2026-07-29T17:31:34.296Z,"20 km NNE of Ridgecrest, CA",earthquake,0.19,0.38,0.15265007642226,6,reviewed,ci,ci
2026-07-29T17:20:47.963Z,62.111,-148.071,31.4,1.5,ml,22,119,0.3,0.8,ak,aka2026oxjhez,2026-07-30T17:53:47.280Z,"40 km NNW of Glacier View, Alaska",earthquake,3.8,2.5491,0.2,16,reviewed,ak,ak
2026-07-29T17:15:40.923Z,50.481,-174.067,11.9,2.6,ml,19,245,1.7,0.5,ak,aka2026oxjcya,2026-07-30T17:52:09.606Z,"191 km S of Atka, Alaska",earthquake,16.3,11.7128,0.2,12,reviewed,ak,ak
2026-07-29T17:13:11.570Z,32.696666666667,-115.952,12.07,1.5,ml,35,46,0.05505,0.22,ci,ci40663218,2026-07-29T17:32:04.018Z,"6 km SE of Ocotillo, CA",earthquake,0.26,0.5,0.14794006797278,29,reviewed,ci,ci
2026-07-29T17:11:34.692Z,63.55,-150.628,5.4,1.6,ml,17,72,0.6,0.5,ak,aka2026oxizfr,2026-07-30T21:32:07.582Z,"54 km E of Denali National Park, Alaska",earthquake,2.9,2.3849,0.1,12,reviewed,ak,ak
2026-07-29T17:07:35.235Z,-24.7806,-175.2137,10,5,mww,102,51,5.063,0.91,us,us6000tgrk,2026-07-31T16:53:04.040Z,"south of Tonga",earthquake,10.74,1.763,0.093,11,reviewed,us,us
2026-07-29T17:05:42.713Z,31.867,-101.748,8.7158,1.2,ml,30,58,0,0.1,tx,tx2026ouyttx,2026-07-29T19:34:56.458Z,"25 km W of Garden City, Texas",earthquake,0.5240522437571,0.675445486576,0.2,15,reviewed,tx,tx
2026-07-29T16:58:29.670Z,33.030833333333,-116.29783333333,6.45,2.33,ml,72,27,0.07617,0.2,ci,ci40663202,2026-07-29T17:23:13.840Z,"20 km SW of Ocotillo Wells, CA",earthquake,0.14,0.51,0.14615677805018,100,reviewed,ci,ci
2026-07-29T16:56:35.430Z,19.036833333333,-155.39783333333,34.02,2.98,ml,51,211,0.1327,0.15,hv,hv75009922,2026-07-29T19:36:29.820Z,"19 km E of Naalehu, Hawaii",earthquake,0.56,0.76,0.16335969812272,39,reviewed,hv,hv
2026-07-29T16:53:14.720Z,40.316333770752,-123.82233428955,7.7800002098083,1.64,md,12,93,0.07456,0.14,nc,nc75408087,2026-07-29T17:42:21.892Z,"22 km N of Redway, CA",earthquake,0.49,0.99000001,0.15,8,automatic,nc,nc
2026-07-29T16:51:37.510Z,45.491666666667,-119.54583333333,-0.62,1.52,ml,5,148,0.1893,0.13,uw,uw714065091,2026-07-29T21:55:50.080Z,"12 km ENE of Lexington, Oregon",explosion,0.83,31.61,0.10623259856086,3,reviewed,uw,uw
2026-07-29T16:50:21.544Z,54.559,-161.215,12.2,2.2,ml,13,269,0.7,0.5,ak,aka2026oxigsv,2026-07-30T17:48:55.658Z,"90 km SE of King Cove, Alaska",earthquake,8.5,4.2786,0.2,11,reviewed,ak,ak
2026-07-29T16:47:47.780Z,34.4795,-97.26566667,0,1.38,ml,28,98,0.1052793406,0.33,ok,ok2026otdk,2026-07-30T12:55:22.528Z,"13 km SE of Katie, Oklahoma",quarry blast,,0.6,0.24,15,reviewed,ok,ok
2026-07-29T16:45:24.831Z,32.088,-102.064,8.96,1,ml,24,72,0,0.1,tx,tx2026ouycfe,2026-07-29T18:58:20.371Z,"10 km N of Midland, Texas",earthquake,0.41873240537717,0.64212020359841,0.3,15,reviewed,tx,tx
2026-07-29T16:44:17.235Z,54.561,-161.278,17.6,2.5,ml,20,232,0.7,0.8,ak,aka2026oxibnx,2026-07-30T17:47:30.947Z,"87 km SE of King Cove, Alaska",earthquake,5.7,6.5639,0.1,16,reviewed,ak,ak
2026-07-29T16:44:00.171Z,60.318,-143.326,3.8,1.8,ml,28,57,0,0.8,ak,aka2026oxibid,2026-07-30T17:45:39.199Z,"126 km S of McCarthy, Alaska",earthquake,2.7,1.6274,0.1,22,reviewed,ak,ak
2026-07-29T16:40:47.330Z,45.100833333333,-122.54933333333,-1,1.6,ml,5,137,0.09138,0.02,uw,uw714065061,2026-07-30T18:49:04.470Z,"5 km SSE of Molalla, Oregon",explosion,0.66,31.61,0.22189482867662,2,reviewed,uw,uw
2026-07-29T16:33:33.122Z,31.394,-103.472,3.8696,1.4,ml,14,64,0,0.2,tx,tx2026ouxsao,2026-07-29T19:19:21.858Z,"3 km SSE of Pecos, Texas",earthquake,1.7574860762863,0.8531019039818,0.2,11,reviewed,tx,tx
2026-07-29T16:30:51.360Z,38.774333953857,-122.44499969482,5.0100002288818,1.53,md,12,108,0.03137,0.19,nc,nc75408077,2026-07-29T17:17:22.728Z,"11 km ESE of Hidden Valley Lake, CA",earthquake,0.57,1.25999999,0.11,9,automatic,nc,nc
2026-07-29T16:23:18.563Z,50.503,-174.116,5,2.6,ml,22,240,1.7,0.6,ak,aka2026oxhjrk,2026-07-30T17:43:58.988Z,"188 km S of Atka, Alaska",earthquake,8.1,0,0.1,17,reviewed,ak,ak
2026-07-29T16:20:53.933Z,31.383,-103.425,2.511,1.6,ml,21,75,0.1,0.3,tx,tx2026ouxhfs,2026-07-29T19:10:57.217Z,"7 km SE of Pecos, Texas",earthquake,1.385203401009,1.3421252610852,0.3,17,reviewed,tx,tx
2026-07-29T16:20:50.790Z,38.820499420166,-122.80516815185,3.1500000953674,0.81,md,7,122,0.004801,0.01,nc,nc75408062,2026-07-29T16:22:24.675Z,"6 km NW of The Geysers, CA",earthquake,0.54,2.1099999,0.56,8,automatic,nc,nc
2026-07-29T16:15:06.826Z,51.361,-178.209,3.1,1.7,ml,12,206,0.4,0.3,ak,aka2026oxhcgy,2026-07-30T17:39:58.810Z,"123 km WSW of Adak, Alaska",earthquake,7.7,4.3833,0.3,7,reviewed,ak,ak
2026-07-29T16:14:21.680Z,38.775833129883,-122.79599761963,1.7200000286102,1.06,md,12,91,0.01364,0.09,nc,nc75408052,2026-07-29T16:15:59.364Z,"3 km W of The Geysers, CA",earthquake,0.35,0.699999988,0.08,12,automatic,nc,nc
2026-07-29T16:13:10.084Z,59.88,-151.601,48.3,2.3,ml,71,43,0.2,0.6,ak,aka2026oxhaoo,2026-07-30T17:38:46.306Z,"7 km N of Nikolaevsk, Alaska",earthquake,2.5,2.9967,0.2,54,reviewed,ak,ak
2026-07-29T16:12:02.001Z,1.4659,124.2466,245.625,4.3,mb,51,125,9.108,0.47,us,us6000tgrb,2026-07-29T17:09:39.040Z,"64 km WNW of Tomohon, Indonesia",earthquake,12.89,6.568,0.084,40,reviewed,us,us
2026-07-29T16:10:20.177Z,51.629,-174.568,17.7,2.1,ml,18,253,0.6,0.4,ak,aka2026oxgyeg,2026-07-30T17:36:15.095Z,"67 km SSW of Atka, Alaska",earthquake,9,7.6393,0.1,13,reviewed,ak,ak
2026-07-29T16:09:37.381Z,62.938,-151.293,114,1.8,ml,26,77,0.5,0.6,ak,aka2026oxgxnc,2026-07-30T17:34:11.660Z,"56 km NNW of Petersville, Alaska",earthquake,4.1,3.8867,0.2,19,reviewed,ak,ak
2026-07-29T16:09:12.220Z,37.309833526611,-121.67483520508,6.2199997901917,1.36,md,14,82,0.04086,0.04,nc,nc75408042,2026-07-29T16:47:25.528Z,"15 km E of Seven Trees, CA",earthquake,0.26,0.629999995,0.11,12,automatic,nc,nc
2026-07-29T16:09:10.410Z,55.849,-161.706,171.2,2.3,ml,34,125,0.3,1.1,ak,aka2026oxgxee,2026-07-30T17:39:36.078Z,"35 km WSW of Nelson Lagoon, Alaska",earthquake,16,4.6122,0.3,26,reviewed,ak,ak
2026-07-29T16:08:13.840Z,44.716166666667,-110.6325,5.96,0.63,ml,15,109,0.03297,0.14,uu,uu80146661,2026-07-29T16:43:50.690Z,"29 km S of Mammoth, Wyoming",earthquake,0.41,0.61,0.17629060410162,2,reviewed,uu,uu
2026-07-29T16:08:03.569Z,35.07733333,-97.87016667,6,0.08,ml,6,152,0.03689276038,0.27,ok,ok2026otcb,2026-07-30T13:49:36.035Z,"6 km ENE of Chickasha, Oklahoma",earthquake,,0.1,0.08,2,reviewed,ok,ok
2026-07-29T16:06:20.568Z,63.562,-150.606,1.2,1.5,ml,18,72,0.6,0.5,ak,aka2026oxgura,2026-07-30T21:29:52.666Z,"55 km E of Denali National Park, Alaska",earthquake,3,2.6054,0.1,13,reviewed,ak,ak
2026-07-29T15:57:28.190Z,38.776165008545,-122.94233703613,5.6500000953674,1.03,md,12,150,0.05711,0.04,nc,nc75408002,2026-07-29T15:59:05.218Z,"7 km ESE of Cloverdale, CA",earthquake,0.77,2.96000004,0.21,10,automatic,nc,nc
2026-07-29T15:50:19.920Z,35.59883333,-95.0955,0,1.19,ml,16,132,0.0638874631,0.41,ok,ok2026otbm,2026-07-30T13:46:00.626Z,"2 km N of Notiechtown, Oklahoma",quarry blast,,0.7,0.23,7,reviewed,ok,ok
2026-07-29T15:44:37.000Z,60.016333333333,-153.15583333333,3.86,-0.84,ml,5,202,0.03391,0.22,av,av94343378,2026-07-30T03:28:19.220Z,"58 km ENE of Pedro Bay, Alaska",earthquake,0.94,1.94,0.16313941758753,5,reviewed,av,av
2026-07-29T15:36:38.327Z,61.592,-149.83,57,2.1,ml,50,78,0.2,0.6,ak,aka2026oxfuxv,2026-07-29T23:29:39.637Z,"4 km S of Houston, Alaska",earthquake,3.1,2.4356,0.2,37,reviewed,ak,ak
2026-07-29T15:35:23.721Z,60.405,-139.462,5.9,1.9,ml,23,54,0.5,0.9,ak,aka2026oxftvb,2026-07-29T22:14:03.686Z,"96 km N of Yakutat, Alaska",earthquake,3.3,2.5346,0.1,19,reviewed,ak,ak
2026-07-29T15:35:02.430Z,38.83466720581,-122.81583404541,1.6799999475479,0.27,md,9,59,0.01212,0.01,nc,nc75407997,2026-07-29T15:36:40.037Z,"8 km W of Cobb, CA",earthquake,0.33,1.27999997,0.19,10,automatic,nc,nc
2026-07-29T15:31:56.650Z,19.183332443237,-155.37384033203,29.629999160767,1.79,md,34,179,0.05834,0.109999999,hv,hv75009832,2026-07-29T15:35:19.780Z,"11 km E of Pāhala, Hawaii",earthquake,0.63,0.610000014,0.14319037869373,14,automatic,hv,hv
2026-07-29T15:31:03.080Z,55.948666666667,-159.72416666667,23.32,0.28,ml,5,316,0.1535,0.18,av,av93065094,2026-07-30T05:03:54.000Z,"15 km WNW of Ivanof Bay, Alaska",earthquake,2.52,1.33,0.16908132426924,5,reviewed,av,av
2026-07-29T15:30:50.600Z,19.327667236328,-155.31117248535,30.209999084473,1.74,ml,22,101,0.01239,0.119999997,hv,hv75009827,2026-07-29T15:34:19.450Z,"15 km SSW of Volcano, Hawaii",earthquake,0.62,0.579999983,0.27,4,automatic,hv,hv
2026-07-29T15:30:18.455Z,51.233,-177.054,35.3,1.9,ml,15,244,0.5,0.4,ak,aka2026oxfpkm,2026-07-29T22:12:35.060Z,"77 km SSW of Adak, Alaska",earthquake,9.4,7.6068,0.1,12,reviewed,ak,ak
2026-07-29T15:29:03.450Z,33.513333333333,-116.50516666667,14.11,0.62,ml,24,57,0.08318,0.15,ci,ci40663186,2026-07-29T17:32:04.997Z,"16 km ESE of Anza, CA",earthquake,0.24,0.5,0.088000564080232,10,reviewed,ci,ci
2026-07-29T15:28:11.970Z,35.895,-117.69316666667,4.54,1.56,ml,28,42,0.06319,0.14,ci,ci40663178,2026-07-29T17:31:30.621Z,"20 km ESE of Little Lake, CA",earthquake,0.15,0.36,0.15147107763523,24,reviewed,ci,ci
2026-07-29T15:27:59.538Z,51.214,-177.84,17,2.1,ml,22,220,0.5,0.3,ak,aka2026oxfnki,2026-07-29T22:11:08.834Z,"111 km SW of Adak, Alaska",earthquake,6.3,3.3391,0.2,17,reviewed,ak,ak
2026-07-29T15:27:11.870Z,60.026666666667,-153.06966666667,-2.97,0.05,ml,7,94,0.02772,0.32,av,av94343343,2026-07-30T04:54:23.500Z,"63 km ENE of Pedro Bay, Alaska",earthquake,0.68,3.49,0.30726320566371,7,reviewed,av,av
2026-07-29T15:25:32.030Z,38.835834503174,-122.79650115967,1.9299999475479,0.7,md,12,73,0.005453,0.01,nc,nc75407982,2026-07-29T15:27:10.127Z,"7 km WNW of Cobb, CA",earthquake,0.43,0.899999976,0.2,13,automatic,nc,nc
2026-07-29T15:17:29.030Z,33.426333333333,-116.423,12.46,0.52,ml,14,76,0.1143,0.15,ci,ci10246598,2026-07-29T17:49:56.779Z,"19 km NNW of Borrego Springs, CA",earthquake,0.38,0.88,0.15357065116642,8,reviewed,ci,ci
2026-07-29T15:17:25.640Z,33.4305,-116.4265,12.02,0.39,ml,17,75,0.1191,0.14,ci,ci40663170,2026-07-29T17:44:54.681Z,"20 km NNW of Borrego Springs, CA",earthquake,0.25,0.92,0.17609517258613,8,reviewed,ci,ci
2026-07-29T15:12:37.480Z,55.969,-159.65933333333,24.36,0.82,ml,8,302,0.1166,0.23,av,av94343313,2026-07-30T03:50:21.330Z,"13 km NW of Ivanof Bay, Alaska",earthquake,1.2,0.97,0.15453678321996,8,reviewed,av,av
2026-07-29T15:10:02.995Z,13.1384,124.6138,46.281,5.4,mww,113,106,6.105,0.71,us,us6000tgpr,2026-07-30T15:16:38.071Z,"53 km E of Rapu-Rapu, Philippines",earthquake,9.44,6.383,0.071,19,reviewed,us,us
2026-07-29T15:09:07.828Z,51.549,-178.368,13.5,1.9,ml,23,189,0.3,0.4,ak,aka2026oxexbe,2026-07-30T03:24:19.900Z,"125 km WSW of Adak, Alaska",earthquake,6.6,1.9941,0.2,14,reviewed,ak,ak
2026-07-29T15:02:34.470Z,38.832500457764,-122.8073348999,2.1199998855591,0.9,md,11,59,0.01452,0.01,nc,nc75407957,2026-07-29T15:04:09.961Z,"7 km W of Cobb, CA",earthquake,0.36,0.75,0.22,13,automatic,nc,nc
2026-07-29T15:01:06.010Z,33.924333333333,-84.149333333333,2.48,2.29,md,12,153,0.09395,0.19,se,se60625866,2026-08-01T01:28:32.133Z,"3 km N of Lilburn, Georgia",quarry blast,1.14,1.76,0.055068395843827,6,reviewed,se,se
2026-07-29T14:53:06.080Z,33.429,-116.901,11.59,0.81,ml,27,53,0.08175,0.2,ci,ci40663162,2026-07-29T17:32:09.086Z,"4 km WSW of Aguanga, CA",earthquake,0.25,0.67,0.18266688213803,17,reviewed,ci,ci
2026-07-29T14:46:15.907Z,54.138,-162.461,7.7,2.3,ml,21,222,0.9,0.5,ak,aka2026oxedge,2026-07-29T22:05:34.560Z,"100 km SE of False Pass, Alaska",earthquake,6.5,3.1108,0.1,16,reviewed,ak,ak
2026-07-29T14:43:14.452Z,51.432,-173.514,13.8,3,ml,31,212,0.9,0.6,ak,aka2026oxearu,2026-07-29T22:03:18.427Z,"97 km SSE of Atka, Alaska",earthquake,5.1,3.3018,0.1,22,reviewed,ak,ak
2026-07-29T14:36:52.053Z,-33.2932,-72.175,17.126,4.4,mwr,94,63,0.593,0.56,us,us6000tgpj,2026-07-29T23:04:43.484Z,"58 km WSW of Valparaíso, Chile",earthquake,4.35,3.127,0.05,39,reviewed,us,us
2026-07-29T14:28:06.690Z,38.776832580566,-122.93533325195,5.3299999237061,1.69,md,38,59,0.06263,0.06,nc,nc75407947,2026-07-29T15:07:23.925Z,"8 km ESE of Cloverdale, CA",earthquake,0.24,0.649999976,0.17,35,automatic,nc,nc
2026-07-29T14:22:11.607Z,57.16,-156.894,15.7,1.7,ml,16,131,0.5,0.8,ak,aka2026oxdihh,2026-07-29T22:01:08.248Z,"49 km SE of Ugashik, Alaska",earthquake,9.2,4.3208,0.1,12,reviewed,ak,ak
2026-07-29T14:14:41.084Z,62.106,-149.41,33.4,1.8,ml,36,52,0.4,0.8,ak,aka2026oxdatb,2026-07-29T21:59:43.901Z,"23 km ESE of Susitna North, Alaska",earthquake,3.1,3.4196,0.1,26,reviewed,ak,ak
2026-07-29T14:11:11.900Z,19.017333984375,-155.38299560547,33,1.7,md,23,221,0.1564,0.180000007,hv,hv75009757,2026-07-29T14:14:42.000Z,"21 km ESE of Naalehu, Hawaii",earthquake,1.08,1.53999996,0.077671966368657,15,automatic,hv,hv
2026-07-29T14:11:03.513Z,15.2694,122.8525,10,5.1,mww,99,80,7.693,0.88,us,us6000tgnu,2026-07-30T02:36:38.607Z,"79 km NE of Casuguran, Philippines",earthquake,7.86,1.769,0.086,13,reviewed,us,us
2026-07-29T14:08:37.660Z,19.400667190552,-155.27499389648,-0.11999999731779,1.82,ml,15,58,0.005424,0.25999999,hv,hv75009747,2026-07-29T14:12:07.710Z,"6 km SW of Volcano, Hawaii",earthquake,0.21,0.25999999,0.32,18,automatic,hv,hv
2026-07-29T14:08:32.780Z,32.6245,-115.57016666667,7.44,2.39,ml,32,67,0.07942,0.3,ci,ci40663146,2026-07-29T15:37:48.144Z,"5 km NNE of Progreso, B.C., MX",earthquake,0.38,0.85,0.16385163987113,67,reviewed,ci,ci
2026-07-29T14:02:43.662Z,22.0543,96.0618,10,4.2,mb,20,89,1.36,0.77,us,us6000tgnj,2026-07-30T07:59:21.845Z,"9 km NNW of Mandalay, Burma (Myanmar)",earthquake,6,1.898,0.199,7,reviewed,us,us
2026-07-29T14:02:34.716Z,32.5115,130.4901,10,4.6,mb,71,95,1,0.64,us,us6000tgn1,2026-07-29T15:38:28.040Z,"10 km W of Honmachi, Japan",earthquake,5.49,1.832,0.069,62,reviewed,us,us
2026-07-29T13:56:25.906Z,51.603,-177.11,101.9,2.1,ml,26,195,0.2,0.4,ak,aka2026oxcmah,2026-07-29T21:58:46.796Z,"44 km SW of Adak, Alaska",earthquake,24.8,3.8096,0.4,18,reviewed,ak,ak
2026-07-29T13:55:50.373Z,65.124,-162.824,9.8,1.9,ml,7,72,1,0.4,ak,aka2026oxclna,2026-07-30T21:26:36.652Z,"56 km NNE of White Mountain, Alaska",earthquake,10.4,10.928,0.2,7,reviewed,ak,ak
2026-07-29T13:51:13.340Z,38.818332672119,-122.78866577148,2.1800000667572,1.65,md,29,33,0.008034,0.03,nc,nc75407937,2026-07-29T14:22:20.621Z,"5 km NNW of The Geysers, CA",earthquake,0.22,0.340000004,0.14,29,automatic,nc,nc
2026-07-29T13:46:14.200Z,38.856998443604,-122.83916473389,1.0599999427795,0.89,md,14,131,0.01257,0.03,nc,nc75407932,2026-07-29T13:47:50.449Z,"11 km WNW of Cobb, CA",earthquake,0.29,0.5,0.16,15,automatic,nc,nc
2026-07-29T13:35:41.290Z,58.184833333333,-155.31066666667,1.13,-0.61,ml,6,100,0.02733,0.04,av,av94343163,2026-07-30T02:59:17.500Z,"85 km NW of Karluk, Alaska",earthquake,0.2,0.77,0.28583422919781,6,reviewed,av,av
2026-07-29T13:33:09.642Z,65.236,-162.637,10.5,2.2,ml,11,61,1,0.6,ak,aka2026oxbrvt,2026-07-30T21:23:05.531Z,"71 km NNW of Elim, Alaska",earthquake,6,6.924,0.1,8,reviewed,ak,ak
2026-07-29T13:23:56.014Z,5.3176,124.9945,63.992,5,mb,86,36,1.835,1.03,us,us6000tgn0,2026-07-29T23:37:42.232Z,"48 km SW of Balangonan, Philippines",earthquake,7.85,6.221,0.047,147,reviewed,us,us
2026-07-29T13:22:26.102Z,31.559,-104.016,8.7146,1.5,ml,30,55,0,0.2,tx,tx2026ourhgr,2026-07-29T14:28:41.202Z,"34 km NW of Toyah, Texas",earthquake,0.79723166222663,0.56768130097251,0.2,20,reviewed,tx,tx
2026-07-29T13:19:36.661Z,32.34,130.4881,10,5.4,mww,79,74,0.829,0.51,us,us6000tgmx,2026-07-30T13:28:26.687Z,"11 km N of Tsunagi, Japan",earthquake,5.8,1.86,0.058,29,reviewed,us,us
2026-07-29T13:19:11.400Z,32.629333333333,-115.57033333333,4.65,1.87,ml,21,69,0.07691,0.3,ci,ci10246590,2026-07-29T15:26:54.042Z,"6 km NNE of Progreso, B.C., MX",earthquake,0.4,1.07,0.13440084599879,14,reviewed,ci,ci
2026-07-29T13:18:46.020Z,32.621333333333,-115.5715,7.71,2.21,ml,33,69,0.08215,0.27,ci,ci40663114,2026-07-29T15:21:18.036Z,"5 km NNE of Progreso, B.C., MX",earthquake,0.29,0.61,0.1710651769026,54,reviewed,ci,ci
2026-07-29T13:17:01.540Z,32.628166666667,-115.5735,7.38,1.82,ml,24,108,0.0798,0.26,ci,ci40663106,2026-07-29T15:43:55.184Z,"5 km N of Progreso, B.C., MX",earthquake,0.42,0.72,0.134277128276,32,reviewed,ci,ci
2026-07-29T13:16:59.109Z,5.6157,125.3648,54.238,5,mb,62,88,1.46,0.62,us,us6000tgmy,2026-07-29T23:41:30.853Z,"4 km NNE of Balangonan, Philippines",earthquake,9.67,6.506,0.069,67,reviewed,us,us
2026-07-29T13:16:41.630Z,34.008166666667,-117.15333333333,4.84,1,ml,41,61,0.04355,0.21,ci,ci40663098,2026-07-29T13:26:22.916Z,"6 km SSE of Redlands, CA",earthquake,0.19,0.38,0.19580600121878,32,reviewed,ci,ci
2026-07-29T13:02:22.321Z,60.279,-150.616,12,2.4,ml,63,80,0.3,0.9,ak,aka2026oxardp,2026-07-29T21:55:54.720Z,"26 km SSE of Funny River, Alaska",earthquake,2.1,1.4913,0.1,49,reviewed,ak,ak
2026-07-29T12:59:08.888Z,53.701,-166.115,79.4,1.8,ml,26,206,0.4,0.3,ak,aka2026oxaoir,2026-07-29T21:52:36.781Z,"33 km SE of Unalaska, Alaska",earthquake,29.8,6.7904,0.2,18,reviewed,ak,ak
2026-07-29T12:57:29.982Z,54.533,-160.044,3.3,2.2,ml,15,270,1.2,0.6,ak,aka2026oxamxv,2026-07-29T21:50:51.885Z,"94 km SSE of Sand Point, Alaska",earthquake,8.6,4.6585,0.2,13,reviewed,ak,ak
2026-07-29T12:56:41.080Z,63.175,-150.299,115.1,1.7,ml,28,63,0.7,0.6,ak,aka2026oxamfo,2026-07-29T21:47:51.574Z,"71 km WSW of Cantwell, Alaska",earthquake,4.2,3.2547,0.2,20,reviewed,ak,ak
2026-07-29T12:48:48.990Z,19.420833587646,-155.29083251953,-0.5,1.82,ml,7,243,0.01658,0.159999996,hv,hv75009712,2026-07-29T12:52:15.230Z,"6 km WSW of Volcano, Hawaii",earthquake,0.37,0.74000001,0.19,5,automatic,hv,hv
2026-07-29T12:45:05.880Z,51.8835,178.304,133.985,4.1,mb,104,91,0.181,0.54,us,us6000tgmr,2026-07-29T16:33:05.938Z,"Rat Islands, Aleutian Islands, Alaska",earthquake,13.17,5.8,0.047,122,reviewed,us,us
2026-07-29T12:40:27.930Z,38.829498291016,-122.81716918945,2,1.05,md,10,77,0.008237,0.01,nc,nc75407912,2026-07-29T12:42:05.094Z,"8 km NW of The Geysers, CA",earthquake,0.36,0.980000019,0.25,11,automatic,nc,nc
2026-07-29T12:40:12.690Z,58.168,-155.36833333333,1.95,0.01,ml,11,74,0.04739,0.06,av,av94343048,2026-07-30T02:49:16.930Z,"85 km NW of Karluk, Alaska",earthquake,0.18,0.41,0.15910349907776,13,reviewed,av,av
2026-07-29T12:35:57.740Z,19.3923,-64.6318,12,3.75,md,11,283,0.9305,0.37,pr,pr2026210000,2026-07-30T11:18:44.040Z,"118 km N of Cruz Bay, U.S. Virgin Islands",earthquake,6.27,8.31,0.1,5,reviewed,pr,pr
2026-07-29T12:29:04.050Z,35.321333333333,-117.8065,7.32,1.05,ml,26,54,0.06267,0.13,ci,ci40663090,2026-07-29T13:25:33.281Z,"17 km WSW of Johannesburg, CA",earthquake,0.17,0.4,0.11886646232446,12,reviewed,ci,ci
2026-07-29T12:24:22.150Z,33.879666666667,-116.17066666667,4.37,0.96,ml,37,79,0.04572,0.17,ci,ci40663082,2026-07-29T13:08:24.135Z,"18 km NNE of Indio, CA",earthquake,0.19,0.44,0.12212671564649,21,reviewed,ci,ci
2026-07-29T12:22:05.750Z,19.407333333333,-155.26483333333,-0.05,1.76,ml,27,51,0.006652,0.11,hv,hv75009707,2026-07-30T21:08:33.320Z,"5 km SW of Volcano, Hawaii",earthquake,0.1,0.09,0.51406331211288,17,reviewed,hv,hv
2026-07-29T12:20:53.270Z,17.969,-66.845833333333,12.93,2.33,md,8,199,0.03238,0.16,pr,pr71526638,2026-07-29T13:26:21.960Z,"3 km SW of Indios, Puerto Rico",earthquake,0.79,0.53,0.044973944514422,5,reviewed,pr,pr
2026-07-29T12:19:31.306Z,61.401,-151.286,73,1.6,ml,42,48,0.3,0.5,ak,aka2026owzfzn,2026-07-29T21:42:38.062Z,"30 km NNW of Beluga, Alaska",earthquake,3,2.8238,0.1,32,reviewed,ak,ak
2026-07-29T12:19:20.400Z,33.7685,-116.191,6.89,0.85,ml,29,74,0.03797,0.16,ci,ci40663074,2026-07-29T13:09:41.223Z,"6 km NNE of Indio, CA",earthquake,0.23,0.48,0.13110144662213,18,reviewed,ci,ci
2026-07-29T12:16:55.070Z,33.8775,-116.17633333333,3.36,1.02,ml,42,39,0.04789,0.17,ci,ci40663066,2026-07-29T13:10:50.520Z,"18 km NNE of Indio, CA",earthquake,0.16,0.54,0.11982632775707,27,reviewed,ci,ci
2026-07-29T12:16:15.152Z,52.189,-174.516,178.1,2.2,ml,27,169,0.2,0.5,ak,aka2026owzdet,2026-07-29T21:39:22.179Z,"21 km W of Atka, Alaska",earthquake,62.8,3.3342,0.4,19,reviewed,ak,ak
2026-07-29T12:16:08.520Z,19.011667251587,-155.48182678223,33.930000305176,1.77,md,22,212,0.1442,0.200000003,hv,hv75009702,2026-07-29T12:19:42.390Z,"12 km ESE of Naalehu, Hawaii",earthquake,1.01,1.63999999,0.073949751053464,13,automatic,hv,hv
2026-07-29T12:15:37.890Z,56.837166666667,-158.03416666667,13.13,0.16,ml,6,280,0.05192,0.25,av,av94343003,2026-07-30T02:32:46.020Z,"64 km NNE of Chignik, Alaska",earthquake,1.26,1.47,0.28599018924546,6,reviewed,av,av
2026-07-29T12:13:50.860Z,34.0105,-117.15516666667,4.8,0.94,ml,54,46,0.04338,0.17,ci,ci40663058,2026-07-29T13:10:54.920Z,"6 km SSE of Redlands, CA",earthquake,0.15,0.32,0.10365762465844,25,reviewed,ci,ci
2026-07-29T12:13:36.693Z,39.4066,-120.1574,0.0204,1.55,ml,19,95,0.112,0.2442,nn,nn00922526,2026-07-29T12:16:30.015Z,"9 km NNE of Truckee, California",earthquake,,5.9887,0.22,9,automatic,nn,nn
2026-07-29T11:53:48.180Z,38.801166534424,-122.77349853516,7.1199998855591,0.38,md,6,124,0.01834,0.03,nc,nc75407902,2026-07-29T11:55:25.732Z,"3 km NNW of The Geysers, CA",earthquake,3.63,5.32999992,0.22,9,automatic,nc,nc
2026-07-29T11:47:53.799Z,32.7155,130.5047,10,4.4,mb,40,105,1.203,0.65,us,us6000tgmj,2026-07-29T13:03:30.040Z,"14 km ESE of Shimabara, Japan",earthquake,4.62,1.875,0.107,25,reviewed,us,us
2026-07-29T11:43:43.410Z,35.67,-117.467,8.27,0.68,ml,19,99,0.03559,0.12,ci,ci40663042,2026-07-29T13:25:37.185Z,"12 km SSW of Searles Valley, CA",earthquake,0.23,0.6,0.074236628822883,8,reviewed,ci,ci
2026-07-29T11:40:28.490Z,39.321666717529,-123.28783416748,3.4300000667572,0.95,md,6,99,0.0721,0.02,nc,nc75407897,2026-07-29T11:42:05.502Z,"10 km NW of Redwood Valley, CA",earthquake,0.45,3.61999989,0.15,4,automatic,nc,nc
2026-07-29T11:35:49.770Z,38.277666666667,-112.64866666667,4.45,0.76,md,12,97,0.006592,0.07,uu,uu80146656,2026-07-29T13:30:36.040Z,"0 km W of Beaver, Utah",earthquake,0.37,0.87,0.2181047665294,8,reviewed,uu,uu
2026-07-29T11:21:37.840Z,38.683498382568,-122.49533081055,6.8200001716614,1.46,md,13,68,0.07439,0.09,nc,nc75407887,2026-07-29T13:12:22.151Z,"13 km NNW of Angwin, CA",earthquake,0.33,1.15999997,0.1,14,automatic,nc,nc
2026-07-29T11:18:01.967Z,63.575,-150.621,1.8,1.6,ml,22,48,0.6,0.8,ak,aka2026owxern,2026-07-29T21:37:37.223Z,"54 km E of Denali National Park, Alaska",earthquake,2.9,2.2321,0.1,18,reviewed,ak,ak
2026-07-29T11:13:42.820Z,34.032666666667,-116.8285,16.15,1.21,ml,57,28,0.01738,0.16,ci,ci40663034,2026-07-29T13:13:23.500Z,"13 km NNE of Banning, CA",earthquake,0.14,0.4,0.16244538424798,28,reviewed,ci,ci
2026-07-29T11:09:07.240Z,34.1765,-118.33916666667,12.69,0.92,ml,15,84,0.06655,0.1,ci,ci40663026,2026-07-29T13:10:48.075Z,"3 km W of Burbank, CA",earthquake,0.27,0.49,0.34222132641405,20,reviewed,ci,ci
2026-07-29T10:53:58.460Z,46.199333333333,-122.3385,10,-0.08,md,7,129,0.01588,0.05,uw,uw714064801,2026-07-29T21:21:44.780Z,"33 km NNE of Amboy, Washington",earthquake,0.45,0.7,0.14559935556247,5,reviewed,uw,uw
2026-07-29T10:48:54.200Z,38.773334503174,-122.94300079346,6.1799998283386,1.9,md,45,73,0.05633,0.06,nc,nc75407877,2026-07-29T11:07:22.283Z,"7 km ESE of Cloverdale, CA",earthquake,0.2,0.5,0.17,43,automatic,nc,nc
2026-07-29T10:47:04.349Z,57.096,-156.75,5,1.8,ml,23,125,0.6,0.8,ak,aka2026owwdvg,2026-07-29T21:36:09.099Z,"60 km SE of Ugashik, Alaska",earthquake,5.3,0,0.1,19,reviewed,ak,ak
2026-07-29T10:46:44.471Z,31.311,-103.387,6.5869,1.6,ml,10,74,0,0.2,tx,tx2026oumfhi,2026-07-30T14:50:53.424Z,"15 km ESE of Lindsay, Texas",earthquake,2.2006381882106,0.94341426169337,0.1,12,reviewed,tx,tx
2026-07-29T10:43:58.128Z,60.728,-144.769,10.7,1.4,ml,15,77,0.3,0.9,ak,aka2026owwbdj,2026-07-29T21:34:08.985Z,"57 km ENE of Cordova, Alaska",earthquake,4.1,4.6127,0.1,13,reviewed,ak,ak
2026-07-29T10:43:14.278Z,37.9245,-118.5509,0.0602,1.61,ml,13,86,0.371,0.2507,nn,nn00922522,2026-07-29T10:45:54.058Z,"13 km NNW of Benton, California",earthquake,,4.4662,0.38,5,automatic,nn,nn
2026-07-29T10:42:18.060Z,35.325333333333,-117.81666666667,7.95,0.89,ml,25,91,0.06251,0.2,ci,ci40663018,2026-07-29T13:10:44.028Z,"17 km WSW of Johannesburg, CA",earthquake,0.3,0.64,0.15130468037247,11,reviewed,ci,ci
2026-07-29T10:33:42.409Z,31.658,-104.431,6.1511,1.5,ml,21,71,0,0.2,tx,tx2026ouluat,2026-07-30T13:20:28.169Z,"57 km S of Whites City, New Mexico",earthquake,1.3639493975112,0.79968404095539,0.2,17,reviewed,tx,tx
2026-07-29T10:30:59.826Z,-55.8769,-27.3636,60.675,5,mb,47,75,5.479,0.52,us,us6000tgm6,2026-07-29T10:48:26.040Z,"South Sandwich Islands region",earthquake,11.3,8.043,0.084,45,reviewed,us,us
2026-07-29T10:30:18.146Z,52.07,-174.246,165.9,2.2,ml,17,188,0.1,0.4,ak,aka2026owvphm,2026-07-29T21:32:49.600Z,"14 km SSW of Atka, Alaska",earthquake,95,5.8174,0.4,12,reviewed,ak,ak
2026-07-29T10:28:37.390Z,18.490166666667,-67.148166666667,96.72,3.03,md,13,272,0.04172,0.19,pr,pr71526613,2026-07-29T11:21:43.800Z,"5 km W of San Antonio, Puerto Rico",earthquake,1.39,0.74,0.089445264951345,8,reviewed,pr,pr
2026-07-29T10:23:02.860Z,19.099500656128,-155.50666809082,31.329999923706,1.74,md,25,177,0.06977,0.230000004,hv,hv75009687,2026-07-29T10:26:33.660Z,"8 km ENE of Naalehu, Hawaii",earthquake,0.81,1.25,0.16933001666955,14,automatic,hv,hv
2026-07-29T10:21:02.220Z,38.814167022705,-122.79766845703,3.0899999141693,1.62,md,34,34,0.00646,0.03,nc,nc75407862,2026-07-29T12:32:21.884Z,"5 km NW of The Geysers, CA",earthquake,0.21,0.340000004,0.11,33,automatic,nc,nc
2026-07-29T10:09:07.922Z,51.163,-177.432,27.4,1.9,ml,14,247,0.6,0.3,ak,aka2026owuwyr,2026-07-29T21:29:07.275Z,"96 km SW of Adak, Alaska",earthquake,11.4,5.5708,0.1,9,reviewed,ak,ak
2026-07-29T10:07:18.600Z,38.777500152588,-122.93716430664,0.81000000238419,1.13,md,12,117,0.06129,0.04,nc,nc75407857,2026-07-29T12:07:22.708Z,"8 km ESE of Cloverdale, CA",earthquake,0.45,1.70000005,0.09,12,automatic,nc,nc
2026-07-29T10:07:03.810Z,46.208166666667,-122.18483333333,-0.02,0.14,mh,5,287,0.007982,0.1,uw,uw714064791,2026-07-29T21:18:15.110Z,"38 km NNE of Amboy, Washington",earthquake,1.42,0.45,,0,reviewed,uw,uw
2026-07-29T10:06:02.120Z,53.894666666667,-166.6325,8.9,0.9,ml,11,156,0.03357,0.13,av,av94342783,2026-07-30T02:04:14.570Z,"5 km W of Dutch Harbor, Alaska",earthquake,0.47,0.5,0.26599318935966,11,reviewed,av,av
2026-07-29T09:58:29.890Z,35.638166666667,-117.44666666667,5.07,0.94,ml,30,62,0.03275,0.13,ci,ci40663010,2026-07-29T13:11:02.733Z,"15 km SSW of Searles Valley, CA",earthquake,0.17,0.39,0.154688201565,9,reviewed,ci,ci
2026-07-29T09:47:45.250Z,31.674,-104.427,7.1252,1.8,ml,29,57,0,0.3,tx,tx2026oukgld,2026-07-30T13:08:08.280Z,"55 km S of Whites City, New Mexico",earthquake,0.90477608304436,0.85575293276979,0.2,23,reviewed,tx,tx
2026-07-29T09:42:03.940Z,18.7315,-66.140833333333,29.33,2.88,md,10,238,0.4236,0.31,pr,pr71526598,2026-07-29T10:45:51.820Z,"29 km N of San Juan, Puerto Rico",earthquake,1.59,5.06,0.10946983589271,6,reviewed,pr,pr
2026-07-29T09:39:35.831Z,56.802,-156.806,83.2,1.6,ml,17,144,0.7,0.6,ak,aka2026owtxhy,2026-07-29T21:26:37.242Z,"86 km SSE of Ugashik, Alaska",earthquake,8.4,6.7631,0.1,12,reviewed,ak,ak
2026-07-29T09:37:05.686Z,60.678,-150.653,55.6,1.7,ml,38,49,0.3,0.7,ak,aka2026owtukt,2026-07-29T21:24:46.319Z,"16 km NNE of Sterling, Alaska",earthquake,2.9,4.1927,0.1,30,reviewed,ak,ak
2026-07-29T09:35:47.480Z,38.775001525879,-122.93766784668,3.3499999046326,1.09,md,19,90,0.06062,0.04,nc,nc75407847,2026-07-29T09:37:25.415Z,"8 km ESE of Cloverdale, CA",earthquake,0.3,1.51999998,0.05,17,automatic,nc,nc
2026-07-29T09:35:20.910Z,35.183333333333,-118.97683333333,13.12,2.79,ml,65,32,0.1328,0.25,ci,ci40663002,2026-07-31T08:01:44.040Z,"10 km SW of Lamont, CA",earthquake,0.22,0.77,0.17066703440005,103,reviewed,ci,ci
2026-07-29T09:34:25.410Z,17.951666666667,-66.835666666667,10.07,2.26,md,9,209,0.04757,0.26,pr,pr71526583,2026-07-29T10:59:34.750Z,"5 km SSW of Indios, Puerto Rico",earthquake,0.95,1.18,0.16869861794426,8,reviewed,pr,pr
2026-07-29T09:32:22.310Z,38.833000183105,-122.79233551025,2.4100000858307,1.28,md,26,82,0.00562,0.04,nc,nc75407837,2026-07-29T11:22:19.393Z,"6 km WNW of Cobb, CA",earthquake,0.26,0.409999996,0.18,27,automatic,nc,nc
2026-07-29T09:30:59.480Z,46.200166666667,-122.34216666667,9.92,0.64,ml,15,136,0.01457,0.05,uw,uw714064781,2026-07-29T21:12:32.980Z,"33 km NNE of Amboy, Washington",earthquake,0.32,0.48,0.16732081027438,3,reviewed,uw,uw
2026-07-29T09:28:33.350Z,36.674167633057,-121.33399963379,4.1500000953674,1.15,md,13,53,0.03472,0.17,nc,nc75407832,2026-07-29T10:57:20.216Z,"13 km S of Tres Pinos, CA",earthquake,0.54,1.52999997,0.25,9,automatic,nc,nc
2026-07-29T09:26:42.060Z,52.118833333333,-176.1985,10.99,0.51,ml,6,301,0.02843,0.33,av,av94342708,2026-07-30T01:53:43.950Z,"40 km NE of Adak, Alaska",earthquake,1.92,1.37,0.32338927121338,6,reviewed,av,av
2026-07-29T09:20:34.630Z,35.707833333333,-117.5595,8.1,1.57,ml,40,54,0.112,0.11,ci,ci40662994,2026-07-29T13:11:07.517Z,"14 km NE of Ridgecrest, CA",earthquake,0.11,0.43,0.16578250900231,25,reviewed,ci,ci
2026-07-29T09:14:41.759Z,36.22466667,-97.4435,17.53,1.91,ml,96,22,0,0.12,ok,ok2026osol,2026-07-29T11:59:09.439Z,"5 km S of Lucien, Oklahoma",earthquake,,0.3,0.22,43,reviewed,ok,ok
2026-07-29T09:12:11.478Z,54.386,-159.912,3.5,2.2,ml,11,270,1.4,0.6,ak,aka2026owszwg,2026-07-29T21:22:06.646Z,"112 km SSE of Sand Point, Alaska",earthquake,11.2,7.3418,0.1,10,reviewed,ak,ak
2026-07-29T09:10:46.530Z,38.77216720581,-122.93683624268,-0.0099999997764826,0.95,md,7,176,0.06107,0.02,nc,nc75407817,2026-07-29T09:12:24.317Z,"8 km ESE of Cloverdale, CA",earthquake,0.76,3.99000001,0.19,7,automatic,nc,nc
2026-07-29T09:08:47.170Z,40.383834838867,-123.59633636475,24.879999160767,2.06,md,22,44,0.07817,0.1,nc,nc75407812,2026-07-29T10:17:23.924Z,"35 km NNE of Redway, CA",earthquake,0.42,0.819999993,0.13,14,automatic,nc,nc
2026-07-29T09:06:24.740Z,38.78150177002,-122.94149780273,4.25,1.01,md,10,114,0.05864,0.02,nc,nc75407802,2026-07-29T09:07:59.271Z,"7 km ESE of Cloverdale, CA",earthquake,0.52,2.42000008,0.12,9,automatic,nc,nc
2026-07-29T09:03:15.860Z,34.012666666667,-117.15166666667,4.48,0.72,ml,50,58,0.03975,0.19,ci,ci40662986,2026-07-29T13:12:05.330Z,"6 km SSE of Redlands, CA",earthquake,0.17,0.36,0.085413625845769,19,reviewed,ci,ci
2026-07-29T09:02:23.100Z,44.6235,-110.7425,6.89,0.82,ml,22,65,0.07323,0.18,uu,uu80146651,2026-07-29T13:18:57.260Z,"29 km E of West Yellowstone, Montana",earthquake,0.35,0.88,0.06715173001122,6,reviewed,uu,uu
2026-07-29T08:52:51.500Z,44.622166666667,-110.72733333333,8.64,0.19,md,9,114,0.06242,0.17,uu,uu80146646,2026-07-29T13:36:56.230Z,"30 km E of West Yellowstone, Montana",earthquake,0.61,1.36,0.47295208619184,6,reviewed,uu,uu
2026-07-29T08:48:05.288Z,38.1937,-114.6231,0.0035,1.94,ml,13,243,0.267,0.3534,nn,nn00922515,2026-07-29T08:52:11.498Z,"32 km NNW of Pioche, Nevada",earthquake,,7.7458,0.26,6,automatic,nn,nn
2026-07-29T08:46:59.930Z,38.822666168213,-122.80100250244,3.0299999713898,1.04,md,12,114,0.007123,0.02,nc,nc75407797,2026-07-29T08:48:33.999Z,"6 km NW of The Geysers, CA",earthquake,0.41,0.730000019,0.32,14,automatic,nc,nc
2026-07-29T08:46:47.900Z,33.158166666667,-116.4365,11.13,1.44,ml,72,22,0.08066,0.21,ci,ci40662978,2026-07-29T13:12:14.560Z,"12 km SSW of Borrego Springs, CA",earthquake,0.16,0.31,0.17782112903366,27,reviewed,ci,ci
2026-07-29T08:41:34.730Z,52.085333333333,-176.15966666667,8.02,0.33,ml,6,134,0.01376,0.24,av,av94342653,2026-07-30T01:36:42.860Z,"40 km NE of Adak, Alaska",earthquake,1.08,1.27,0.2929918668943,6,reviewed,av,av
2026-07-29T08:41:18.761Z,54.607,-159.808,2.1,2.2,ml,18,246,1.3,0.6,ak,aka2026owryui,2026-07-29T21:19:55.433Z,"92 km SSE of Sand Point, Alaska",earthquake,7.8,4.0497,0.2,13,reviewed,ak,ak
2026-07-29T08:31:00.990Z,34.0125,-117.15283333333,4.58,0.77,ml,57,32,0.04065,0.18,ci,ci40662970,2026-07-29T13:11:20.603Z,"6 km SSE of Redlands, CA",earthquake,0.13,0.32,0.11894645599926,25,reviewed,ci,ci
2026-07-29T08:25:25.194Z,54.115,-162.446,23.8,2,ml,9,253,0.9,0.9,ak,aka2026owrkza,2026-07-29T21:17:39.347Z,"103 km SE of False Pass, Alaska",earthquake,11.8,7.5647,0.2,6,reviewed,ak,ak
2026-07-29T08:21:12.792Z,-22.358,-67.6387,193.528,4.1,mb,27,93,0.774,0.9,us,us6000tglq,2026-07-29T09:10:44.040Z,"84 km NE of San Pedro de Atacama, Chile",earthquake,8.04,8.036,0.234,5,reviewed,us,us
2026-07-29T08:18:27.040Z,51.8595,-176.59616666667,5.03,0.4,ml,6,205,0.05917,0.17,av,av94342603,2026-07-30T01:47:13.550Z,"3 km ESE of Adak, Alaska",earthquake,0.7,0.85,0.44407566551494,6,reviewed,av,av
2026-07-29T08:08:15.970Z,35.681166666667,-117.55366666667,2.58,1.89,ml,45,44,0.107,0.13,ci,ci40662962,2026-07-29T13:12:10.630Z,"13 km ENE of Ridgecrest, CA",earthquake,0.12,0.38,0.12766598776657,26,reviewed,ci,ci
2026-07-29T07:55:29.080Z,46.849833333333,-121.76333333333,0.52,0.7,ml,27,55,0.02035,0.05,uw,uw714064761,2026-07-29T21:08:46.200Z,"22 km ENE of Ashford, Washington",earthquake,0.16,0.42,0.35862339924384,8,reviewed,uw,uw
2026-07-29T07:41:45.520Z,33.475166666667,-116.414,8.52,1.07,ml,64,24,0.1424,0.2,ci,ci40662946,2026-07-29T13:12:00.810Z,"23 km SSW of La Quinta, CA",earthquake,0.15,0.68,0.13722941030925,26,reviewed,ci,ci
2026-07-29T07:38:46.660Z,39.389331817627,-123.24749755859,6.710000038147,1.71,md,10,140,0.09293,0.04,nc,nc75407777,2026-07-29T09:47:26.747Z,"10 km ESE of Willits, CA",earthquake,0.36,1.16999996,0.1,9,automatic,nc,nc
2026-07-29T07:36:58.020Z,33.481333333333,-116.403,10.06,0.4,ml,26,89,0.1421,0.14,ci,ci40662938,2026-07-29T13:11:43.985Z,"22 km SSW of La Quinta, CA",earthquake,0.18,0.67,0.19718512140406,7,reviewed,ci,ci
2026-07-29T07:35:16.060Z,58.2825,-155.00016666667,3.29,-0.35,ml,7,129,0.03642,0.12,av,av94342553,2026-07-30T01:25:42.210Z,"85 km NNW of Karluk, Alaska",earthquake,0.26,0.69,0.26458502557256,7,reviewed,av,av
2026-07-29T07:35:01.010Z,33.478333333333,-116.40466666667,9.91,0.55,ml,25,88,0.1403,0.17,ci,ci40662930,2026-07-29T15:50:33.548Z,"22 km SSW of La Quinta, CA",earthquake,0.26,0.87,0.13100924468636,10,reviewed,ci,ci
2026-07-29T07:32:28.570Z,33.652333333333,-116.91133333333,11.2,0.25,ml,14,107,0.03619,0.11,ci,ci40662922,2026-07-29T13:11:59.803Z,"11 km S of Valle Vista, CA",earthquake,0.29,0.62,0.013747191254176,3,reviewed,ci,ci
2026-07-29T07:24:13.900Z,38.83466720581,-122.79916381836,2.1600000858307,0.69,md,9,73,0.007836,0.01,nc,nc75407762,2026-07-29T07:25:49.311Z,"7 km WNW of Cobb, CA",earthquake,0.38,1.25999999,0.18,9,automatic,nc,nc
2026-07-29T07:16:17.085Z,66.073,-150.463,17.1,1.8,ml,20,54,0.4,0.8,ak,aka2026owpddg,2026-07-29T21:15:52.893Z,"62 km W of Stevens Village, Alaska",earthquake,3.6,2.6973,0.1,15,reviewed,ak,ak
2026-07-29T07:07:29.687Z,60.279,-149.767,41.7,1.5,ml,23,85,0.2,0.4,ak,aka2026owovjy,2026-07-29T21:13:54.455Z,"23 km S of Cooper Landing, Alaska",earthquake,4.2,5.9298,0.1,18,reviewed,ak,ak
2026-07-29T07:04:47.848Z,57.731,-155.661,6.3,1.6,ml,23,97,0.3,0.4,ak,aka2026owotcn,2026-07-29T21:07:08.918Z,"74 km WNW of Karluk, Alaska",earthquake,3.6,2.1789,0.2,19,reviewed,ak,ak
2026-07-29T07:03:07.980Z,52.0885,-176.12766666667,4.36,-0.14,ml,4,209,0.03117,0.25,av,av94342508,2026-07-30T01:18:42.710Z,"42 km NE of Adak, Alaska",earthquake,3.43,2.23,0.22147938499506,4,reviewed,av,av
2026-07-29T06:56:28.940Z,38.773498535156,-122.74366760254,2.3900001049042,1.47,md,27,71,0.01114,0.06,nc,nc75407752,2026-07-29T07:32:19.848Z,"1 km ESE of The Geysers, CA",earthquake,0.26,0.469999999,0.23,27,automatic,nc,nc
2026-07-29T06:56:18.220Z,38.775001525879,-122.93516540527,3.539999961853,1.13,md,15,119,0.06257,0.04,nc,nc75407747,2026-07-29T07:17:27.743Z,"8 km ESE of Cloverdale, CA",earthquake,0.35,1.98000002,0.16,14,automatic,nc,nc
2026-07-29T06:53:05.752Z,55.056,-157.887,11.5,2.3,ml,18,256,1.3,0.6,ak,aka2026owoizx,2026-07-29T21:04:52.914Z,"124 km SE of Perryville, Alaska",earthquake,9,9.5015,0.1,15,reviewed,ak,ak
2026-07-29T06:49:47.860Z,38.776165008545,-122.93466949463,5.0300002098083,1.56,md,34,60,0.06203,0.06,nc,nc75407742,2026-07-29T09:22:22.578Z,"8 km ESE of Cloverdale, CA",earthquake,0.24,0.879999995,0.16,30,automatic,nc,nc
2026-07-29T06:34:52.210Z,63.543,-150.631,3.8,1.4,ml,22,49,0.6,0.6,ak,aka2026owntdz,2026-07-30T21:17:28.574Z,"54 km E of Denali National Park, Alaska",earthquake,2.8,2.3027,0.1,15,reviewed,ak,ak
2026-07-29T06:31:11.130Z,33.768,-116.8835,10.03,0.45,ml,22,76,0.08743,0.18,ci,ci40662914,2026-07-29T13:12:14.701Z,"2 km NNE of Valle Vista, CA",earthquake,0.3,0.66,0.11233400097587,8,reviewed,ci,ci
2026-07-29T06:25:52.780Z,37.108666666667,-112.8605,18.84,1.25,ml,11,96,0.09692,0.13,uu,uu80007773,2026-07-29T16:06:00.860Z,"15 km NE of Hildale, Utah",earthquake,0.43,0.99,0.29853732483785,4,reviewed,uu,uu
2026-07-29T06:25:49.980Z,32.116,-101.883,8.9111,0.9,ml,43,43,0.1,0.2,tx,tx2026oudola,2026-07-30T11:19:40.881Z,"9 km W of Stanton, Texas",earthquake,0.60356279592738,0.76281671769498,0.1,18,reviewed,tx,tx
2026-07-29T06:22:50.090Z,38.776332855225,-122.93699645996,3.75,1.13,md,16,118,0.06128,0.05,nc,nc75407727,2026-07-29T08:57:23.406Z,"8 km ESE of Cloverdale, CA",earthquake,0.39,1.70000005,0.18,20,automatic,nc,nc
2026-07-29T06:09:57.133Z,41.1814,78.9587,10,4.6,mb,36,111,2.18,0.81,us,us6000tgla,2026-07-29T06:29:54.040Z,"102 km WNW of Aykol, China",earthquake,8.07,1.917,0.076,52,reviewed,us,us
2026-07-29T06:01:12.437Z,51.97,-175.559,230.9,2.1,ml,18,185,0.2,0.2,ak,aka2026owmpvu,2026-07-29T20:59:56.399Z,"74 km E of Adak, Alaska",earthquake,105.7,4.8757,0.4,13,reviewed,ak,ak
2026-07-29T05:52:35.072Z,52.28,-167.378,19.1,2.1,ml,8,294,1.1,0.3,ak,aka2026owmime,2026-07-29T20:54:38.260Z,"124 km SE of Nikolski, Alaska",earthquake,15.2,16.2304,0,7,reviewed,ak,ak
2026-07-29T05:51:08.200Z,36.629665374756,-121.27666473389,5.5700001716614,1.71,md,30,49,0.03587,0.19,nc,nc75407722,2026-07-29T06:17:27.437Z,"16 km NW of Pinnacles, CA",earthquake,0.34,1.02999997,0.22,25,automatic,nc,nc
2026-07-29T05:48:32.280Z,46.768833333333,-121.91416666667,4.29,0.32,ml,16,158,0.0229,0.09,uw,uw714064751,2026-07-29T15:23:12.620Z,"8 km E of Ashford, Washington",earthquake,0.25,0.26,0.19902884674012,2,reviewed,uw,uw
2026-07-29T05:48:06.440Z,38.774501800537,-122.93849945068,3.3699998855591,1.06,md,11,127,0.05993,0.07,nc,nc75407717,2026-07-29T05:49:44.585Z,"8 km ESE of Cloverdale, CA",earthquake,0.45,2.99000001,0.07,8,automatic,nc,nc
2026-07-29T05:46:26.376Z,51.7291,178.5077,100.659,3,ml,20,167,0.207,0.31,us,us6000tgrw,2026-07-30T06:30:00.040Z,"Rat Islands, Aleutian Islands, Alaska",earthquake,5.88,3.384,0.085,18,reviewed,us,us
2026-07-29T05:46:08.712Z,54.059,-165.388,84.2,1.6,ml,12,205,0.2,0.3,ak,aka2026owmdaw,2026-07-29T18:00:39.435Z,"26 km ESE of Akutan, Alaska",earthquake,33.1,5.4984,0.3,10,reviewed,ak,ak
2026-07-29T05:36:08.130Z,38.794498443604,-122.90533447266,21.209999084473,1.49,md,12,120,0.0348,0.13,nc,nc75407712,2026-07-29T08:17:28.145Z,"10 km E of Cloverdale, CA",earthquake,2.05,2.18000007,0.14,14,automatic,nc,nc
2026-07-29T05:34:54.100Z,38.769332885742,-122.94450378418,2.1500000953674,1.13,md,9,138,0.05501,0.06,nc,nc75407707,2026-07-29T07:47:25.944Z,"7 km ESE of Cloverdale, CA",earthquake,0.62,3.43000007,0.29,11,automatic,nc,nc
2026-07-29T05:26:37.910Z,33.402666666667,-116.44,11.15,1.03,ml,59,30,0.09723,0.2,ci,ci40662906,2026-07-29T13:21:38.010Z,"17 km NNW of Borrego Springs, CA",earthquake,0.16,0.33,0.21509119304984,27,reviewed,ci,ci
2026-07-29T05:24:14.444Z,65.192,-162.687,6.6,1.7,ml,7,76,1,0.8,ak,aka2026owljxs,2026-07-30T21:14:51.665Z,"66 km NNE of White Mountain, Alaska",earthquake,5,3.9499,0.2,7,reviewed,ak,ak
2026-07-29T05:18:17.700Z,38.80583190918,-122.79933166504,8.9499998092651,0.25,md,14,134,0.003802,0.15,nc,nc75407702,2026-07-29T05:19:54.390Z,"5 km NW of The Geysers, CA",earthquake,1,1.64999998,0.15,15,automatic,nc,nc
2026-07-29T05:16:49.430Z,39.322666168213,-123.28783416748,3.6600000858307,1.17,md,7,99,0.07234,0.03,nc,nc75407697,2026-07-29T05:37:23.075Z,"10 km NW of Redwood Valley, CA",earthquake,0.38,3.32999992,0.13,5,automatic,nc,nc
2026-07-29T05:09:16.040Z,58.4195,-154.92983333333,0.34,-0.29,ml,12,92,0.07694,0.19,av,av94342338,2026-07-30T00:58:40.660Z,"98 km NNW of Karluk, Alaska",earthquake,0.36,1.15,0.18249384374818,12,reviewed,av,av
2026-07-29T05:08:01.760Z,38.774166107178,-122.94400024414,4.289999961853,1.38,md,17,139,0.05561,0.04,nc,nc75407692,2026-07-29T07:22:22.774Z,"7 km ESE of Cloverdale, CA",earthquake,0.42,1.24000001,0.15,19,automatic,nc,nc
2026-07-29T05:06:24.250Z,58.169333333333,-155.35333333333,2.9,0.98,ml,18,63,0.04317,0.15,av,av94342333,2026-07-30T00:55:10.370Z,"85 km NW of Karluk, Alaska",earthquake,0.23,0.61,0.30201620180787,18,reviewed,av,av
2026-07-29T05:00:53.040Z,51.7945,-178.86583333333,5.78,0.41,ml,5,256,0.01785,0.31,av,av94342328,2026-07-29T19:37:52.230Z,"154 km W of Adak, Alaska",earthquake,1.53,2.7,0.37657448207068,5,reviewed,av,av
2026-07-29T04:59:41.300Z,38.775165557861,-122.94066619873,4.3600001335144,1.01,md,10,151,0.0583,0.03,nc,nc75407682,2026-07-29T05:01:19.169Z,"7 km ESE of Cloverdale, CA",earthquake,0.48,2.21000004,0.15,8,automatic,nc,nc
2026-07-29T04:57:38.850Z,19.214666666667,-155.48283333333,36.05,1.72,ml,45,87,0.03684,0.13,hv,hv75009602,2026-07-31T20:24:52.910Z,"1 km NNW of Pāhala, Hawaii",earthquake,0.47,0.55,0.18074813087622,8,reviewed,hv,hv
2026-07-29T04:55:51.320Z,33.879833333333,-116.17416666667,3.5,0.72,ml,33,78,0.0455,0.2,ci,ci40662898,2026-07-29T13:21:06.332Z,"18 km NNE of Indio, CA",earthquake,0.24,0.62,0.091861820272236,16,reviewed,ci,ci
2026-07-29T04:55:08.380Z,19.212166666667,-155.47966666667,35.48,1.48,ml,42,89,0.04038,0.13,hv,hv75009597,2026-07-31T20:17:23.660Z,"1 km N of Pāhala, Hawaii",earthquake,0.48,0.55,0.22294102602447,5,reviewed,hv,hv
2026-07-29T04:55:03.210Z,61.265333333333,-152.19616666667,20.07,-0.11,ml,9,103,0.01965,0.13,av,av94342313,2026-07-30T00:44:39.610Z,"61 km WNW of Tyonek, Alaska",earthquake,0.41,0.71,0.26451470270513,9,reviewed,av,av
2026-07-29T04:52:49.460Z,33.474166666667,-116.415,7.9,0.98,ml,60,33,0.1421,0.2,ci,ci40662890,2026-07-29T13:21:14.423Z,"23 km SSW of La Quinta, CA",earthquake,0.16,0.79,0.14583184220404,27,reviewed,ci,ci
2026-07-29T04:52:19.230Z,58.327666666667,-154.69633333333,5.52,0.24,ml,12,193,0.07837,0.18,av,av94342303,2026-07-30T00:50:10.020Z,"85 km N of Karluk, Alaska",earthquake,0.52,1.3,0.21469502695782,12,reviewed,av,av
2026-07-29T04:49:58.690Z,33.477166666667,-116.41066666667,8.45,0.83,ml,51,33,0.1423,0.2,ci,ci40662882,2026-07-29T13:21:10.388Z,"23 km SSW of La Quinta, CA",earthquake,0.18,0.8,0.12258201835623,20,reviewed,ci,ci
2026-07-29T04:48:12.474Z,56.936,-154.511,7,1.5,ml,14,151,0.4,0.6,ak,aka2026owketi,2026-07-29T17:51:18.935Z,"20 km W of Akhiok, Alaska",earthquake,5.7,3.0173,0.1,11,reviewed,ak,ak
2026-07-29T04:47:24.560Z,33.478833333333,-116.404,8.69,0.56,ml,35,49,0.1404,0.19,ci,ci40662874,2026-07-29T13:21:23.470Z,"22 km SSW of La Quinta, CA",earthquake,0.21,0.94,0.14349036477629,10,reviewed,ci,ci
2026-07-29T04:45:15.370Z,51.835333333333,-176.88966666667,2.56,0.7,ml,14,168,0.1358,0.23,av,av94342283,2026-07-30T00:40:07.300Z,"18 km WSW of Adak, Alaska",earthquake,1.07,0.71,0.2046644400476,14,reviewed,av,av
2026-07-29T04:44:32.920Z,33.479333333333,-116.39816666667,6.37,0.59,ml,25,51,0.1382,0.23,ci,ci40662866,2026-07-29T13:21:40.341Z,"22 km SSW of La Quinta, CA",earthquake,0.32,1.43,0.1279408385705,9,reviewed,ci,ci
2026-07-29T04:41:33.680Z,33.4745,-116.4125,5.52,0.88,ml,55,33,0.1411,0.18,ci,ci40662858,2026-07-29T13:22:43.490Z,"23 km SSW of La Quinta, CA",earthquake,0.15,0.97,0.21637714532493,25,reviewed,ci,ci
2026-07-29T04:41:07.290Z,33.477666666667,-116.39733333333,10.64,0.62,ml,23,81,0.1364,0.16,ci,ci40662850,2026-07-29T13:21:44.363Z,"22 km SSW of La Quinta, CA",earthquake,0.2,0.61,0.1465685042278,9,reviewed,ci,ci
2026-07-29T04:39:25.420Z,38.775501251221,-122.94149780273,5.460000038147,1.31,md,14,150,0.05769,0.03,nc,nc75407677,2026-07-29T06:57:23.607Z,"7 km ESE of Cloverdale, CA",earthquake,0.43,1.48000002,0.08,14,automatic,nc,nc
2026-07-29T04:32:48.340Z,38.775001525879,-122.93849945068,0.55000001192093,1.13,md,8,151,0.05997,0.07,nc,nc75407672,2026-07-29T06:32:19.444Z,"8 km ESE of Cloverdale, CA",earthquake,0.52,2.01999998,0.05,9,automatic,nc,nc
2026-07-29T04:30:14.190Z,33.864,-117.7,9.28,1.01,ml,37,39,0.00917,0.11,ci,ci40662842,2026-07-29T13:26:57.980Z,"11 km ESE of Yorba Linda, CA",earthquake,0.15,0.27,0.21979838330571,32,reviewed,ci,ci
2026-07-29T04:25:40.110Z,17.961333333333,-66.835666666667,13.16,2.13,md,16,169,0.04368,0.23,pr,pr71526568,2026-07-29T12:18:14.400Z,"4 km SSW of Indios, Puerto Rico",earthquake,0.62,0.36,0.22396781397511,10,reviewed,pr,pr
2026-07-29T04:21:25.947Z,38.0912,-116.702,8.0692,1.64,ml,13,114,0.253,0.0851,nn,nn00922510,2026-07-29T16:14:51.308Z,"46 km E of Tonopah, Nevada",earthquake,,5.6111,0.29,8,reviewed,nn,nn
2026-07-29T04:07:22.786Z,-17.6572,-178.7538,524.64,4.9,mb,68,38,2.144,0.92,us,us6000tgkg,2026-07-29T04:22:20.040Z,"209 km ENE of Levuka, Fiji",earthquake,11.98,8.263,0.045,154,reviewed,us,us
2026-07-29T03:59:38.118Z,63.552,-150.622,8.2,1.5,ml,18,49,0.6,0.8,ak,aka2026owiook,2026-07-30T21:12:52.731Z,"54 km E of Denali National Park, Alaska",earthquake,3.3,2.5664,0.1,12,reviewed,ak,ak
2026-07-29T03:55:36.980Z,33.786333333333,-116.0865,2.37,1.06,ml,41,43,0.1129,0.16,ci,ci40662834,2026-07-29T13:22:59.238Z,"14 km ENE of Indio, CA",earthquake,0.17,0.32,0.21650283278003,26,reviewed,ci,ci
2026-07-29T03:54:35.377Z,32.031,-103.943,7.6892,0.9,ml,17,76,0,0.2,tx,tx2026otyoes,2026-07-29T10:35:57.034Z,"24 km SSE of Malaga, New Mexico",earthquake,0.78065143981224,0.92738104028406,0.2,6,reviewed,tx,tx
2026-07-29T03:53:16.361Z,14.3498,-92.8934,35,4,mb,23,216,3.053,1.06,us,us6000tgke,2026-07-30T00:07:57.040Z,"65 km SW of Puerto Madero, Mexico",earthquake,11.62,1.978,0.106,24,reviewed,us,us
2026-07-29T03:52:57.690Z,46.8765,-121.97183333333,5.5,0.5,ml,22,71,0.01601,0.07,uw,uw714064731,2026-07-29T21:04:05.240Z,"13 km NNE of Ashford, Washington",earthquake,0.32,0.33,0.20519510707632,4,reviewed,uw,uw
2026-07-29T03:52:22.131Z,-24.6364,-174.924,10,5,mb,53,76,5.316,1.32,us,us6000tgkd,2026-07-29T04:13:41.040Z,"south of Tonga",earthquake,9.18,1.832,0.046,147,reviewed,us,us
2026-07-29T03:49:59.620Z,38.823001861572,-122.84349822998,2.2200000286102,1.19,md,20,115,0.006616,0.02,nc,nc75407657,2026-07-29T06:07:21.358Z,"9 km NW of The Geysers, CA",earthquake,0.26,0.370000005,0.15,20,automatic,nc,nc
2026-07-29T03:48:38.170Z,38.77799987793,-122.93399810791,5.3299999237061,2.25,md,59,31,0.04724,0.08,nc,nc75407652,2026-07-29T15:16:18.803Z,"8 km ESE of Cloverdale, CA",earthquake,0.15,0.419999987,0.17,66,automatic,nc,nc
2026-07-29T03:48:35.520Z,32.003,-103.231,6.2024,1.1,ml,18,70,0.1,0.2,tx,tx2026otyizf,2026-07-29T10:13:02.580Z,"12 km SSW of Jal, New Mexico",earthquake,0.82733448370337,1.4137834066674,0.2,7,reviewed,tx,tx
2026-07-29T03:48:01.123Z,51.37,-175.92,18.2,2.1,ml,15,238,0.6,0.3,ak,aka2026owiemt,2026-07-29T17:44:10.651Z,"74 km SE of Adak, Alaska",earthquake,8.4,3.773,0.2,8,reviewed,ak,ak
2026-07-29T03:47:48.670Z,33.1795,-116.34133333333,11.66,0.46,ml,26,119,0.1089,0.16,ci,ci40662826,2026-07-29T16:01:53.270Z,"9 km SSE of Borrego Springs, CA",earthquake,0.27,0.43,0.057662620167346,5,reviewed,ci,ci
2026-07-29T03:39:34.430Z,27.803,56.229,49.436,4,mb,15,135,2.846,1.31,us,us6000tgk9,2026-07-30T00:15:13.040Z,"64 km SSE of Ḩājjīābād, Iran",earthquake,11.87,8.928,0.143,13,reviewed,us,us
2026-07-29T03:36:23.850Z,38.76900100708,-122.94233703613,2.3199999332428,1.13,md,11,144,0.0567,0.03,nc,nc75407642,2026-07-29T05:27:21.003Z,"8 km ESE of Cloverdale, CA",earthquake,0.46,3.45000005,0.29,12,automatic,nc,nc
2026-07-29T03:35:59.950Z,38.77466583252,-122.94583129883,4.8499999046326,1.06,md,6,137,0.05424,0.02,nc,nc75407637,2026-07-29T03:37:33.545Z,"7 km ESE of Cloverdale, CA",earthquake,0.82,3.02999997,0.25,6,automatic,nc,nc
2026-07-29T03:35:44.556Z,14.0288,-93.1731,10,4.3,mb,52,218,3.296,1.04,us,us6000tgk6,2026-07-30T00:19:07.040Z,"111 km SW of Puerto Madero, Mexico",earthquake,11.99,1.986,0.077,48,reviewed,us,us
2026-07-29T03:34:02.705Z,51.688,-179.035,9,2.3,ml,21,120,0.1,0.8,ak,aka2026owhsio,2026-07-30T00:32:36.830Z,"166 km W of Adak, Alaska",earthquake,5.5,1.7144,0.2,17,reviewed,ak,ak
2026-07-29T03:32:58.380Z,51.383,-175.94,32.8,2.1,ml,14,243,0.6,0.5,ak,aka2026owhrlm,2026-07-29T17:40:25.690Z,"72 km SE of Adak, Alaska",earthquake,12.1,9.8829,0.2,10,reviewed,ak,ak
2026-07-29T03:31:21.918Z,52.147,176.391,5.5,2.5,ml,8,182,1.3,0.2,ak,aka2026owhqej,2026-07-29T16:35:24.985Z,"231 km ESE of Attu Station, Alaska",earthquake,30.2,9.4206,0.1,6,reviewed,ak,ak
2026-07-29T03:30:50.783Z,-28.6804,-176.7131,35,5.1,mb,19,120,1.205,1.38,us,us6000tgk8,2026-07-29T03:52:41.040Z,"Kermadec Islands region",earthquake,11.41,1.858,0.158,13,reviewed,us,us
2026-07-29T03:20:09.573Z,51.6935,-179.0075,16.587,2.8,ml,21,114,0.126,0.94,us,us6000tgl0,2026-07-30T00:35:38.040Z,"165 km W of Adak, Alaska",earthquake,2.03,3.421,0.085,18,reviewed,us,us
2026-07-29T03:17:47.300Z,17.9405,-66.844333333333,13.26,2.18,md,19,179,0.04781,0.15,pr,pr71526553,2026-07-29T11:45:59.330Z,"6 km SE of Maria Antonia, Puerto Rico",earthquake,0.51,0.28,0.29822706552392,14,reviewed,pr,pr
2026-07-29T03:13:04.736Z,61.563,-150.29,4.1,1.5,ml,21,85,0.5,0.8,ak,aka2026owhaeu,2026-07-29T05:28:04.675Z,"12 km E of Susitna, Alaska",earthquake,3.2,2.4094,0.1,16,reviewed,ak,ak
2026-07-29T03:10:49.700Z,38.768501281738,-122.98833465576,15.430000305176,0.94,md,8,139,0.02076,0.09,nc,nc75407627,2026-07-29T03:12:29.298Z,"5 km SSE of Cloverdale, CA",earthquake,2.14,1.47000003,0.02,5,automatic,nc,nc
2026-07-29T03:09:45.609Z,35.072,-97.85816667,8.02,0.54,ml,22,115,0.04769064147,0.15,ok,ok2026osck,2026-07-30T13:42:30.470Z,"7 km ENE of Chickasha, Oklahoma",earthquake,,0.8,0.23,9,reviewed,ok,ok
2026-07-29T03:05:39.820Z,38.781833648682,-122.94616699219,7.6799998283386,0.87,md,11,142,0.05515,0.05,nc,nc75407617,2026-07-29T03:07:14.343Z,"7 km ESE of Cloverdale, CA",earthquake,0.58,1.88999999,0.15,7,automatic,nc,nc
2026-07-29T03:01:23.010Z,38.76900100708,-122.94116973877,1.5,1.08,md,14,123,0.05761,0.04,nc,nc75407612,2026-07-29T03:02:59.458Z,"8 km ESE of Cloverdale, CA",earthquake,0.42,2.16000009,0.13,15,automatic,nc,nc
2026-07-29T03:01:06.387Z,63.635,-150.695,5,2.9,ml,107,22,0.5,1.2,ak,aka2026owgput,2026-07-30T00:31:44.040Z,"52 km E of Denali National Park, Alaska",earthquake,2.3,0,0.1,78,reviewed,ak,ak
2026-07-29T02:59:49.560Z,38.774166107178,-122.94132995606,4.6300001144409,1.13,md,15,153,0.05769,0.04,nc,nc75407607,2026-07-29T03:42:21.281Z,"7 km ESE of Cloverdale, CA",earthquake,0.44,1.45000005,0.12,13,automatic,nc,nc
2026-07-29T02:56:34.490Z,58.062333333333,-155.48183333333,2.58,0.3,ml,9,164,0.05051,0.26,av,av94342073,2026-07-30T00:14:05.880Z,"82 km NW of Karluk, Alaska",earthquake,0.57,0.9,0.1447678645416,9,reviewed,av,av
2026-07-29T02:55:06.128Z,52.0035,176.2887,3.088,3.9,mb,30,192,1.376,0.73,us,us6000tgky,2026-07-30T00:40:06.040Z,"230 km ESE of Attu Station, Alaska",earthquake,4.78,10.641,0.132,15,reviewed,us,us
2026-07-29T02:53:50.200Z,65.297,-149.069,12.9,1.6,ml,19,46,0.2,0.4,ak,aka2026owgjmy,2026-07-29T05:15:39.588Z,"20 km NE of Minto, Alaska",earthquake,3.1,2.2256,0.2,14,reviewed,ak,ak
2026-07-29T02:45:18.802Z,57.135,-156.905,14,1.5,ml,14,122,0.6,0.6,ak,aka2026owgcct,2026-07-29T05:13:27.962Z,"51 km SE of Ugashik, Alaska",earthquake,8,3.246,0.2,9,reviewed,ak,ak
2026-07-29T02:44:36.410Z,38.776165008545,-122.938331604,4.0300002098083,1.33,md,16,118,0.06022,0.04,nc,nc75407592,2026-07-29T04:57:22.780Z,"8 km ESE of Cloverdale, CA",earthquake,0.34,1.54999995,0.26,17,automatic,nc,nc
2026-07-29T02:42:30.950Z,38.776832580566,-122.93966674805,6.3499999046326,1.31,md,18,136,0.05927,0.04,nc,nc75407582,2026-07-29T04:32:23.599Z,"7 km ESE of Cloverdale, CA",earthquake,0.47,1.36000001,0.21,18,automatic,nc,nc
2026-07-29T02:40:44.670Z,38.786666870117,-122.92333221435,4.2699999809265,2.45,md,8,189,0.05849,0.02,nc,nc75407567,2026-07-29T20:40:38.632Z,"8 km ESE of Cloverdale, CA",earthquake,1.08,2.86999989,0.38,7,automatic,nc,nc
2026-07-29T02:40:15.082Z,-2.5506,138.8737,35,4.8,mb,26,56,1.828,0.87,us,us6000tgjx,2026-07-29T03:42:37.040Z,"195 km W of Abepura, Indonesia",earthquake,9.4,1.916,0.071,61,reviewed,us,us
2026-07-29T02:40:06.740Z,38.777,-122.93566666667,5.92,4.24,mw,114,31,0.0484,0.09,nc,nc75407577,2026-08-01T08:24:50.009Z,"8 km ESE of Cloverdale, CA",earthquake,0.09,0.21,,19,reviewed,nc,nc
2026-07-29T02:40:01.770Z,18.022833333333,-66.737833333333,14.94,1.92,md,9,171,0.1268,0.08,pr,pr71526548,2026-07-29T10:52:13.220Z,"3 km E of Magas Arriba, Puerto Rico",earthquake,0.35,0.91,0.06480498419178,5,reviewed,pr,pr
2026-07-29T02:35:12.670Z,53.399,-168.22066666667,-0.21,0.1,ml,5,270,0.04239,0.18,av,av94342048,2026-07-30T00:08:36.450Z,"66 km NE of Nikolski, Alaska",earthquake,0.69,0.5,0.43611050906819,5,reviewed,av,av
2026-07-29T02:29:43.160Z,38.818832397461,-122.84317016602,2.2300000190735,1.09,md,13,92,0.007664,0.04,nc,nc75407557,2026-07-29T02:31:18.990Z,"9 km WNW of The Geysers, CA",earthquake,0.28,0.74000001,0.28,14,automatic,nc,nc
2026-07-29T02:18:03.190Z,34.006833333333,-117.15166666667,3.92,0.83,ml,41,55,0.04335,0.2,ci,ci40662818,2026-07-29T13:23:15.073Z,"6 km SSE of Redlands, CA",earthquake,0.19,0.48,0.12448327985946,23,reviewed,ci,ci
2026-07-29T02:09:19.180Z,18.806,-67.252333333333,11.88,2.94,md,16,294,0.3623,0.24,pr,pr71526538,2026-07-29T10:33:41.740Z,"38 km NNW of San Antonio, Puerto Rico",earthquake,0.88,0.9,0.15063076646756,9,reviewed,pr,pr
2026-07-29T02:04:33.099Z,63.626,-150.627,5,2.4,ml,59,25,0.5,1,ak,aka2026oweskw,2026-07-29T05:11:14.480Z,"55 km E of Denali National Park, Alaska",earthquake,2.3,0,0.1,43,reviewed,ak,ak
2026-07-29T02:04:32.037Z,63.564,-150.611,2.3,2.3,ml,18,50,0.6,0.9,ak,aka2026oweqxt,2026-07-29T05:05:46.415Z,"55 km E of Denali National Park, Alaska",earthquake,2.8,2.3452,0.2,13,reviewed,ak,ak
2026-07-29T02:04:15.250Z,61.290333333333,-152.348,2.56,-0.27,ml,11,114,0.03346,0.19,av,av94341998,2026-07-29T23:29:33.540Z,"69 km WNW of Tyonek, Alaska",earthquake,0.5,0.85,0.10677881446341,10,reviewed,av,av
2026-07-29T02:02:27.670Z,61.2865,-152.32683333333,2.08,-0.18,ml,8,207,0.03516,0.32,av,av94341988,2026-07-29T23:24:34.160Z,"68 km WNW of Tyonek, Alaska",earthquake,1.07,2.73,0.16717048881937,8,reviewed,av,av
2026-07-29T02:00:32.310Z,61.3,-152.33866666667,2.95,0.04,ml,8,180,0.04413,0.2,av,av94341983,2026-07-29T23:21:02.910Z,"69 km WNW of Tyonek, Alaska",earthquake,0.63,1.67,0.14110167090069,8,reviewed,av,av
2026-07-29T01:56:56.351Z,54.389,-161.449,9.9,2.2,ml,17,237,0.8,0.5,ak,aka2026owemhz,2026-07-29T05:01:19.662Z,"93 km SE of King Cove, Alaska",earthquake,7.8,3.5529,0.1,13,reviewed,ak,ak
2026-07-29T01:50:58.236Z,54.034,-162.783,10.6,2.2,ml,18,241,0.8,0.7,ak,aka2026owegwo,2026-07-29T04:52:14.871Z,"99 km SSE of False Pass, Alaska",earthquake,6.8,4.1283,0.2,11,reviewed,ak,ak
2026-07-29T01:50:23.678Z,61.515,-150.76,67.6,1.5,ml,20,73,0.5,0.5,ak,aka2026owegmr,2026-07-29T04:48:46.026Z,"13 km WSW of Susitna, Alaska",earthquake,3.9,4.7613,0.1,15,reviewed,ak,ak
2026-07-29T01:47:11.400Z,61.171,-140.573,2.4,1.8,ml,21,69,0.4,0.6,ak,aka2026owedst,2026-07-29T04:44:45.869Z,"129 km ESE of McCarthy, Alaska",earthquake,3.3,3.9373,0.1,15,reviewed,ak,ak
2026-07-29T01:44:11.401Z,63.554,-150.638,5.6,1.7,ml,17,72,0.1,0.7,ak,aka2026owebcz,2026-07-30T21:08:04.462Z,"53 km E of Denali National Park, Alaska",earthquake,2.9,2.1517,0.1,12,reviewed,ak,ak
2026-07-29T01:39:15.300Z,35.060833333333,-119.1055,17.31,1.4,ml,41,74,0.1944,0.2,ci,ci40662810,2026-07-29T17:03:00.100Z,"21 km NW of Grapevine, CA",earthquake,0.22,0.62,0.16649836587482,22,reviewed,ci,ci
2026-07-29T01:28:31.028Z,60.296,-152.3,85.5,2.3,ml,89,29,0.3,0.7,ak,aka2026owdmzn,2026-07-29T08:06:26.817Z,"44 km NW of Ninilchik, Alaska",earthquake,2.6,1.8225,0.2,66,reviewed,ak,ak
2026-07-29T01:26:41.837Z,55.986,-159.774,8.5,2,ml,17,157,0.1,0.5,ak,aka2026owdlzr,2026-07-29T18:05:47.090Z,"20 km WNW of Ivanof Bay, Alaska",earthquake,12.3,3.9591,0.1,13,reviewed,ak,ak
2026-07-29T01:26:15.320Z,60.034166666667,-153.0765,2.88,-0.3,ml,5,106,0.02415,0.19,av,av94341928,2026-07-29T22:10:29.420Z,"63 km ENE of Pedro Bay, Alaska",earthquake,0.62,1.76,0.22386469203248,5,reviewed,av,av
2026-07-29T01:24:06.495Z,63.556,-150.648,4.7,1.6,ml,16,71,0.6,0.7,ak,aka2026owdkdq,2026-07-30T21:03:54.174Z,"53 km E of Denali National Park, Alaska",earthquake,2.9,2.4763,0.1,13,reviewed,ak,ak
2026-07-29T01:16:58.430Z,51.7349,-171.2351,35,2.9,ml,20,219,1.366,0.73,us,us6000tgkk,2026-07-30T00:58:31.040Z,"210 km SW of Nikolski, Alaska",earthquake,3.63,2.013,0.091,16,reviewed,us,us
2026-07-29T00:55:26.102Z,31.659,-104.414,5.3308,1.8,ml,33,71,0,0.2,tx,tx2026otspkh,2026-07-29T08:47:33.051Z,"57 km S of Whites City, New Mexico",earthquake,0.97921927065875,0.69171086976093,0.1,21,reviewed,tx,tx
2026-07-29T00:51:11.050Z,44.409333333333,-110.31016666667,11.12,0.75,md,10,61,0.02513,0.17,uu,uu80146621,2026-07-29T13:22:14.570Z,"69 km ESE of West Yellowstone, Montana",earthquake,0.67,0.89,0.13153585237471,5,reviewed,uu,uu
2026-07-29T00:47:59.660Z,-17.8256,-172.8179,10,5.4,mww,63,59,3.013,1.22,us,us6000tgje,2026-07-30T00:54:03.270Z,"153 km NE of Neiafu, Tonga",earthquake,9.12,1.776,0.089,12,reviewed,us,us
2026-07-29T00:40:13.011Z,14.2852,-92.9054,35,4.4,mb,33,209,3.056,0.98,us,us6000tgjb,2026-07-29T00:52:04.040Z,"71 km SW of Puerto Madero, Mexico",earthquake,11.76,2.001,0.064,72,reviewed,us,us
2026-07-29T00:39:36.388Z,10.2364,126.0529,53.557,4.8,mb,59,93,3.181,0.94,us,us6000tgjc,2026-07-29T01:36:16.167Z,"23 km N of Santa Monica, Philippines",earthquake,9.76,5.734,0.053,110,reviewed,us,us
2026-07-29T00:37:41.980Z,38.841499328613,-122.82366943359,1.6699999570847,0.72,md,12,68,0.009676,0.01,nc,nc75407532,2026-07-29T00:39:19.239Z,"9 km WNW of Cobb, CA",earthquake,0.3,0.850000024,0.14,13,automatic,nc,nc
2026-07-29T00:26:06.240Z,38.813999176025,-122.76216888428,1.8600000143051,1.08,md,14,109,0.01349,0.02,nc,nc75407527,2026-07-29T00:27:44.249Z,"4 km WSW of Cobb, CA",earthquake,0.29,0.479999989,0.23,14,automatic,nc,nc
2026-07-29T00:16:22.900Z,20.3175,-156.3065,31.11,3.6,ml,59,147,0.4036,0.14,hv,hv75009477,2026-07-30T00:21:57.585Z,"39 km SSE of Mākena, Hawaii",earthquake,0.5,0.94,0.19350563892381,44,reviewed,hv,hv
2026-07-29T00:15:05.720Z,51.832,176.189,5,3.1,ml,9,204,1.4,0.7,ak,aka2026owazar,2026-07-29T04:31:42.440Z,"233 km ESE of Attu Station, Alaska",earthquake,21,0,0.1,7,reviewed,ak,ak
2026-07-29T00:12:39.310Z,60.0385,-153.06033333333,0.09,-0.53,ml,6,83,0.01898,0.15,av,av94341848,2026-07-29T22:04:29.040Z,"64 km ENE of Pedro Bay, Alaska",earthquake,0.3,1.03,0.35405691729268,6,reviewed,av,av
2026-07-29T00:10:33.080Z,38.80350112915,-122.76100158691,4.4099998474121,0.65,md,9,93,0.003044,0.02,nc,nc75407522,2026-07-29T00:12:08.896Z,"3 km N of The Geysers, CA",earthquake,0.66,1.90999997,0.16,8,automatic,nc,nc
2026-07-29T00:02:40.950Z,38.823333740234,-122.85316467285,2.1099998950958,0.88,md,16,113,0.005106,0.03,nc,nc75407517,2026-07-29T00:04:19.821Z,"10 km WNW of The Geysers, CA",earthquake,0.33,0.460000008,0.22,16,automatic,nc,nc
2026-07-29T00:00:14.450Z,46.208666666667,-122.18333333333,5.55,0.04,ml,12,92,0.03364,0.08,uw,uw714064591,2026-07-29T20:57:06.000Z,"38 km NNE of Amboy, Washington",earthquake,0.31,0.65,0.052649047597474,2,reviewed,uw,uw
2026-07-28T23:53:36.401Z,51.499,-169.406,3.7,3.2,ml,34,228,1.3,0.7,ak,aka2026owajfq,2026-07-29T04:28:13.642Z,"164 km SSW of Nikolski, Alaska",earthquake,5.9,4.0853,0.3,25,reviewed,ak,ak
2026-07-28T23:51:44.632Z,-4.3933,152.9542,10,4.8,mb,30,125,0.813,1.01,us,us6000tgiz,2026-07-29T00:10:17.040Z,"76 km E of Kokopo, Papua New Guinea",earthquake,8.92,1.902,0.111,25,reviewed,us,us
2026-07-28T23:50:06.540Z,18.8081,-67.2778,9,3.6,md,23,215,0.3792,0.3,pr,pr2026209003,2026-07-29T01:01:47.037Z,"39 km NNW of San Antonio, Puerto Rico",earthquake,0.8,1.16,0.12,21,reviewed,pr,pr
2026-07-28T23:45:38.930Z,38.792667388916,-122.77816772461,3.3599998950958,0.94,md,15,79,0.007637,0.03,nc,nc75407507,2026-07-28T23:47:13.787Z,"3 km NW of The Geysers, CA",earthquake,0.33,0.589999974,0.19,15,automatic,nc,nc
2026-07-28T23:26:00.800Z,63.596,-150.66,0.4,2.1,ml,34,31,0.5,0.8,ak,aka2026ovzlib,2026-07-29T04:24:34.293Z,"53 km E of Denali National Park, Alaska",earthquake,2.4,2.0599,0.1,27,reviewed,ak,ak
2026-07-28T23:24:21.470Z,52.049333333333,-177.1105,12.6,0.45,ml,5,334,0.1185,0.27,av,av94341803,2026-07-29T18:50:48.650Z,"38 km WNW of Adak, Alaska",earthquake,3.56,3.66,0.20304205640945,3,reviewed,av,av
2026-07-28T23:21:54.763Z,31.66,-104.408,5.2795,1.8,ml,34,88,0,0.2,tx,tx2026otpndg,2026-07-29T13:17:54.498Z,"57 km S of Whites City, New Mexico",earthquake,0.73720661081989,0.65376831816324,0.1,24,reviewed,tx,tx
2026-07-28T23:20:05.400Z,38.838832855225,-122.81150054932,1.7200000286102,0.73,md,13,60,0.01546,0.03,nc,nc75407492,2026-07-28T23:21:44.704Z,"8 km WNW of Cobb, CA",earthquake,0.27,0.660000026,0.09,15,automatic,nc,nc
2026-07-28T23:19:37.763Z,51.297,-176.104,17.7,2.1,ml,10,302,0.6,0.3,ak,aka2026ovzfvb,2026-07-29T04:22:47.277Z,"73 km SSE of Adak, Alaska",earthquake,9.5,7.4348,0.1,6,reviewed,ak,ak
2026-07-28T23:11:30.000Z,46.211833333333,-122.16083333333,6.26,0.39,ml,15,129,0.01111,0.06,uw,uw714064521,2026-07-29T02:52:49.370Z,"39 km SSE of Morton, Washington",earthquake,0.3,0.46,0.019049079350173,4,reviewed,uw,uw
2026-07-28T23:07:09.530Z,34.007333333333,-117.152,5.17,1.55,ml,67,23,0.04323,0.18,ci,ci40662794,2026-07-29T16:42:56.960Z,"6 km SSE of Redlands, CA",earthquake,0.13,0.34,0.14783499821844,54,reviewed,ci,ci
2026-07-28T23:05:34.538Z,39.5857,-119.672,11.8452,1.53,ml,20,79,0.065,0.1563,nn,nn00922494,2026-07-28T23:56:16.160Z,"7 km SSE of Spanish Springs, Nevada",earthquake,,0.7636,0.1,10,reviewed,nn,nn
2026-07-28T23:04:19.930Z,17.973833333333,-66.851,12.28,1.94,md,5,245,0.02692,0.07,pr,pr71526453,2026-07-28T23:09:48.300Z,"4 km SW of Indios, Puerto Rico",earthquake,1.05,0.5,0.036044546793275,4,reviewed,pr,pr
2026-07-28T22:59:57.190Z,46.971333333333,-122.23983333333,-0.48,1.721018910408,ml,17,231,0.02105,0.1,uw,uw714064501,2026-07-29T02:47:38.250Z,"1 km SW of Kapowsin, Washington",explosion,0.36,31.61,0.30154272913933,32,reviewed,uw,uw
2026-07-28T22:55:37.057Z,61.622,-147.306,17.7,1.7,ml,25,46,0.2,0.9,ak,aka2026ovyijj,2026-07-29T03:30:41.622Z,"27 km SE of Glacier View, Alaska",earthquake,2.8,1.8914,0.1,19,reviewed,ak,ak
2026-07-28T22:46:30.670Z,34.013666666667,-117.15416666667,5.46,0.71,ml,21,92,0.04094,0.13,ci,ci40662770,2026-07-29T18:01:20.735Z,"5 km SSE of Redlands, CA",earthquake,0.22,0.37,0.085354291709016,9,reviewed,ci,ci
2026-07-28T22:40:45.740Z,19.064,-155.371,32.79,2.11,ml,33,209,0.1253,0.13,hv,hv75009452,2026-07-31T20:11:22.200Z,"19 km SE of Pāhala, Hawaii",earthquake,0.48,0.8,0.22097457206029,11,reviewed,hv,hv
2026-07-28T22:39:10.550Z,37.409999847412,-121.75316619873,8.3400001525879,2.28,md,64,33,0.05508,0.06,nc,nc75407482,2026-07-28T23:52:21.724Z,"8 km NE of Alum Rock, CA",earthquake,0.12,0.370000005,0.21,54,automatic,nc,nc
2026-07-28T22:38:09.030Z,19.0745,-155.4205,30.83,2.02,ml,24,222,0.08959,0.22,hv,hv75009442,2026-07-31T20:06:20.780Z,"15 km SSE of Pāhala, Hawaii",earthquake,0.89,1.09,0.23190918815646,8,reviewed,hv,hv
2026-07-28T22:33:53.020Z,35.589833333333,-117.45783333333,2.25,1.47,ml,38,58,0.08009,0.14,ci,ci40662754,2026-07-29T17:10:18.004Z,"20 km E of Ridgecrest, CA",earthquake,0.16,0.32,0.15137707018201,26,reviewed,ci,ci
2026-07-28T22:24:11.730Z,33.925333333333,-116.90483333333,17.52,1.81,ml,77,14,0.06311,0.16,ci,ci40662746,2026-07-29T18:28:49.520Z,"3 km W of Banning, CA",earthquake,0.12,0.29,0.18581866246669,23,reviewed,ci,ci
2026-07-28T22:22:06.030Z,35.363,-117.79116666667,6.54,0.96,ml,31,73,0.1053,0.14,ci,ci40662738,2026-07-29T16:33:34.406Z,"14 km W of Johannesburg, CA",earthquake,0.19,0.55,0.18215322387738,15,reviewed,ci,ci
2026-07-28T22:18:38.125Z,50.0517,-179.1949,10,3.6,mb,29,269,1.523,0.75,us,us6000tgie,2026-07-28T22:46:55.040Z,"271 km SW of Adak, Alaska",earthquake,7.65,2.019,0.134,14,reviewed,us,us
2026-07-28T22:15:02.900Z,32.999,-117.78466666667,9.78,2.46,ml,52,127,0.3933,0.25,ci,ci40662730,2026-07-30T18:06:29.369Z,"44 km WSW of Carlsbad, CA",earthquake,0.33,31.61,0.14959762400261,37,reviewed,ci,ci
2026-07-28T22:10:03.707Z,-26.1566,179.4657,536.773,4.2,mb,14,168,8.473,0.96,us,us6000tgi4,2026-07-28T22:40:53.040Z,"south of the Fiji Islands",earthquake,23.06,22.028,0.146,13,reviewed,us,us
2026-07-28T22:09:45.600Z,46.2045,-122.18233333333,5.2,-0.1,md,9,70,0.004831,0.08,uw,uw714064411,2026-07-28T22:39:36.070Z,"38 km NNE of Amboy, Washington",earthquake,0.25,0.44,0.13413155648194,5,reviewed,uw,uw
2026-07-28T22:08:42.968Z,61.648,-149.84,36.6,1.9,ml,38,88,0.3,0.7,ak,aka2026ovwwgr,2026-07-28T22:36:16.879Z,"2 km NNW of Houston, Alaska",earthquake,2.9,2.5107,0.1,30,reviewed,ak,ak
2026-07-28T22:07:19.460Z,58.303833333333,-154.98616666667,2.93,-0.31,ml,7,141,0.04173,0.09,av,av94341653,2026-07-29T18:44:48.270Z,"87 km NNW of Karluk, Alaska",earthquake,0.47,0.71,0.24172158159165,7,reviewed,av,av
2026-07-28T21:59:45.910Z,38.82483291626,-122.81066894531,1.8200000524521,0.91,md,4,186,0.001509,0,nc,nc75407462,2026-07-28T22:01:19.049Z,"7 km NW of The Geysers, CA",earthquake,1.37,1.58000004,0.13,4,automatic,nc,nc
2026-07-28T21:57:29.840Z,36.547164916992,-121.15399932861,4.2699999809265,1.38,md,10,60,0.0352,0.23,nc,nc75407452,2026-07-28T22:52:21.331Z,"2 km NNW of Pinnacles, CA",earthquake,0.74,2.02999997,0.19,8,automatic,nc,nc
2026-07-28T21:53:03.810Z,46.201166666667,-122.18766666667,4.66,0.75,md,11,135,0.05611,0.09,uw,uw714005143,2026-07-28T22:08:09.980Z,"38 km NNE of Amboy, Washington",earthquake,0.28,0.43,0.028158334449582,2,reviewed,uw,uw
2026-07-28T21:53:00.080Z,46.2045,-122.18516666667,4.95,1.06,ml,31,68,0.004307,0.11,uw,uw714064371,2026-07-28T22:04:57.360Z,"38 km NNE of Amboy, Washington",earthquake,0.18,0.24,0.1431108698906,5,reviewed,uw,uw
2026-07-28T21:47:57.510Z,58.125166666667,-155.20316666667,4.54,-0.07,ml,10,130,0.02306,0.12,av,av94341628,2026-07-29T18:16:46.900Z,"76 km NW of Karluk, Alaska",earthquake,0.25,0.5,0.49262919361858,11,reviewed,av,av
2026-07-28T21:40:13.490Z,45.067833333333,-111.7565,-2,1.38,ml,5,152,0.1062,0.15,mb,mb90203673,2026-07-29T20:47:42.180Z,"29 km SSE of Virginia City, Montana",quarry blast,1.35,31.61,0.13770199416443,5,reviewed,mb,mb
2026-07-28T21:37:41.997Z,55.954,-159.737,12.8,1.8,ml,19,168,0.2,0.5,ak,aka2026ovvvjq,2026-07-28T22:31:06.164Z,"16 km WNW of Ivanof Bay, Alaska",earthquake,11.1,2.9476,0.3,14,reviewed,ak,ak
2026-07-28T21:36:13.803Z,38.6866,-117.1418,3.0261,1.71,ml,8,221,0.505,0.3808,nn,nn00922484,2026-07-28T23:40:22.888Z,"58 km S of Kingston, Nevada",explosion,,2.753,0.42,4,reviewed,nn,nn
2026-07-28T21:32:35.910Z,-58.8824,-23.7231,10,4.8,mb,34,89,8.413,1.21,us,us6000tghp,2026-07-28T21:50:51.040Z,"South Sandwich Islands region",earthquake,12.54,1.931,0.094,35,reviewed,us,us
2026-07-28T21:30:19.750Z,17.946166666667,-66.838666666667,13.33,2.11,md,4,211,0.04815,0.07,pr,pr71526408,2026-07-28T21:45:41.890Z,"5 km SSW of Indios, Puerto Rico",earthquake,1.15,0.4,0.12012741830748,4,reviewed,pr,pr
2026-07-28T21:28:28.810Z,46.195166666667,-122.18366666667,5.11,-0.47,md,7,127,0.005193,0.21,uw,uw714064321,2026-07-28T22:33:55.850Z,"37 km NNE of Amboy, Washington",earthquake,0.69,0.95,0.2793939918316,5,reviewed,uw,uw
2026-07-28T21:23:38.120Z,33.0355,-115.6035,10.35,1.23,ml,26,52,0.08708,0.17,ci,ci40662722,2026-07-29T00:25:01.517Z,"2 km E of Westmorland, CA",earthquake,0.26,0.53,0.25249442237854,22,reviewed,ci,ci
2026-07-28T21:21:27.870Z,51.933,-177.19016666667,10.8,0.5,ml,4,258,0.01446,0.24,av,av94341588,2026-07-29T09:10:51.460Z,"38 km W of Adak, Alaska",earthquake,2.61,1.52,0.31906348394233,3,reviewed,av,av
2026-07-28T21:19:04.820Z,19.2603,-63.5105,10,3.6,md,12,312,1.1783,0.9,pr,pr2026209002,2026-07-28T23:01:22.997Z,"124 km NNW of The Valley, Anguilla",earthquake,7.5,31.61,0.3,8,reviewed,pr,pr
2026-07-28T21:17:36.424Z,56.996,-155.202,9.3,1.8,ml,20,73,0.7,0.5,ak,aka2026ovvdye,2026-07-28T22:29:08.222Z,"62 km W of Akhiok, Alaska",earthquake,4.1,3.1041,0.2,13,reviewed,ak,ak
2026-07-28T21:15:17.443Z,63.553,-150.628,3.9,1.6,ml,17,56,0.1,0.5,ak,aka2026ovvbza,2026-07-29T20:33:55.328Z,"54 km E of Denali National Park, Alaska",earthquake,3,2.2705,0.1,12,reviewed,ak,ak
2026-07-28T21:14:20.739Z,55.935,-159.774,7.9,2.4,ml,21,170,0.2,0.4,ak,aka2026ovvbeu,2026-07-29T09:08:22.190Z,"18 km WNW of Ivanof Bay, Alaska",earthquake,8.5,3.2442,0.1,17,reviewed,ak,ak
2026-07-28T21:10:40.740Z,33.693666666667,-117.0255,12.47,0.92,ml,27,56,0.02464,0.11,ci,ci40662714,2026-07-29T17:56:16.462Z,"6 km ESE of Winchester, CA",earthquake,0.21,0.25,0.1962114689971,16,reviewed,ci,ci
2026-07-28T21:07:57.330Z,48.63,-122.99833333333,14.39,0.05,md,5,190,0.01236,0.05,uw,uw714064291,2026-07-28T22:27:42.760Z,"5 km NW of Orcas, Washington",earthquake,0.58,0.81,0.13987057649902,5,reviewed,uw,uw
2026-07-28T21:07:15.901Z,60.25,-143.288,0,1.5,ml,14,84,0,0.8,ak,aka2026ovuvad,2026-07-28T22:25:15.276Z,"133 km S of McCarthy, Alaska",ice quake,4.2,0,0.1,12,reviewed,ak,ak
2026-07-28T21:00:46.371Z,58.5,-137.205,4.5,2.2,ml,13,165,0.7,0.9,ak,aka2026ovupjd,2026-07-28T22:20:13.255Z,"60 km WNW of Elfin Cove, Alaska",earthquake,5.9,3.3274,0.2,9,reviewed,ak,ak
2026-07-28T21:00:31.490Z,38.827167510986,-122.80783081055,2.8099999427795,1.06,md,18,39,0.004155,0.01,nc,nc75407432,2026-07-28T21:02:09.545Z,"7 km NW of The Geysers, CA",earthquake,0.26,0.550000012,0.19,21,automatic,nc,nc
2026-07-28T20:54:41.635Z,55.958,-159.923,1.6,3.7,ml,29,143,0.2,0.8,ak,aka2026ovukdz,2026-07-29T01:25:54.900Z,"28 km WNW of Ivanof Bay, Alaska",earthquake,10.1,3.0734,0.2,24,reviewed,ak,ak
2026-07-28T20:52:22.178Z,63.561,-150.633,0.7,3.5,ml,25,48,0.6,0.5,ak,aka2026ovuicj,2026-07-28T22:10:17.916Z,"54 km E of Denali National Park, Alaska",earthquake,2.9,2.3097,0.1,14,reviewed,ak,ak
2026-07-28T20:49:24.979Z,63.611,-150.673,5,5,ml,208,23,0.5,1,ak,aka2026ovufno,2026-07-31T20:59:26.243Z,"52 km E of Denali National Park, Alaska",earthquake,1.8,0,0.2,145,reviewed,ak,ak
2026-07-28T20:48:59.800Z,53.376666666667,-168.22466666667,7.21,-0.09,ml,5,277,0.04274,0.2,av,av94341493,2026-07-29T08:28:19.750Z,"64 km NE of Nikolski, Alaska",earthquake,2.05,1.4,0.47529776818212,5,reviewed,av,av
2026-07-28T20:47:17.960Z,38.794998168945,-122.80899810791,3.2799999713898,1.04,md,15,75,0.008115,0.02,nc,nc75407427,2026-07-28T20:48:54.398Z,"5 km WNW of The Geysers, CA",earthquake,0.37,0.620000005,0.28,16,automatic,nc,nc
2026-07-28T20:44:15.150Z,52.086,176.376,12.5,2.8,ml,11,186,1.3,0.6,ak,aka2026ovubcu,2026-07-29T20:02:05.145Z,"232 km ESE of Attu Station, Alaska",earthquake,55.3,17.5643,0.5,10,reviewed,ak,ak
2026-07-28T20:40:45.890Z,17.951166666667,-66.842833333333,13.24,2.25,md,11,174,0.04203,0.16,pr,pr71526368,2026-07-28T21:00:33.490Z,"5 km SSW of Indios, Puerto Rico",earthquake,0.72,0.49,0.11697832685079,11,reviewed,pr,pr
2026-07-28T20:34:01.647Z,31.821,-101.937,7.8369,1.3,ml,20,68,0,0.2,tx,tx2026otjyks,2026-07-29T14:47:53.881Z,"23 km SE of Midland, Texas",earthquake,0.88588515996557,0.92068583957386,0.2,10,reviewed,tx,tx
2026-07-28T20:27:57.268Z,-5.7602,153.5437,10,5.4,mww,89,68,2.078,1.02,us,us6000tggm,2026-07-29T20:34:09.633Z,"211 km SE of Kokopo, Papua New Guinea",earthquake,5.6,1.72,0.065,23,reviewed,us,us
2026-07-28T20:25:17.870Z,58.313,-154.73616666667,3.42,0,ml,10,187,0.07816,0.19,av,av94341433,2026-07-29T08:37:49.380Z,"84 km NNW of Karluk, Alaska",earthquake,0.56,1.1,0.16092593433678,10,reviewed,av,av
2026-07-28T20:23:42.798Z,-22.1845,179.5638,575.128,5.1,mb,71,59,4.64,1.04,us,us6000tggi,2026-07-28T20:39:33.040Z,"south of the Fiji Islands",earthquake,10.7,8.293,0.043,174,reviewed,us,us
2026-07-28T20:22:05.928Z,31.83,-101.941,6.4209,0.4,ml,11,80,0,0.2,tx,tx2026otjnvx,2026-07-29T14:50:43.437Z,"22 km SE of Midland, Texas",earthquake,1.089294189255,0.96951454479184,0.2,6,reviewed,tx,tx
2026-07-28T20:19:17.510Z,61.208666666667,-152.26116666667,3.95,0.34,ml,13,81,0.02673,0.13,av,av94341428,2026-07-29T08:34:19.110Z,"62 km WNW of Tyonek, Alaska",earthquake,0.34,0.19,0.21174409490232,14,reviewed,av,av
2026-07-28T20:17:17.460Z,19.197,-155.375,30.07,1.53,ml,33,185,0.04556,0.11,hv,hv75009407,2026-07-31T19:49:45.240Z,"10 km E of Pāhala, Hawaii",earthquake,0.54,0.62,0.22890731675365,9,reviewed,hv,hv
2026-07-28T20:15:46.820Z,19.1985,-155.48283333333,32.21,1.74,ml,41,84,0.04712,0.12,hv,hv75009402,2026-07-31T19:44:44.540Z,"0 km SW of Pāhala, Hawaii",earthquake,0.43,0.56,0.22999016789927,15,reviewed,hv,hv
2026-07-28T20:13:55.679Z,35.06783333,-97.85566667,7.68,0.64,ml,19,117,0.05128993517,0.19,ok,ok2026oror,2026-07-29T13:51:22.531Z,"7 km ENE of Chickasha, Oklahoma",earthquake,,0.5,0.25,6,reviewed,ok,ok
2026-07-28T20:11:13.330Z,17.958,-66.847333333333,13.27,2.39,md,10,171,0.0348,0.09,pr,pr71526348,2026-07-28T20:48:46.340Z,"4 km SW of Indios, Puerto Rico",earthquake,0.44,0.25,0.074971551703068,7,reviewed,pr,pr
2026-07-28T20:05:07.232Z,51.909,176.261,2.4,2.8,ml,8,198,1.4,0.3,ak,aka2026ovstfj,2026-07-29T19:57:39.124Z,"233 km ESE of Attu Station, Alaska",earthquake,27.7,6.6953,0.1,6,reviewed,ak,ak
2026-07-28T20:02:21.530Z,17.9505,-66.845166666667,13.22,1.76,md,5,213,0.04061,0.03,pr,pr71526473,2026-07-28T23:41:21.590Z,"5 km SSW of Indios, Puerto Rico",earthquake,0.75,0.34,0.063870922137339,4,reviewed,pr,pr
2026-07-28T19:59:01.630Z,17.9515,-66.870333333333,10.93,1.51,md,3,296,0.02492,0.16,pr,pr71526488,2026-07-28T23:49:38.160Z,"3 km SE of Maria Antonia, Puerto Rico",earthquake,4.97,1.43,0.033417604114432,3,reviewed,pr,pr
2026-07-28T19:48:54.826Z,31.665,-104.357,6.2537,2.5,ml,32,87,0.1,0.2,tx,tx2026otilpb,2026-07-28T20:05:36.944Z,"56 km S of Whites City, New Mexico",earthquake,0.80461614472855,0.87364592866273,0.1,25,reviewed,tx,tx
2026-07-28T19:44:51.423Z,53.19,-164.745,2.9,2.2,ml,12,283,1.1,0.6,ak,aka2026ovsboy,2026-07-29T19:54:34.942Z,"125 km SSE of Akutan, Alaska",earthquake,10.7,5.6939,0.1,10,reviewed,ak,ak
2026-07-28T19:42:19.330Z,51.931166666667,-177.13966666667,10.54,0.56,ml,6,197,0.007539,0.31,av,av94341363,2026-07-29T07:43:46.170Z,"35 km W of Adak, Alaska",earthquake,1.93,1.15,0.24059847769638,4,reviewed,av,av
2026-07-28T19:40:45.037Z,57.789,-156.282,131.4,2.5,ml,65,40,0,0.6,ak,aka2026ovrxzu,2026-07-29T19:50:41.368Z,"73 km ENE of Ugashik, Alaska",earthquake,4.5,1.7439,0.2,49,reviewed,ak,ak
2026-07-28T19:38:00.712Z,62.046,-149.29,22.4,2.4,ml,89,27,0.3,0.9,ak,aka2026ovrvpz,2026-07-29T19:46:59.410Z,"31 km ESE of Susitna North, Alaska",earthquake,1.6,1.701,0.1,67,reviewed,ak,ak
2026-07-28T19:30:47.380Z,33.052166666667,-114.99283333333,-0.2,1.28,ml,16,61,0.08068,0.23,ci,ci40662690,2026-07-29T00:05:24.886Z,"45 km NE of Holtville, CA",quarry blast,0.49,31.61,0.16238979146813,8,reviewed,ci,ci
2026-07-28T19:28:08.993Z,-10.9261,161.3309,10,5,mb,37,89,2.01,0.51,us,us6000tgg2,2026-07-28T19:57:56.040Z,"82 km SW of Kirakira, Solomon Islands",earthquake,12.18,1.89,0.089,40,reviewed,us,us
2026-07-28T19:26:10.480Z,56.056,-159.70216666667,9.98,-0.04,ml,4,302,0.0809,0.32,av,av93065049,2026-07-29T07:49:47.550Z,"21 km NW of Ivanof Bay, Alaska",earthquake,3,4.14,0.1500371380853,4,reviewed,av,av
2026-07-28T19:25:41.879Z,-16.7774,-173.6421,123.194,4.5,mb,21,124,3.369,0.69,us,us6000tgg0,2026-07-28T20:13:24.040Z,"92 km S of Hihifo, Tonga",earthquake,9.85,9.092,0.128,18,reviewed,us,us
2026-07-28T19:24:19.732Z,61.737,-149.568,32.3,2.5,ml,89,27,0.2,0.9,ak,aka2026ovrjtl,2026-07-29T19:41:55.896Z,"12 km N of Meadow Lakes, Alaska",earthquake,1.8,1.8315,0.1,66,reviewed,ak,ak
2026-07-28T19:24:06.870Z,57.084,-153.878,23,1.9,ml,18,131,0.4,0.5,ak,aka2026ovrjqc,2026-07-29T19:33:26.223Z,"23 km NE of Akhiok, Alaska",earthquake,6.1,4.5926,0.1,13,reviewed,ak,ak
2026-07-28T19:19:03.012Z,57.753,-137.181,16.7,3.2,ml,33,169,0.5,0.7,ak,aka2026ovrfbe,2026-07-29T19:31:21.581Z,"61 km WSW of Pelican, Alaska",earthquake,4.9,3.7403,0.1,25,reviewed,ak,ak
2026-07-28T19:12:36.530Z,17.958166666667,-66.849,13.33,2.11,md,5,209,0.03334,0.05,pr,pr71526518,2026-07-29T01:14:23.620Z,"4 km ESE of Maria Antonia, Puerto Rico",earthquake,1,0.46,0.13636534688448,3,reviewed,pr,pr
2026-07-28T19:07:47.327Z,51.041,-178.128,8.3,2.3,ml,19,268,0.7,0.6,ak,aka2026ovqvof,2026-07-29T19:27:21.341Z,"139 km SW of Adak, Alaska",earthquake,7.4,3.5098,0.1,12,reviewed,ak,ak
2026-07-28T19:06:32.910Z,52.089166666667,-176.13183333333,-1.77,-0.19,ml,4,215,0.02853,0.26,av,av94341278,2026-07-29T08:08:18.690Z,"41 km NE of Adak, Alaska",earthquake,1.29,1.84,0.18583331014991,4,reviewed,av,av
2026-07-28T19:02:23.780Z,33.869666666667,-117.50683333333,-0.45,0.86,ml,31,57,0.07323,0.19,ci,ci40662674,2026-07-28T23:55:20.014Z,"2 km SE of Home Gardens, CA",quarry blast,0.37,31.61,0.13786228595535,14,reviewed,ci,ci
2026-07-28T19:02:21.410Z,46.024166666667,-112.458,-2,1.78,ml,14,203,0.0676,0.05,mb,mb90203598,2026-07-29T20:42:42.700Z,"6 km E of Walkerville, Montana",quarry blast,0.64,31.61,0.20335048485336,17,reviewed,mb,mb
2026-07-28T18:59:59.819Z,58.248,-155.182,5,0.6,ml,10,85,0,0.2,ak,aka2026ovqora,2026-07-29T08:02:17.320Z,"87 km NNW of Karluk, Alaska",earthquake,6.9,,0.3,5,automatic,ak,ak
2026-07-28T18:58:10.700Z,52.119166666667,-176.1765,9.98,0.64,ml,5,286,0.02566,0.31,av,av94341253,2026-07-29T07:34:45.660Z,"41 km NE of Adak, Alaska",earthquake,1.76,2.8,0.26903206968856,5,reviewed,av,av
2026-07-28T18:55:08.530Z,17.9305,-66.843,13.66,1.95,md,6,219,0.05617,0.04,pr,pr71526313,2026-07-28T19:31:15.860Z,"7 km SE of Maria Antonia, Puerto Rico",earthquake,1.15,0.31,0.14731006832485,6,reviewed,pr,pr
2026-07-28T18:53:14.530Z,17.960333333333,-66.843833333333,12.22,2.17,md,7,170,0.03676,0.11,pr,pr71526438,2026-07-28T23:15:34.760Z,"4 km SW of Indios, Puerto Rico",earthquake,0.43,0.48,0.14503950589819,5,reviewed,pr,pr
2026-07-28T18:52:17.679Z,34.46566667,-96.81783333,0,1.3,ml,44,93,0.201560447,0.63,ok,ok2026orlz,2026-07-29T13:28:48.960Z,"6 km N of Mill Creek, Oklahoma",quarry blast,,0.8,0.22,24,reviewed,ok,ok
2026-07-28T18:50:55.280Z,17.962833333333,-66.843833333333,12.69,2.42,md,8,203,0.03584,0.12,pr,pr71526303,2026-07-28T19:45:04.310Z,"4 km SW of Indios, Puerto Rico",earthquake,0.83,0.6,0.21474259812087,5,reviewed,pr,pr
2026-07-28T18:48:17.300Z,18.056333333333,-66.850666666667,7.88,1.83,md,4,186,0.08529,0.14,pr,pr71526393,2026-07-28T21:38:15.370Z,"2 km N of Yauco, Puerto Rico",earthquake,0.59,14.66,0.02140185886525,3,reviewed,pr,pr
2026-07-28T18:46:36.190Z,57.0345,-135.77683333333,5.37,-0.31,ml,4,148,0.008624,0.31,av,av94341223,2026-07-29T07:31:15.360Z,"27 km W of Sitka, Alaska",earthquake,1.36,1.3,0.19559833086403,4,reviewed,av,av
2026-07-28T18:40:36.950Z,34.36,-96.98816667,0,1.21,ml,38,83,0.1106782811,0.39,ok,ok2026orlp,2026-07-29T13:20:56.122Z,"7 km SE of Dougherty, Oklahoma",quarry blast,,0.5,0.23,19,reviewed,ok,ok
2026-07-28T18:39:32.924Z,53.353,-164.687,13.4,3,ml,37,222,1,0.6,ak,aka2026ovpwwn,2026-07-29T19:23:32.869Z,"112 km SE of Akutan, Alaska",earthquake,4,4.0883,0.1,29,reviewed,ak,ak
2026-07-28T18:37:19.278Z,53.323,-164.684,13.9,2.4,ml,20,236,1,0.4,ak,aka2026ovpvax,2026-07-29T19:20:30.766Z,"115 km SE of Akutan, Alaska",earthquake,5.8,5.7326,0.1,14,reviewed,ak,ak
2026-07-28T18:35:51.110Z,17.962,-66.848833333333,13.19,2.21,md,6,207,0.03174,0.07,pr,pr71526328,2026-07-28T19:47:45.040Z,"4 km ESE of Maria Antonia, Puerto Rico",earthquake,0.78,0.42,0.055095517543534,6,reviewed,pr,pr
2026-07-28T18:35:03.940Z,17.931,-66.843333333333,13.85,1.79,md,4,319,0.05558,0.15,pr,pr71526343,2026-07-28T20:04:09.910Z,"7 km SE of Maria Antonia, Puerto Rico",earthquake,2.27,0.78,0.06502472123193,4,reviewed,pr,pr
2026-07-28T18:31:31.120Z,17.948666666667,-66.839,13.7,2.3,md,7,210,0.04644,0.07,pr,pr71526288,2026-07-28T19:21:29.370Z,"5 km SSW of Indios, Puerto Rico",earthquake,0.64,0.3,0.098531396091248,6,reviewed,pr,pr
2026-07-28T18:30:39.414Z,63.252,-151.252,1.2,1.8,ml,19,62,0.3,0.5,ak,aka2026ovppfp,2026-07-29T20:30:29.204Z,"39 km SE of Denali National Park, Alaska",earthquake,2.8,2.373,0.1,15,reviewed,ak,ak
2026-07-28T18:29:14.530Z,17.977166666667,-66.848333333333,12.53,1.78,md,6,198,0.02951,0.07,pr,pr71526493,2026-07-28T23:59:45.140Z,"3 km WSW of Indios, Puerto Rico",earthquake,0.91,0.57,0.095320187190646,6,reviewed,pr,pr
2026-07-28T18:27:52.860Z,19.402666091919,-155.27082824707,8.1599998474121,1.82,md,24,39,0.006314,0.150000006,hv,hv75009342,2026-07-28T18:31:16.980Z,"5 km SW of Volcano, Hawaii",earthquake,0.36,0.409999996,0.16523696376001,8,automatic,hv,hv
2026-07-28T18:25:40.710Z,38.794834136963,-122.80883026123,3.3399999141693,0.77,md,13,85,0.007905,0.02,nc,nc75407392,2026-07-28T18:27:18.403Z,"5 km WNW of The Geysers, CA",earthquake,0.35,0.620000005,0.34,14,automatic,nc,nc
2026-07-28T18:17:33.040Z,17.9465,-66.840833333333,12.98,1.79,md,6,215,0.04631,0.11,pr,pr71526468,2026-07-28T23:35:40.110Z,"5 km SSW of Indios, Puerto Rico",earthquake,1.09,0.54,0.11150899222455,6,reviewed,pr,pr
2026-07-28T18:15:01.180Z,17.949333333333,-66.8465,12.84,2.05,md,7,214,0.04033,0.07,pr,pr71526273,2026-07-28T19:38:12.370Z,"5 km SE of Maria Antonia, Puerto Rico",earthquake,0.58,0.39,0.088944598885741,6,reviewed,pr,pr
2026-07-28T18:14:05.918Z,52.11,176.287,5,2.7,ml,10,186,1.4,0.7,ak,aka2026ovpbeb,2026-07-29T19:17:06.664Z,"226 km ESE of Attu Station, Alaska",earthquake,29.7,0,0.1,7,reviewed,ak,ak
2026-07-28T18:07:12.650Z,18.282166666667,-67.074833333333,32.18,2.43,md,7,163,0.1064,0.25,pr,pr71526388,2026-07-28T22:10:51.340Z,"4 km E of Espino, Puerto Rico",earthquake,1.4,1.8,0.25385774544545,5,reviewed,pr,pr
2026-07-28T18:04:48.250Z,17.966333333333,-66.846666666667,12.93,1.57,md,6,205,0.03221,0.12,pr,pr71526448,2026-07-28T23:06:47.460Z,"4 km SW of Indios, Puerto Rico",earthquake,1.29,0.75,0.16961464469026,4,reviewed,pr,pr
2026-07-28T18:03:23.990Z,17.952666666667,-66.836166666667,12.76,1.82,md,7,208,0.04667,0.24,pr,pr71526443,2026-07-28T22:40:23.410Z,"4 km SSW of Indios, Puerto Rico",earthquake,0.9,1.15,0.10070087757487,5,reviewed,pr,pr
2026-07-28T18:02:37.240Z,17.962333333333,-66.838833333333,12.32,1.87,md,7,208,0.0405,0.18,pr,pr71526418,2026-07-28T22:24:54.180Z,"4 km SSW of Indios, Puerto Rico",earthquake,0.85,0.7,0.052024724901741,5,reviewed,pr,pr
2026-07-28T18:01:12.150Z,17.9775,-66.844333333333,13.61,1.45,md,3,350,0.03333,0.07,pr,pr71526458,2026-07-28T23:20:22.880Z,"3 km SW of Indios, Puerto Rico",earthquake,3.7,0.72,0.065045059193595,2,reviewed,pr,pr
2026-07-28T17:59:31.050Z,38.820331573486,-122.79566955566,-0.74000000953674,0.34,md,6,94,0.01166,0.05,nc,nc75407387,2026-07-28T18:01:08.683Z,"6 km NW of The Geysers, CA",earthquake,0.43,0.810000002,0.14,8,automatic,nc,nc
2026-07-28T17:59:12.960Z,17.9568,-66.841,12,3.47,md,24,171,0.0424,0.17,pr,pr2026209001,2026-07-29T18:04:10.187Z,"4 km SSW of Indios, Puerto Rico",earthquake,0.36,0.46,0.06,17,reviewed,pr,pr
2026-07-28T17:49:26.000Z,17.982,-66.849666666667,13.41,1.68,md,3,341,0.029,0.01,pr,pr71526528,2026-07-29T01:17:46.300Z,"3 km WSW of Indios, Puerto Rico",earthquake,4.07,0.62,0.017534131920436,3,reviewed,pr,pr
2026-07-28T17:44:50.050Z,52.0875,-176.149,9.87,0.06,ml,5,152,0.01861,0.26,av,av94341118,2026-07-29T07:22:14.860Z,"40 km NE of Adak, Alaska",earthquake,1.61,1.43,0.23242869176174,5,reviewed,av,av
2026-07-28T17:43:29.980Z,38.829334259033,-122.81517028809,1.75,0.67,md,12,63,0.007143,0.02,nc,nc75407382,2026-07-28T17:45:08.129Z,"8 km NW of The Geysers, CA",earthquake,0.31,0.74000001,0.22,12,automatic,nc,nc
2026-07-28T17:35:19.030Z,17.959666666667,-66.841666666667,8.29,2.29,md,18,170,0.03892,0.22,pr,pr71526243,2026-07-28T18:47:57.940Z,"4 km SSW of Indios, Puerto Rico",earthquake,0.53,1.03,0.14183241921988,9,reviewed,pr,pr
2026-07-28T17:18:49.829Z,51.152,-176.906,5.5,2.4,ml,22,233,0.6,0.7,ak,aka2026ovneza,2026-07-29T19:14:50.070Z,"82 km SSW of Adak, Alaska",earthquake,6.5,3.4262,0.1,18,reviewed,ak,ak
2026-07-28T17:12:54.479Z,30.0308,-79.4734,0,3.9,mb,64,108,2.309,0.54,us,us6000tgf0,2026-07-30T16:19:32.549Z,"171 km ENE of Flagler Beach, Florida",experimental explosion,6.78,1.958,0.209,6,reviewed,us,us
2026-07-28T17:04:39.461Z,31.971,-103.319,6.0999,1.7,ml,18,66,0,0.2,tx,tx2026otcwxi,2026-07-28T17:38:09.756Z,"19 km SW of Jal, New Mexico",earthquake,1.0566188588268,0.55830690758457,0.1,12,reviewed,tx,tx
2026-07-28T17:01:58.470Z,60.498666666667,-152.799,2.84,-0.59,ml,8,73,0.0251,0.14,av,av94341018,2026-07-29T06:50:13.270Z,"80 km NW of Ninilchik, Alaska",earthquake,0.37,1.04,0.17852892316982,8,reviewed,av,av
2026-07-28T17:01:00.004Z,52.791,-161.11,29.3,3.1,ml,34,250,2.4,0.7,ak,aka2026ovmpok,2026-07-29T19:11:34.165Z,"264 km SSE of King Cove, Alaska",earthquake,12.6,14.6405,0.1,25,reviewed,ak,ak
2026-07-28T16:55:44.500Z,60.543833333333,-152.50416666667,11.92,-0.21,ml,8,170,0.05563,0.07,av,av94341008,2026-07-29T06:45:12.920Z,"65 km W of Salamatof, Alaska",earthquake,0.49,0.69,0.24274332308035,8,reviewed,av,av
2026-07-28T16:51:01.284Z,52.5186,-170.0484,6.867,3,ml,15,206,0.285,0.42,us,us6000tgl9,2026-07-29T19:09:26.421Z,"92 km WSW of Nikolski, Alaska",earthquake,3.48,7.799,0.081,20,reviewed,us,us
2026-07-28T16:50:45.590Z,54.483166666667,-164.7955,0.65,0.72,ml,4,277,0.04311,0.24,av,av93065039,2026-07-29T06:10:41.060Z,"74 km ENE of Akutan, Alaska",earthquake,1.41,1.27,0.1155256666642,4,reviewed,av,av
2026-07-28T16:45:07.740Z,38.792999267578,-122.75499725342,1.3099999427795,1.28,md,14,86,0.008459,0.03,nc,nc75407357,2026-07-28T17:42:21.144Z,"2 km N of The Geysers, CA",earthquake,0.3,0.519999981,0.19,15,automatic,nc,nc
2026-07-28T16:44:09.391Z,51.816,-167.529,5,2.8,ml,16,256,1.4,0.6,ak,aka2026ovmaiz,2026-07-29T19:04:38.919Z,"154 km SE of Nikolski, Alaska",earthquake,9.1,0,0.1,13,reviewed,ak,ak
2026-07-28T16:39:16.410Z,51.862666666667,-176.58966666667,5.03,-0.45,ml,4,199,0.06182,0.09,av,av94340953,2026-07-29T06:24:11.820Z,"3 km ESE of Adak, Alaska",earthquake,0.53,1.11,0.12960998231914,2,reviewed,av,av
2026-07-28T16:37:35.450Z,38.86600112915,-122.82133483887,1.6799999475479,0.75,md,6,186,0.01143,0.03,nc,nc75407352,2026-07-28T16:39:13.448Z,"10 km WNW of Cobb, CA",earthquake,1.26,1.10000002,0.47,8,automatic,nc,nc
2026-07-28T16:35:42.310Z,40.30583190918,-124.46399688721,16.049999237061,1.62,md,5,256,0.09447,0.02,nc,nc75407347,2026-07-28T17:17:25.976Z,"15 km W of Petrolia, CA",earthquake,4.08,0.910000026,0.06,4,automatic,nc,nc
2026-07-28T16:33:23.050Z,32.731166666667,-117.57783333333,17.27,2.12,ml,48,150,0.2838,0.13,ci,ci40662602,2026-07-28T19:44:58.752Z,"31 km WSW of La Jolla, CA",earthquake,0.3,0.63,0.19049282401628,23,reviewed,ci,ci
2026-07-28T16:32:34.240Z,44.281333333333,-122.89816666667,10.5,0.62,ml,15,77,0.1052,0.17,uw,uw714063921,2026-07-28T17:52:13.420Z,"9 km SSW of Crawfordsville, Oregon",earthquake,0.3,1.2,0.068623294264034,3,reviewed,uw,uw
2026-07-28T16:28:31.038Z,31.848,-102.68,9.3262,1.5,ml,24,63,0.2,0.2,tx,tx2026otbuyh,2026-07-28T17:22:54.368Z,"15 km SSW of Goldsmith, Texas",earthquake,0.65516911163935,2.3167049529684,0.1,18,reviewed,tx,tx
2026-07-28T16:21:49.282Z,28.836,-98.977,9.7661,1.7,ml,12,81,0.1,0.2,tx,tx2026otbpds,2026-07-28T19:45:08.527Z,"13 km ESE of Pearsall, Texas",earthquake,1.4169778107124,1.7247022085286,0.1,7,reviewed,tx,tx
2026-07-28T16:20:30.410Z,42.261,-124.3465,12.54,0.22,md,5,181,0.03064,0.22,uw,uw714063911,2026-07-28T17:47:10.950Z,"4 km ESE of Pistol River, Oregon",earthquake,1.17,1.2,0.3665146127323,4,reviewed,uw,uw
2026-07-28T16:15:27.180Z,38.864334106445,-122.81632995606,1.5199999809265,1.06,md,8,164,0.01111,0.02,nc,nc75407332,2026-07-28T16:17:02.391Z,"9 km WNW of Cobb, CA",earthquake,0.66,0.670000017,0.35,8,automatic,nc,nc
2026-07-28T16:14:17.220Z,14.4329,-92.6196,54.609,4.7,mb,135,171,2.804,0.57,us,us6000tget,2026-07-29T16:21:29.040Z,"38 km SW of Puerto Madero, Mexico",earthquake,9.61,8.479,0.03,340,reviewed,us,us
2026-07-28T16:00:39.220Z,64.385,-150.938,0.8,1.4,ml,19,61,0.3,0.9,ak,aka2026ovkpep,2026-07-29T20:26:25.576Z,"70 km SSW of Manley Hot Springs, Alaska",earthquake,2.7,2.2097,0.1,13,reviewed,ak,ak
2026-07-28T15:55:20.740Z,52.292166666667,-174.13633333333,7.16,0.06,ml,8,104,0.02918,0.26,av,av93065034,2026-07-29T05:58:10.150Z,"11 km NNE of Atka, Alaska",earthquake,0.79,1.45,0.36895224807788,8,reviewed,av,av
2026-07-28T15:49:49.025Z,57.752,-137.243,15.2,2.6,ml,17,196,0.6,0.5,ak,aka2026ovkftd,2026-07-29T21:48:46.796Z,"64 km WSW of Pelican, Alaska",earthquake,6,3.9866,0.2,13,reviewed,ak,ak
2026-07-28T15:38:22.200Z,35.5401,99.102,10,4.2,mb,35,103,13.429,0.75,us,us6000tgep,2026-07-28T16:16:22.040Z,"218 km SSW of Shaliuhe, China",earthquake,13.43,1.956,0.103,28,reviewed,us,us
2026-07-28T15:37:15.050Z,19.257499694824,-154.96533203125,32.979999542236,1.86,md,22,260,0.179,0.129999995,hv,hv75009287,2026-07-28T15:40:49.810Z,"24 km SSW of Leilani Estates, Hawaii",earthquake,1.59,0.850000024,0.11230877278725,13,automatic,hv,hv
2026-07-28T15:26:19.670Z,44.778666666667,-111.10683333333,9.1,-0.1,md,8,86,0.0175,0.17,uu,uu80146586,2026-07-29T20:42:41.670Z,"6 km E of Hebgen Lake Estates, Montana",earthquake,0.52,1.09,0.099478827552836,5,reviewed,uu,uu
2026-07-28T15:20:11.670Z,60.0475,-153.07216666667,4.67,-0.06,ml,6,93,0.01078,0.33,av,av94340818,2026-07-29T05:47:10.460Z,"64 km ENE of Pedro Bay, Alaska",earthquake,1,1.86,0.23930811222274,6,reviewed,av,av
2026-07-28T15:18:38.360Z,35.9895,-91.3265,4.14,1.89,md,6,158,0.1613,0.07,nm,nm60506038,2026-07-28T18:38:15.960Z,"2 km N of Strawberry, Arkansas",earthquake,0.52,5.31,0.048545017001524,5,reviewed,nm,nm
2026-07-28T15:13:56.770Z,19.165666666667,-155.485,32.65,1.64,md,35,109,0.02392,0.12,hv,hv75009282,2026-07-31T19:36:13.980Z,"4 km S of Pāhala, Hawaii",earthquake,0.51,0.62,0.12914921388357,10,reviewed,hv,hv
2026-07-28T15:12:07.160Z,17.958333333333,-66.841666666667,14.49,2.15,md,10,171,0.03946,0.18,pr,pr71526213,2026-07-28T15:21:24.870Z,"4 km SSW of Indios, Puerto Rico",earthquake,0.52,0.78,0.072670735934247,7,reviewed,pr,pr
2026-07-28T15:06:31.827Z,31.645,-104.433,7.6251,1.5,ml,26,72,0,0.3,tx,tx2026oszbud,2026-07-28T15:28:48.791Z,"59 km S of Whites City, New Mexico",earthquake,0.69613394538676,0.43578771824899,0.1,16,reviewed,tx,tx
2026-07-28T15:03:55.493Z,57.006,-153.78,37.5,3.2,ml,96,142,0.3,1,ak,aka2026ovirzc,2026-07-29T19:01:12.428Z,"24 km ENE of Akhiok, Alaska",earthquake,3.5,4.3002,0.2,73,reviewed,ak,ak
2026-07-28T14:56:52.606Z,62.187,-149.531,68.8,1.6,ml,24,62,0.4,0.4,ak,aka2026ovilwd,2026-07-29T18:55:05.882Z,"16 km E of Susitna North, Alaska",earthquake,4.1,4.2615,0.1,18,reviewed,ak,ak
2026-07-28T14:51:48.884Z,-60.2135,-62.2684,10,4.9,mb,34,122,4.652,1.07,us,us6000tggd,2026-07-29T15:47:45.040Z,"Drake Passage",earthquake,9.15,1.86,0.095,35,reviewed,us,us
2026-07-28T14:44:40.630Z,38.8355,-122.81483333333,2.15,-0.35,md,12,64,0.01265,0.02,nc,nc75407277,2026-07-28T17:30:09.546Z,"8 km W of Cobb, CA",earthquake,0.26,0.4,0.084,10,reviewed,nc,nc
2026-07-28T14:35:07.300Z,38.794498443604,-122.75450134277,0.64999997615814,0.7,md,7,103,0.007349,0.01,nc,nc75407267,2026-07-28T14:36:42.550Z,"2 km N of The Geysers, CA",earthquake,0.4,0.639999986,0.46,8,automatic,nc,nc
2026-07-28T14:33:39.429Z,36.2405,-95.82016667,0,1.53,ml,93,111,0.3302351966,0.58,ok,ok2026ordl,2026-07-29T13:07:37.504Z,"4 km SE of Owasso, Oklahoma",quarry blast,,0.4,0.18,41,reviewed,ok,ok
2026-07-28T14:23:35.731Z,51.8697,176.2515,10,3.2,ml,16,200,1.402,0.3,us,us6000tgez,2026-07-28T19:12:15.040Z,"235 km ESE of Attu Station, Alaska",earthquake,5.12,2,0.085,18,reviewed,us,us
2026-07-28T14:14:56.694Z,58.026,-154.49,85.1,1.7,ml,25,75,0.3,0.4,ak,aka2026ovhbmp,2026-07-29T18:52:09.488Z,"50 km N of Karluk, Alaska",earthquake,5.2,3.2614,0.3,14,reviewed,ak,ak
2026-07-28T14:01:56.049Z,32.5899,130.4935,2.283,4.8,mb,116,69,1.078,0.65,us,us6000tgd4,2026-07-29T16:16:19.040Z,"13 km NW of Honmachi, Japan",earthquake,6.06,4.22,0.054,105,reviewed,us,us
2026-07-28T13:57:19.983Z,51.402,-178.39,2.2,2,ml,13,201,0.3,0.6,ak,aka2026ovgmgi,2026-07-29T18:49:35.539Z,"132 km WSW of Adak, Alaska",earthquake,6.7,4.7869,0.2,9,reviewed,ak,ak
2026-07-28T13:56:57.320Z,60.036166666667,-153.07416666667,-1.14,-0.87,ml,6,93,0.02191,0.04,av,av94340703,2026-07-29T05:39:08.970Z,"64 km ENE of Pedro Bay, Alaska",earthquake,0.17,1.7,0.26008858174473,6,reviewed,av,av
2026-07-28T13:53:39.610Z,38.4975,-112.9005,4.45,0.47,md,10,89,0.01161,0.04,uu,uu80146581,2026-07-28T14:17:45.310Z,"14 km NE of Milford, Utah",earthquake,0.33,0.5,0.41000679707486,5,reviewed,uu,uu
2026-07-28T13:51:22.420Z,19.135166168213,-155.52217102051,32.319999694824,1.7,md,18,160,0.1147,0.270000011,hv,hv75009262,2026-07-28T13:54:55.960Z,"8 km SSW of Pāhala, Hawaii",earthquake,1.06,1.86000001,0.095871273510763,15,automatic,hv,hv
2026-07-28T13:42:17.919Z,18.8891,-81.1356,10,4.5,mb,139,36,3.479,0.66,us,us6000tgd1,2026-07-29T05:40:03.273Z,"44 km SSE of Bodden Town, Cayman Islands",earthquake,6.46,1.827,0.044,148,reviewed,us,us
2026-07-28T13:40:48.900Z,38.745166778565,-122.6995010376,0.97000002861023,1.03,md,7,142,0.02298,0.04,nc,nc75407252,2026-07-28T13:42:23.312Z,"3 km S of Anderson Springs, CA",earthquake,0.3,0.680000007,0.22,6,automatic,nc,nc
2026-07-28T13:35:25.246Z,59.82,-153.286,138.4,1.6,ml,28,132,0.1,0.4,ak,aka2026ovftfw,2026-07-29T18:47:38.729Z,"46 km E of Pedro Bay, Alaska",earthquake,6.5,3.5087,0.3,19,reviewed,ak,ak
2026-07-28T13:24:33.262Z,-9.7052,-79.8217,13.804,5.3,mww,165,83,3.703,0.74,us,us6000tgcx,2026-07-29T16:06:34.040Z,"151 km WSW of Puerto Santa, Peru",earthquake,7.31,3.41,0.069,20,reviewed,us,us
2026-07-28T13:21:33.550Z,36.795501708984,-121.51750183106,3.7799999713898,2.31,md,50,33,0.02561,0.18,nc,nc75407247,2026-07-28T13:42:23.515Z,"6 km SSE of San Juan Bautista, CA",earthquake,0.26,0.439999998,0.15,44,automatic,nc,nc
2026-07-28T13:19:42.292Z,57.356,-154.644,47.1,2.1,ml,26,83,0.2,0.5,ak,aka2026ovffps,2026-07-29T18:44:37.033Z,"26 km SSW of Karluk, Alaska",earthquake,4.6,5.3855,0.2,19,reviewed,ak,ak
2026-07-28T13:10:23.351Z,31.654,-104.226,6.9843,2.1,ml,44,65,0,0.2,tx,tx2026osvfbi,2026-07-28T15:21:41.968Z,"55 km NW of Toyah, Texas",earthquake,0.67242205891419,0.80145884933628,0.1,29,reviewed,tx,tx
2026-07-28T13:05:17.080Z,46.236333333333,-122.14116666667,6.87,0.16,md,4,217,0.007867,0.02,uw,uw714063741,2026-07-28T17:54:12.890Z,"37 km SSE of Morton, Washington",earthquake,0.5,0.57,,1,reviewed,uw,uw
2026-07-28T13:04:36.630Z,32.880833333333,-116.24866666667,8.67,0.66,ml,21,88,0.1554,0.11,ci,ci40662514,2026-07-28T13:27:35.499Z,"27 km ENE of Pine Valley, CA",earthquake,0.18,0.9,0.058302153680496,8,reviewed,ci,ci
2026-07-28T13:01:52.200Z,33.994666666667,-116.98816666667,14.28,1.32,ml,60,36,0.1078,0.13,ci,ci40662506,2026-07-28T13:28:39.400Z,"6 km E of Calimesa, CA",earthquake,0.11,0.25,0.19213551720895,28,reviewed,ci,ci
2026-07-28T12:54:27.690Z,51.275,-174.165,5,2.5,ml,13,283,0.9,0.7,ak,aka2026ovejth,2026-07-29T18:33:56.340Z,"102 km S of Atka, Alaska",earthquake,8.6,0,0.1,11,reviewed,ak,ak
2026-07-28T12:43:57.643Z,60.554,-140.086,9.7,1.8,ml,15,90,0.5,0.6,ak,aka2026oveapr,2026-07-29T18:27:41.629Z,"113 km N of Yakutat, Alaska",earthquake,5.7,3.1931,0.2,17,reviewed,ak,ak
2026-07-28T12:38:53.433Z,61.138,-151.837,89.9,1.4,ml,24,50,0.1,0.8,ak,aka2026ovdwfv,2026-07-29T18:25:08.270Z,"38 km WNW of Tyonek, Alaska",earthquake,5.4,3.4535,0.2,15,reviewed,ak,ak
2026-07-28T12:38:12.540Z,44.828166666667,-111.166,5.51,-0.06,ml,6,127,0.02575,0.06,mb,mb90203638,2026-07-29T20:32:40.980Z,"6 km NNE of Hebgen Lake Estates, Montana",earthquake,0.45,0.79,0.1925584277722,6,reviewed,mb,mb
2026-07-28T12:34:00.850Z,57.9605,-155.95,7.31,0.57,ml,17,139,0.2201,0.14,av,av94340558,2026-07-29T05:27:07.320Z,"88 km ESE of Egegik, Alaska",earthquake,0.47,0.67,0.19731490358801,18,reviewed,av,av
2026-07-28T12:33:58.135Z,63.196,-144.98,3.2,2.1,ml,40,45,0.3,0.9,ak,aka2026ovdryp,2026-07-29T18:21:25.836Z,"34 km ENE of Paxson, Alaska",earthquake,2.6,1.7579,0.1,30,reviewed,ak,ak
2026-07-28T12:33:05.437Z,55.969,-160.705,152.3,2.5,ml,30,158,0.7,0.5,ak,aka2026ovdqxz,2026-07-29T18:19:46.588Z,"31 km E of Nelson Lagoon, Alaska",earthquake,24.6,3.7222,0.5,21,reviewed,ak,ak
2026-07-28T12:26:18.600Z,32.6443,130.7799,10,4.7,mb,66,99,1.165,0.63,us,us6000tgcq,2026-07-28T13:57:42.040Z,"8 km SSW of Mifune, Japan",earthquake,4.97,1.861,0.084,43,reviewed,us,us
2026-07-28T12:22:38.773Z,51.6635,-173.7523,9.018,2.7,ml,22,205,0.605,0.6,us,us6000tgir,2026-07-29T10:05:54.040Z,"66 km SSE of Atka, Alaska",earthquake,2.93,9.903,0.097,14,reviewed,us,us
2026-07-28T12:21:50.321Z,31.675,-101.754,4.3457,0.1,ml,10,89,0,0.1,tx,tx2026ostpuu,2026-07-28T15:46:44.451Z,"33 km SW of Garden City, Texas",earthquake,0.81364535228744,0.72405150869295,0.2,7,reviewed,tx,tx
2026-07-28T12:07:36.414Z,51.562,-173.256,9.7,3.1,ml,24,216,0.9,0.6,ak,aka2026ovcvct,2026-07-29T18:15:22.577Z,"95 km SE of Atka, Alaska",earthquake,15.4,6.0207,0.1,18,reviewed,ak,ak
2026-07-28T12:05:08.680Z,19.18466758728,-155.35983276367,27.120000839233,1.91,md,35,182,0.06348,0.159999996,hv,hv75009232,2026-07-28T12:08:45.080Z,"12 km E of Pāhala, Hawaii",earthquake,0.51,0.639999986,0.10098676781468,12,automatic,hv,hv
2026-07-28T11:59:55.360Z,38.836498260498,-122.79499816894,2,0.7,md,11,74,0.004105,0.02,nc,nc75407222,2026-07-28T12:01:33.578Z,"6 km WNW of Cobb, CA",earthquake,0.37,0.75999999,0.31,11,automatic,nc,nc
2026-07-28T11:59:21.391Z,51.546,-173.302,8.4,2.7,ml,14,306,0.9,0.6,ak,aka2026ovcnzb,2026-07-29T18:13:47.699Z,"95 km SE of Atka, Alaska",earthquake,34.8,12.6687,0.1,12,reviewed,ak,ak
2026-07-28T11:46:41.267Z,57.083,-156.75,5,2.2,ml,25,123,0.6,0.6,ak,aka2026ovcczq,2026-07-29T18:09:47.278Z,"61 km SE of Ugashik, Alaska",earthquake,5.9,0,0.2,18,reviewed,ak,ak
2026-07-28T11:38:38.122Z,62.96,-150.477,99.3,1.6,ml,20,65,0.5,0.8,ak,aka2026ovbvzj,2026-07-29T18:07:43.212Z,"53 km NNE of Petersville, Alaska",earthquake,4.1,4.0701,0.1,16,reviewed,ak,ak
2026-07-28T11:24:34.266Z,31.63,-104.188,1.9086,1.7,ml,43,64,0.1,0.2,tx,tx2026osrscr,2026-07-29T10:02:48.722Z,"51 km NW of Toyah, Texas",earthquake,0.56724867528647,0.69661569544062,0.1,20,reviewed,tx,tx
2026-07-28T11:16:59.738Z,31.96,-103.884,7.702,1.2,ml,23,64,0.1,0.1,tx,tx2026osrmji,2026-07-29T15:12:07.371Z,"34 km SSE of Malaga, New Mexico",earthquake,0.47974662412715,0.66282615464161,0.1,19,reviewed,tx,tx
2026-07-28T11:15:16.121Z,60.239,-151.946,81.7,2.2,ml,55,34,0.5,0.6,ak,aka2026ovbbsw,2026-07-29T18:07:28.709Z,"26 km NW of Ninilchik, Alaska",earthquake,2.8,2.1567,0.2,39,reviewed,ak,ak
2026-07-28T11:03:30.186Z,53.471,-163.128,20.3,2.8,ml,36,230,1.2,0.6,ak,aka2026ovarnt,2026-07-29T18:04:47.913Z,"155 km S of False Pass, Alaska",earthquake,8.5,9.8609,0.1,26,reviewed,ak,ak
2026-07-28T10:57:08.280Z,51.4873,-178.1457,13.382,2.6,ml,31,194,0.309,0.37,us,us6000tgkw,2026-07-29T10:00:35.040Z,"113 km WSW of Adak, Alaska",earthquake,2.13,1.081,0.081,20,reviewed,us,us
2026-07-28T10:55:15.510Z,46.844333333333,-121.76583333333,0.51,0.65,ml,22,51,0.01972,0.06,uw,uw714063691,2026-07-28T17:33:43.270Z,"22 km ENE of Ashford, Washington",earthquake,0.15,0.41,0.28665512996961,6,reviewed,uw,uw
2026-07-28T10:55:08.698Z,51.6057,-173.8596,10,3.1,ml,26,210,0.632,0.78,us,us6000tgle,2026-07-29T09:52:45.040Z,"69 km SSE of Atka, Alaska",earthquake,3.54,1.978,0.105,12,reviewed,us,us
2026-07-28T10:53:35.700Z,57.957666666667,-155.93766666667,9.2,0.32,ml,8,140,0.2155,0.15,av,av94340358,2026-07-29T05:04:06.720Z,"89 km ESE of Egegik, Alaska",earthquake,0.48,0.62,0.15792383068207,8,reviewed,av,av
2026-07-28T10:49:25.593Z,32.368,-102.175,7.7393,1.2,ml,44,75,0,0.2,tx,tx2026osqopw,2026-07-29T13:38:56.284Z,"34 km ENE of McKinney Acres, Texas",earthquake,0.3817529636482,0.42869057387335,0.2,18,reviewed,tx,tx
2026-07-28T10:48:29.290Z,52.101166666667,-176.251,13.8,0.93,ml,6,308,0.04596,0.28,av,av94340353,2026-07-29T19:08:19.650Z,"36 km NE of Adak, Alaska",earthquake,2.11,1.87,0.24470431745671,6,reviewed,av,av
2026-07-28T10:39:42.170Z,53.8635,-166.91483333333,2.91,0.1,ml,7,171,0.05755,0.18,av,av93065009,2026-07-29T05:19:36.840Z,"24 km W of Dutch Harbor, Alaska",earthquake,0.61,1.86,0.18347274517067,7,reviewed,av,av
2026-07-28T10:39:02.143Z,57.975,-155.966,8,1.8,ml,28,93,0.2,0.7,ak,aka2026ouzwhm,2026-07-29T06:29:17.490Z,"87 km ESE of Egegik, Alaska",earthquake,3.2,1.8352,0.2,21,reviewed,ak,ak
2026-07-28T10:37:28.644Z,51.103,-176.152,14.1,2.2,ml,15,277,0.8,0.2,ak,aka2026ouzuxt,2026-07-29T06:25:44.720Z,"92 km SSE of Adak, Alaska",earthquake,8.3,5.076,0.1,10,reviewed,ak,ak
2026-07-28T10:24:48.290Z,38.838165283203,-122.84033203125,2.0499999523163,0.94,md,13,91,0.003807,0.02,nc,nc75407212,2026-07-28T10:26:22.638Z,"10 km NW of The Geysers, CA",earthquake,0.29,0.50999999,0.36,14,automatic,nc,nc
2026-07-28T10:23:15.285Z,31.657,-104.227,6.5356,2,ml,44,64,0,0.2,tx,tx2026osprzq,2026-07-29T09:52:45.284Z,"56 km NW of Toyah, Texas",earthquake,0.63197429889407,0.53768697775508,0.1,33,reviewed,tx,tx
2026-07-28T10:21:05.990Z,33.453,-116.5495,10.85,0.99,ml,55,28,0.06058,0.19,ci,ci40662498,2026-07-28T13:24:28.290Z,"16 km SE of Anza, CA",earthquake,0.18,0.45,0.1112926085163,27,reviewed,ci,ci
2026-07-28T10:14:48.315Z,28.808,-98.96,6.9727,2,ml,37,79,0.2,0.4,tx,tx2026ospkwt,2026-07-29T10:27:15.359Z,"16 km SE of Pearsall, Texas",earthquake,1.4030297281637,0.69943623810464,0.2,20,reviewed,tx,tx
2026-07-28T10:14:44.452Z,58.669,-157.593,5.9,1.9,ml,22,97,0.4,0.5,ak,aka2026ouzbfw,2026-07-29T06:22:38.789Z,"27 km SSE of Portage Creek, Alaska",earthquake,3.6,2.3349,0.1,12,reviewed,ak,ak
2026-07-28T10:13:15.650Z,47.308166666667,-122.45033333333,18.08,0.78,ml,20,79,0.1142,0.14,uw,uw714063671,2026-07-28T17:26:22.750Z,"1 km NW of Browns Point, Washington",earthquake,0.33,1.01,0.11891999615026,2,reviewed,uw,uw
2026-07-28T10:12:38.547Z,55.96,-159.779,10.5,2.4,ml,22,164,0.2,0.7,ak,aka2026ouyzlj,2026-07-29T06:18:59.220Z,"19 km WNW of Ivanof Bay, Alaska",earthquake,8,2.9031,0.2,18,reviewed,ak,ak
2026-07-28T10:12:33.200Z,32.626,-115.5595,7.11,1.64,ml,33,62,0.07125,0.28,ci,ci40662490,2026-07-28T15:00:40.397Z,"6 km NNE of Progreso, B.C., MX",earthquake,0.32,0.78,0.19790773251384,24,reviewed,ci,ci
2026-07-28T10:09:38.222Z,32.43,130.675,10,4.4,mb,45,109,0.937,0.53,us,us6000tgc8,2026-07-28T10:53:41.040Z,"10 km SE of Honmachi, Japan",earthquake,5.49,1.897,0.097,31,reviewed,us,us
2026-07-28T10:07:52.353Z,52.0759,-171.2499,10,2.8,ml,20,209,1.117,0.75,us,us6000tglb,2026-07-29T09:48:28.040Z,"188 km WSW of Nikolski, Alaska",earthquake,3.81,2.009,0.105,12,reviewed,us,us
2026-07-28T10:07:05.160Z,38.817333221435,-122.4923324585,5.7600002288818,1.33,md,7,96,0.03686,0.05,nc,nc75407202,2026-07-28T10:47:25.366Z,"6 km E of Hidden Valley Lake, CA",earthquake,0.74,1.57000005,0.08,8,automatic,nc,nc
2026-07-28T10:05:04.807Z,31.701,-101.737,5.5176,0.6,ml,13,113,0,0.1,tx,tx2026ospbwy,2026-07-29T15:38:32.024Z,"30 km SW of Garden City, Texas",earthquake,0.61652262389947,0.81747196767667,0.1,7,reviewed,tx,tx
2026-07-28T10:03:13.200Z,32.5747,130.753,10,4.4,mb,35,110,1.092,0.51,us,us6000tgc6,2026-07-28T10:29:13.040Z,"10 km ESE of Uki, Japan",earthquake,3.82,1.922,0.149,13,reviewed,us,us
2026-07-28T09:54:32.436Z,60.272,-152.523,105.2,1.5,ml,34,39,0.2,0.5,ak,aka2026ouyjsy,2026-07-29T06:10:50.832Z,"53 km WNW of Ninilchik, Alaska",earthquake,3.7,2.4932,0.3,24,reviewed,ak,ak
2026-07-28T09:52:47.865Z,31.658,-104.224,6.9714,1.8,ml,43,64,0,0.2,tx,tx2026osorxk,2026-07-29T13:06:21.703Z,"55 km NW of Toyah, Texas",earthquake,0.66930354775139,0.73707349043182,0.2,31,reviewed,tx,tx
2026-07-28T09:52:01.259Z,35.32,99.3836,10,4.7,mb,101,49,3.569,0.6,us,us6000tgc3,2026-07-28T10:42:25.040Z,"198 km NW of Oula Xiuma, China",earthquake,8.29,1.821,0.051,120,reviewed,us,us
2026-07-28T09:48:18.230Z,38.829166412354,-122.80333709717,2.0199999809265,0.44,md,9,77,0.007804,0.01,nc,nc75407197,2026-07-28T09:49:52.574Z,"7 km W of Cobb, CA",earthquake,0.37,1.12,0.28,11,automatic,nc,nc
2026-07-28T09:44:24.870Z,51.789833333333,-178.8055,12.86,0.3,ml,4,215,0.02941,0.14,av,av94340238,2026-07-28T18:28:29.690Z,"149 km W of Adak, Alaska",earthquake,3.07,0.97,0.35017769402456,4,reviewed,av,av
2026-07-28T09:36:20.030Z,34.163333333333,-116.41633333333,9.08,1,ml,35,51,0.03447,0.14,ci,ci40662474,2026-07-28T13:24:15.219Z,"6 km NNE of Yucca Valley, CA",earthquake,0.16,0.33,0.14185146157185,22,reviewed,ci,ci
2026-07-28T09:35:08.320Z,40.457500457764,-124.62117004394,18.010000228882,2.5,md,23,277,0.2172,0.17,nc,nc75407192,2026-07-28T10:07:21.109Z,"32 km WNW of Petrolia, CA",earthquake,4.24,0.850000024,0.12,15,automatic,nc,nc
2026-07-28T09:35:01.892Z,51.9786,176.2465,6.274,3.9,mb,35,194,1.402,0.58,us,us6000tgl6,2026-07-29T09:27:28.040Z,"229 km ESE of Attu Station, Alaska",earthquake,6.84,7.518,0.172,9,reviewed,us,us
2026-07-28T09:26:50.400Z,37.947498321533,-122.31183624268,5.6399998664856,0.96,md,12,76,0.05211,0.07,nc,nc75407182,2026-07-28T09:28:28.496Z,"0 km NNE of East Richmond Heights, CA",earthquake,0.32,0.920000017,0.2,9,automatic,nc,nc
2026-07-28T09:23:19.695Z,64.777,-149.207,25.1,1.7,ml,20,61,0.2,0.5,ak,aka2026ouxiqo,2026-07-29T06:05:21.138Z,"19 km NNW of Four Mile Road, Alaska",earthquake,3,2.1171,0.2,14,reviewed,ak,ak
2026-07-28T09:21:24.953Z,-7.4435,108.2848,158.966,4.9,mb,98,35,0.63,0.68,us,us6000tgbx,2026-07-28T10:32:33.678Z,"10 km SE of Kawalu, Indonesia",earthquake,6.83,4.992,0.06,88,reviewed,us,us
2026-07-28T09:18:53.251Z,31.868,-103.494,6.0999,1.5,ml,8,67,0.1,0,tx,tx2026osnlrk,2026-07-29T15:18:19.219Z,"20 km NNE of Mentone, Texas",earthquake,0.50407486254839,1.5994394551191,0.3,6,reviewed,tx,tx
2026-07-28T09:16:06.217Z,58.977,-152.586,68,2,ml,37,102,0.4,0.7,ak,aka2026ouxcjx,2026-07-29T05:55:38.839Z,"56 km SW of Nanwalek, Alaska",earthquake,3.5,3.6219,0.1,27,reviewed,ak,ak
2026-07-28T09:16:03.900Z,35.306333333333,-117.7955,8.38,1.25,ml,29,92,0.05658,0.14,ci,ci40662466,2026-07-28T17:11:59.577Z,"16 km WSW of Johannesburg, CA",earthquake,0.21,0.51,0.11789965046542,23,reviewed,ci,ci
2026-07-28T09:15:56.691Z,13.9346,-93.1742,10,4.2,mb,69,228,3.296,0.56,us,us6000tgc0,2026-07-29T07:38:27.040Z,"118 km SW of Puerto Madero, Mexico",earthquake,12.02,1.989,0.063,71,reviewed,us,us
2026-07-28T09:13:23.850Z,55.452833333333,-161.87966666667,28.12,0.24,ml,9,135,0.06994,0.11,av,av93064999,2026-07-29T04:48:04.770Z,"51 km NNE of King Cove, Alaska",earthquake,0.74,0.64,0.21077293812439,9,reviewed,av,av
2026-07-28T09:05:02.140Z,58.251333333333,-154.91316666667,12.19,-0.05,ml,9,158,0.07927,0.07,av,av94340158,2026-07-29T04:29:03.700Z,"80 km NNW of Karluk, Alaska",earthquake,0.4,0.57,0.42633950241792,9,reviewed,av,av
2026-07-28T08:53:58.900Z,18.005833333333,-66.854666666667,12.75,2.05,md,6,143,0.03853,0.2,pr,pr71526163,2026-07-28T10:20:47.620Z,"2 km ESE of Palomas, Puerto Rico",earthquake,1.22,1.3,0.082328064727041,4,reviewed,pr,pr
2026-07-28T08:51:02.214Z,32.442,-101.671,5.542,0.7,ml,18,86,0.1,0.1,tx,tx2026osmqqn,2026-07-29T15:32:37.387Z,"10 km SSE of Ackerly, Texas",earthquake,0.7714953850531,1.0609974853125,0.1,13,reviewed,tx,tx
2026-07-28T08:50:21.067Z,32.357,-101.658,7.7881,0.6,ml,11,76,0,0.1,tx,tx2026osmqce,2026-07-29T15:48:27.721Z,"19 km SSE of Ackerly, Texas",earthquake,0.81364316525094,1.0422051235295,0.2,6,reviewed,tx,tx
2026-07-28T08:40:21.130Z,42.377,-111.40333333333,10.19,1.5,md,7,134,0.3835,0.13,uu,uu80007768,2026-07-28T14:30:43.590Z,"6 km WSW of Bennington, Idaho",earthquake,0.53,4.27,0.2462694859765,5,reviewed,uu,uu
2026-07-28T08:32:03.991Z,59.131,-152.795,74.7,1.8,ml,18,95,0.5,0.4,ak,aka2026ouvqeb,2026-07-29T05:53:04.628Z,"55 km WSW of Nanwalek, Alaska",earthquake,4.6,4.7308,0.3,8,reviewed,ak,ak
2026-07-28T08:18:54.076Z,32.3585,130.5429,10,4.9,mb,57,106,0.85,0.71,us,us6000tgbn,2026-07-28T08:36:09.040Z,"14 km NNE of Tsunagi, Japan",earthquake,6.1,1.872,0.062,82,reviewed,us,us
2026-07-28T08:08:35.421Z,32.3529,130.5868,10,5.6,mww,71,82,0.849,1.37,us,us6000tgbm,2026-07-30T00:06:26.447Z,"16 km NE of Tsunagi, Japan",earthquake,5.12,1.85,0.058,29,reviewed,us,us
2026-07-28T08:06:17.673Z,31.575,-103.907,7.8943,1.5,ml,46,33,0.1,0.2,tx,tx2026osldzp,2026-07-29T13:26:55.386Z,"30 km NNW of Toyah, Texas",earthquake,0.47239501415333,0.5242183242651,0.2,23,reviewed,tx,tx
2026-07-28T08:04:10.636Z,35.4249,99.493,10,5.1,mb,63,57,3.461,1.35,us,us6000tgbk,2026-07-28T08:31:25.040Z,"198 km NW of Oula Xiuma, China",earthquake,8.24,1.475,0.05,128,reviewed,us,us
2026-07-28T08:01:28.310Z,33.532166666667,-116.715,5.93,1.09,ml,56,19,0.03801,0.21,ci,ci40662458,2026-07-28T13:25:34.710Z,"5 km WSW of Anza, CA",earthquake,0.16,0.41,0.19217442153545,28,reviewed,ci,ci
2026-07-28T07:55:11.090Z,40.7345,-112.047,6.1,0.7,md,10,88,0.01133,0.08,uu,uu80146571,2026-07-28T13:33:43.380Z,"5 km ENE of Magna, Utah",earthquake,0.38,1.05,0.47089450812285,6,reviewed,uu,uu
2026-07-28T07:54:13.923Z,58.748,-153.58,9.9,2,ml,27,79,0.2,0.5,ak,aka2026ouujhv,2026-07-29T05:50:34.081Z,"86 km NNW of Aleneva, Alaska",earthquake,3,2.0749,0.1,10,reviewed,ak,ak
2026-07-28T07:53:19.180Z,19.436166666667,-155.614,39.6,2.08,ml,26,75,0.03564,0.15,hv,hv75009147,2026-07-31T19:17:42.910Z,"26 km E of Honaunau-Napoopoo, Hawaii",earthquake,0.53,0.64,0.21621852515751,17,reviewed,hv,hv
2026-07-28T07:51:51.210Z,45.722166666667,-112.12416666667,5.38,1.23,ml,14,101,0.1077,0.11,mb,mb90203633,2026-07-29T20:28:40.650Z,"16 km S of Whitehall, Montana",earthquake,0.37,1.82,0.15943535233485,8,reviewed,mb,mb
2026-07-28T07:41:48.128Z,61.486,-146.216,27.8,1.8,ml,27,69,0.1,0.8,ak,aka2026outypy,2026-07-29T05:47:58.616Z,"40 km N of Valdez, Alaska",earthquake,3.2,1.8549,0.2,15,reviewed,ak,ak
2026-07-28T07:35:07.270Z,19.229833602905,-155.11099243164,37.680000305176,1.8,md,18,231,0.1189,0.129999995,hv,hv75009137,2026-07-28T07:38:36.540Z,"26 km S of Fern Forest, Hawaii",earthquake,1.57,1.33000004,0.13421411651803,14,automatic,hv,hv
2026-07-28T07:31:27.800Z,57.005,-156.104,7.9,1.7,ml,15,205,0.6,0.6,ak,aka2026outprf,2026-07-29T05:44:54.101Z,"96 km SE of Ugashik, Alaska",earthquake,7.1,3.5636,0.1,9,reviewed,ak,ak
2026-07-28T07:27:15.512Z,32.6817,130.7217,10,6.8,mww,102,39,1.191,1.38,us,us6000tgb9,2026-08-01T08:23:39.301Z,"2026 Uto, Japan Earthquake ",earthquake,5.42,1.822,0.046,45,reviewed,us,us
2026-07-28T07:23:44.630Z,46.282833333333,-122.414,18.05,0.87,ml,22,89,0.05523,0.13,uw,uw714063651,2026-07-28T17:17:09.770Z,"27 km SSE of Mossyrock, Washington",earthquake,0.3,0.43,0.14385310811673,2,reviewed,uw,uw
2026-07-28T07:14:56.445Z,54.391,-162.798,50.5,2.4,ml,20,227,0.6,0.6,ak,aka2026outbih,2026-07-29T05:43:31.498Z,"65 km SE of False Pass, Alaska",earthquake,17.8,12.6575,0.1,13,reviewed,ak,ak
2026-07-28T07:13:13.726Z,61.806,-150.265,22.1,1.9,ml,40,52,0.6,0.9,ak,aka2026ouszvq,2026-07-29T05:42:31.481Z,"13 km WNW of Willow, Alaska",earthquake,2.2,2.2136,0.2,30,reviewed,ak,ak
2026-07-28T07:04:23.500Z,32.873666666667,-116.25316666667,8.79,0.95,ml,41,53,0.09109,0.2,ci,ci40662450,2026-07-28T13:24:47.770Z,"26 km ENE of Pine Valley, CA",earthquake,0.2,0.62,0.14564563977959,22,reviewed,ci,ci
2026-07-28T07:03:07.830Z,33.185833333333,-115.61133333333,3.86,1.1,ml,23,55,0.009089,0.18,ci,ci40662442,2026-07-28T17:16:28.330Z,"10 km SW of Niland, CA",earthquake,0.3,0.17,0.19374536675724,18,reviewed,ci,ci
2026-07-28T06:58:11.398Z,59.922,-153.169,140,1.8,ml,41,68,0.1,0.6,ak,aka2026ousmve,2026-07-29T05:40:35.298Z,"54 km ENE of Pedro Bay, Alaska",earthquake,4,2.2198,0.3,30,reviewed,ak,ak
2026-07-28T06:57:07.301Z,37.0744,71.6147,132.057,4.5,mb,76,68,1.416,0.75,us,us6000tgb4,2026-07-28T07:14:33.040Z,"38 km N of Ishqoshim, Tajikistan",earthquake,6.9,7.01,0.06,82,reviewed,us,us
2026-07-28T06:56:57.930Z,33.452666666667,-116.5495,10.56,0.9,ml,50,24,0.06081,0.2,ci,ci40662426,2026-07-28T13:25:04.060Z,"16 km SE of Anza, CA",earthquake,0.17,0.32,0.13223587880266,25,reviewed,ci,ci
2026-07-28T06:51:09.816Z,32.072,-101.148,5.3467,1.4,ml,18,68,0.2,0.2,tx,tx2026osiqdi,2026-07-29T14:08:19.200Z,"21 km ESE of Forsan, Texas",earthquake,0.88955893979245,1.9612377490258,0.2,7,reviewed,tx,tx
2026-07-28T06:46:38.470Z,18.2543,-68.8623,102,3.75,md,10,220,0.5465,0.55,pr,pr2026209000,2026-07-28T12:06:09.040Z,"22 km SSE of La Romana, Dominican Republic",earthquake,5.07,2.95,0.06,5,reviewed,pr,pr
2026-07-28T06:44:20.060Z,38.849166870117,-122.87033081055,8.5200004577637,0.36,md,7,142,0.009254,0.03,nc,nc75407167,2026-07-28T06:45:58.032Z,"13 km NW of The Geysers, CA",earthquake,1.87,1.91999996,0.27,6,automatic,nc,nc
2026-07-28T06:39:04.240Z,38.798500061035,-122.7311630249,0.62000000476837,1.09,md,16,105,0.01585,0.05,nc,nc75407162,2026-07-28T06:40:43.414Z,"3 km SSW of Cobb, CA",earthquake,0.26,0.560000002,0.07,14,automatic,nc,nc
2026-07-28T06:26:04.988Z,56.759,-157.597,88.8,2.2,ml,36,162,0.3,0.7,ak,aka2026ourkzi,2026-07-29T05:32:08.271Z,"71 km NE of Chignik, Alaska",earthquake,10.2,3.3515,0.2,27,reviewed,ak,ak
2026-07-28T06:07:50.260Z,38.789833068848,-122.7679977417,1.5499999523163,0.89,md,9,93,0.01592,0.01,nc,nc75407157,2026-07-28T06:09:27.899Z,"2 km NW of The Geysers, CA",earthquake,0.45,0.819999993,0.22,9,automatic,nc,nc
2026-07-28T06:05:52.213Z,-20.3865,-70.0661,71.76,3.2,ml,8,161,0.13,1.14,us,us6000tgcw,2026-07-28T13:55:29.756Z,"13 km SSE of La Tirana, Chile",earthquake,4.42,4.282,0.097,14,reviewed,us,us
2026-07-28T05:54:23.521Z,61.998,-144.062,0.5,2,ml,35,60,0.1,0.7,ak,aka2026ouqjmn,2026-07-29T00:42:35.917Z,"56 km ENE of Kenny Lake, Alaska",earthquake,2.6,2.4584,0.1,26,reviewed,ak,ak
2026-07-28T05:50:46.544Z,51.074,-178.016,19.2,2.6,ml,26,227,0.7,0.5,ak,aka2026ouqggl,2026-07-29T00:40:28.323Z,"130 km SW of Adak, Alaska",earthquake,5.4,3.7626,0.1,19,reviewed,ak,ak
2026-07-28T05:47:28.120Z,40.237167358398,-124.13116455078,14.300000190735,1.63,md,8,73,0.0592,0.08,nc,nc75407152,2026-07-28T06:52:22.757Z,"16 km SE of Petrolia, CA",earthquake,0.67,1.41999996,0.11,7,automatic,nc,nc
2026-07-28T05:38:44.298Z,-34.7576,-71.6161,53.496,4.8,mb,54,123,0.688,0.64,us,us6000tgav,2026-07-28T14:34:20.484Z,"26 km WSW of Santa Cruz, Chile",earthquake,4.03,6.783,0.089,39,reviewed,us,us
2026-07-28T05:36:48.270Z,33.312666666667,-116.85966666667,13.59,0.45,ml,22,72,0.04091,0.1,ci,ci40662418,2026-07-28T13:27:52.385Z,"5 km S of Palomar Observatory, CA",earthquake,0.17,0.4,0.25670531006741,6,reviewed,ci,ci
2026-07-28T05:36:39.419Z,64.7107,-17.7103,10,5.4,mww,89,77,1.553,0.76,us,us6000tgaw,2026-07-31T11:09:07.543Z,"109 km S of Akureyri, Iceland",earthquake,7.23,1.859,0.047,43,reviewed,us,us
2026-07-28T05:35:18.079Z,14.296,-92.6223,35,5.9,mww,105,86,2.785,0.93,us,us6000tgau,2026-07-30T07:05:37.517Z,"50 km WSW of Brisas Barra de Suchiate, Mexico",earthquake,7.93,1.887,0.037,70,reviewed,us,us
2026-07-28T05:34:18.743Z,32.107,-102.207,7.2998,0.7,ml,25,81,0,0.2,tx,tx2026osgdep,2026-07-28T13:11:31.718Z,"17 km NW of Midland, Texas",earthquake,0.73453309263116,0.8576353149455,0.1,6,reviewed,tx,tx
2026-07-28T05:32:59.162Z,32.103,-102.209,7.2998,2.1,ml,53,75,0,0.1,tx,tx2026osfzoc,2026-07-28T08:01:52.880Z,"17 km NW of Midland, Texas",earthquake,0.32147033537023,0.78925073728311,0.1,20,reviewed,tx,tx
2026-07-28T05:27:06.490Z,39.416000366211,-123.29316711426,0.54000002145767,1.81,md,14,137,0.06305,0.07,nc,nc75407137,2026-07-28T06:07:23.440Z,"5 km E of Willits, CA",earthquake,0.27,1.62,0.08,11,automatic,nc,nc
2026-07-28T05:12:17.870Z,60.053166666667,-153.07516666667,0.76,-0.48,ml,6,132,0.007162,0.22,av,av94339758,2026-07-28T20:54:42.680Z,"64 km ENE of Pedro Bay, Alaska",earthquake,0.77,0.8,0.23496545439689,5,reviewed,av,av
2026-07-28T05:12:16.430Z,36.7615,-89.53,4.54,1.89,md,24,102,0.04548,0.1,nm,nm60625821,2026-07-29T14:17:55.490Z,"5 km E of Matthews, Missouri",earthquake,0.19,0.26,0.11627363887212,16,reviewed,nm,nm
2026-07-28T05:09:45.383Z,54.463,-160.434,6,2.5,ml,12,259,1.1,0.7,ak,aka2026ouowvq,2026-07-29T00:38:28.053Z,"97 km S of Sand Point, Alaska",earthquake,9.1,3.525,0.2,8,reviewed,ak,ak
2026-07-28T05:04:38.530Z,38.823833465576,-122.80916595459,2.0499999523163,0.76,md,11,100,0.0008335,0.01,nc,nc75407132,2026-07-28T05:06:13.325Z,"7 km NW of The Geysers, CA",earthquake,0.36,0.589999974,0.26,12,automatic,nc,nc
2026-07-28T04:44:57.623Z,58.569,-152.743,59.5,2.1,ml,34,96,0.2,0.6,ak,aka2026ouobhv,2026-07-29T00:33:00.934Z,"57 km N of Aleneva, Alaska",earthquake,4.2,3.8105,0.1,25,reviewed,ak,ak
2026-07-28T04:42:18.739Z,56.064,165.0432,10,5.8,mww,132,41,5.196,1.36,us,us6000tgae,2026-07-29T04:49:31.444Z,"160 km E of Ust’-Kamchatsk Staryy, Russia",earthquake,4.73,1.787,0.042,54,reviewed,us,us
2026-07-28T04:39:55.956Z,28.826,-98.968,8.1754,1.6,ml,26,81,0.1,0.4,tx,tx2026oseigy,2026-07-28T12:11:58.926Z,"14 km ESE of Pearsall, Texas",earthquake,1.3032435042992,0.81680087018938,0.1,13,reviewed,tx,tx
2026-07-28T04:33:18.909Z,61.117,-141.235,7.5,1.9,ml,21,72,0.3,0.6,ak,aka2026ounret,2026-07-29T00:31:08.929Z,"97 km ESE of McCarthy, Alaska",earthquake,2.9,3.002,0.1,15,reviewed,ak,ak
2026-07-28T04:18:00.100Z,35.06666667,-97.83633333,7.78,0.78,ml,10,180,0.06658693337,0.14,ok,ok2026oqjd,2026-07-29T12:48:38.545Z,"9 km E of Chickasha, Oklahoma",earthquake,,1.9,0.39,4,reviewed,ok,ok
2026-07-28T04:17:29.863Z,51.969,176.243,19.6,2.8,ml,9,195,1.4,0.4,ak,aka2026oundto,2026-07-29T00:29:54.647Z,"229 km ESE of Attu Station, Alaska",earthquake,31.3,9.6519,0.1,6,reviewed,ak,ak
2026-07-28T04:13:23.754Z,51.418,-173.525,5,2.8,ml,17,298,0.9,0.7,ak,aka2026oumzyu,2026-07-29T00:26:06.899Z,"98 km SSE of Atka, Alaska",earthquake,9.9,0,0.2,13,reviewed,ak,ak
2026-07-28T04:10:28.773Z,32.368,-102.113,6.958,0.5,ml,25,53,0,0.1,tx,tx2026osdhvc,2026-07-28T12:05:03.304Z,"39 km E of McKinney Acres, Texas",earthquake,0.47791386867697,0.66424047764414,0.2,10,reviewed,tx,tx
2026-07-28T04:05:20.817Z,32.112,-102.156,6.3721,0.8,ml,31,71,0,0.2,tx,tx2026osdemt,2026-07-28T11:49:53.079Z,"14 km NNW of Midland, Texas",earthquake,0.81677578893741,1.9073555025009,0.2,10,reviewed,tx,tx
2026-07-28T04:02:54.987Z,51.503,-175.763,38.8,2.2,ml,14,228,0.5,0.5,ak,aka2026oumqvi,2026-07-29T00:24:46.052Z,"73 km SE of Adak, Alaska",earthquake,11.6,7.3203,0.2,10,reviewed,ak,ak
2026-07-28T03:58:33.460Z,38.489833333333,-112.89483333333,1.61,0.23,md,8,94,0.01075,0.03,uu,uu80146546,2026-07-28T13:05:05.410Z,"14 km NE of Milford, Utah",earthquake,0.31,0.44,0.86620310446419,3,reviewed,uu,uu
2026-07-28T03:43:29.510Z,33.040666666667,-116.434,7.83,0.57,ml,27,56,0.0367,0.12,ci,ci40662410,2026-07-28T13:27:56.415Z,"16 km ESE of Julian, CA",earthquake,0.19,0.48,0.13446307339098,8,reviewed,ci,ci
2026-07-28T03:39:55.740Z,53.8885,-166.66633333333,3.57,-0.12,ml,6,218,0.01271,0.19,av,av94339523,2026-07-28T20:34:10.390Z,"8 km W of Dutch Harbor, Alaska",earthquake,0.85,0.62,0.31469970513646,6,reviewed,av,av
2026-07-28T03:37:31.210Z,60.036,-153.0575,6.3,-0.94,ml,6,85,0.02164,0.27,av,av94339508,2026-07-28T20:30:10.160Z,"64 km ENE of Pedro Bay, Alaska",earthquake,1.03,1.55,0.18991773954768,6,reviewed,av,av
2026-07-28T03:37:12.777Z,60.124,-153.224,151.7,1.7,ml,39,116,0.1,0.6,ak,aka2026oulukr,2026-07-29T00:23:13.855Z,"61 km E of Port Alsworth, Alaska",earthquake,5.5,3.1294,0.4,25,reviewed,ak,ak
2026-07-28T03:34:05.779Z,35.3866,99.5513,10,5.8,mww,107,33,3.422,0.67,us,us6000tga9,2026-07-29T03:42:43.213Z,"191 km NW of Oula Xiuma, China",earthquake,8.15,1.85,0.073,18,reviewed,us,us
2026-07-28T03:29:50.150Z,48.561,-122.62316666667,16.73,1.15,ml,17,81,0.01507,0.1,uw,uw714063611,2026-07-28T05:13:40.580Z,"5 km N of Anacortes, Washington",earthquake,0.26,0.4,0.059350618950687,9,reviewed,uw,uw
2026-07-28T03:22:27.000Z,58.342333333333,-154.71916666667,4.72,-0.35,ml,9,183,0.05948,0.15,av,av93064964,2026-07-28T20:41:41.850Z,"87 km N of Karluk, Alaska",earthquake,0.44,0.7,0.18875465578088,9,reviewed,av,av
2026-07-28T03:18:24.930Z,52.044,176.357,5,3.2,ml,10,188,1.3,0.4,ak,aka2026oulegb,2026-07-29T00:20:38.338Z,"233 km ESE of Attu Station, Alaska",earthquake,26.4,0,0.1,7,reviewed,ak,ak
2026-07-28T03:16:08.857Z,35.3685,99.5198,10,5.7,mww,136,47,3.45,0.76,us,us6000tga6,2026-07-29T03:24:38.808Z,"192 km NW of Oula Xiuma, China",earthquake,8.41,1.814,0.06,27,reviewed,us,us
2026-07-28T03:05:25.732Z,31.669,-104.362,6.0999,1.7,ml,33,69,0.1,0.2,tx,tx2026osbeoj,2026-07-28T08:56:26.508Z,"56 km S of Whites City, New Mexico",earthquake,0.79089498369072,0.66625835717052,0.2,24,reviewed,tx,tx
2026-07-28T03:04:30.580Z,44.822833333333,-111.6985,12.06,0.35,ml,7,188,0.09925,0.35,mb,mb90203618,2026-07-29T20:16:39.780Z,"40 km W of Hebgen Lake Estates, Montana",earthquake,1.61,2.64,0.20485092717588,4,reviewed,mb,mb
2026-07-28T03:03:39.129Z,31.669,-104.362,6.0999,1.9,ml,38,69,0.1,0.2,tx,tx2026osbdim,2026-07-28T08:38:54.415Z,"56 km S of Whites City, New Mexico",earthquake,0.70720804585373,0.63548001009814,0.2,27,reviewed,tx,tx
2026-07-28T03:03:23.930Z,60.4955,-152.77066666667,0.74,-0.84,ml,7,78,0.03716,0.05,av,av94339433,2026-07-28T20:23:08.660Z,"78 km NW of Ninilchik, Alaska",earthquake,0.35,0.45,0.19808217587008,7,reviewed,av,av
2026-07-28T03:02:36.640Z,18.353666666667,-67.986333333333,77.62,3.3,md,12,182,0.4074,0.2,pr,pr71526143,2026-07-28T10:26:53.380Z,"50 km ESE of Punta Cana, Dominican Republic",earthquake,1.72,1.35,0.0077961061645997,7,reviewed,pr,pr
2026-07-28T02:55:15.435Z,31.672,-104.363,6.4203,3.3,ml,59,66,0.1,0.2,tx,tx2026osawci,2026-07-29T14:38:10.143Z,"55 km S of Whites City, New Mexico",earthquake,0.37943034752279,0.49627727244038,0.1,30,reviewed,tx,tx
2026-07-28T02:54:19.814Z,31.671,-104.363,6.0999,2.3,ml,33,69,0.1,0.2,tx,tx2026osauok,2026-07-28T07:39:54.976Z,"55 km S of Whites City, New Mexico",earthquake,0.83191454607612,0.68418903977251,0.2,25,reviewed,tx,tx
2026-07-28T02:52:51.693Z,31.67,-104.362,6.5228,2.9,ml,51,66,0.1,0.2,tx,tx2026osatzv,2026-07-29T14:42:23.905Z,"56 km S of Whites City, New Mexico",earthquake,0.46720479852278,0.62235957172924,0.2,28,reviewed,tx,tx
2026-07-28T02:48:18.280Z,19.143667221069,-155.49617004394,28.110000610352,1.76,md,19,214,0.03425,0.159999996,hv,hv75009062,2026-07-28T02:51:52.410Z,"6 km SSW of Pāhala, Hawaii",earthquake,1.1,1.44000006,0.12976768349572,13,automatic,hv,hv
2026-07-28T02:38:00.930Z,35.965667724609,-120.52200317383,5.5599999427795,0.44,md,12,85,0.02299,0.07,nc,nc75407112,2026-07-28T02:39:38.230Z,"11 km NW of Parkfield, CA",earthquake,0.52,1.02999997,0.36,2,automatic,nc,nc
2026-07-28T02:27:12.449Z,60.982,-147.51,22.4,1.4,ml,20,85,0.2,0.6,ak,aka2026oujlvs,2026-07-29T00:18:59.507Z,"46 km WNW of Tatitlek, Alaska",earthquake,4.8,3.2141,0.1,15,reviewed,ak,ak
2026-07-28T02:20:43.870Z,38.835834503174,-122.80633544922,1.9199999570847,1.04,md,19,59,0.01275,0.03,nc,nc75407107,2026-07-28T02:22:18.289Z,"7 km WNW of Cobb, CA",earthquake,0.23,0.439999998,0.14,20,automatic,nc,nc
2026-07-28T02:14:45.147Z,28.791,-98.991,6.6155,1.4,ml,13,83,0.1,0.4,tx,tx2026orznfd,2026-07-29T11:16:55.694Z,"15 km SE of Pearsall, Texas",earthquake,1.4198578390059,1.202522848121,0.2,6,reviewed,tx,tx
2026-07-28T02:06:33.472Z,28.811,-98.992,8.345,1.4,ml,19,81,0.1,0.4,tx,tx2026orzgdz,2026-07-28T13:50:26.838Z,"13 km SE of Pearsall, Texas",earthquake,1.4658979985254,1.2853323646583,0.2,9,reviewed,tx,tx
2026-07-28T01:37:42.798Z,-33.2379,-68.8772,36.491,4.6,mb,36,63,1.065,0.95,us,us6000tg9q,2026-07-28T17:22:50.402Z,"38 km S of Mendoza, Argentina",earthquake,5.62,6.398,0.071,59,reviewed,us,us
2026-07-28T01:27:51.735Z,-12.7784,-14.5098,10,5.3,mb,62,61,4.817,0.69,us,us6000tg9n,2026-07-28T01:40:38.040Z,"southern Mid-Atlantic Ridge",earthquake,7.87,1.875,0.079,54,reviewed,us,us
2026-07-28T01:25:08.539Z,59.285,-152.552,78.5,1.7,ml,21,103,0.4,0.5,ak,aka2026ouhkaq,2026-07-28T23:12:24.943Z,"36 km WSW of Nanwalek, Alaska",earthquake,4.7,3.5184,0.1,14,reviewed,ak,ak
2026-07-28T01:23:09.935Z,59.963,-141.237,1.5,1.9,ml,24,152,0.3,0.8,ak,aka2026ouhihp,2026-07-28T23:10:10.499Z,"96 km WNW of Yakutat, Alaska",earthquake,4.9,2.9875,0.1,18,reviewed,ak,ak
2026-07-28T01:20:52.047Z,51.19,178.244,5,3.7,ml,23,225,0.7,0.6,ak,aka2026ouhgio,2026-07-28T23:10:45.769Z,"Rat Islands, Aleutian Islands, Alaska",earthquake,4.7,0,0.1,19,reviewed,ak,ak
2026-07-28T01:20:21.960Z,35.460166931152,-120.24083709717,11.520000457764,2.28,md,35,61,0.121,0.1,nc,nc75407097,2026-07-28T03:07:22.210Z,"25 km SSE of Shandon, CA",earthquake,0.27,0.860000014,0.12,30,automatic,nc,nc
2026-07-28T01:20:19.500Z,35.077,-97.85466667,7.49,0.81,ml,16,107,0.04949028832,0.15,ok,ok2026oqdh,2026-07-29T12:34:27.467Z,"7 km ENE of Chickasha, Oklahoma",earthquake,,0.7,0.17,5,reviewed,ok,ok
2026-07-28T01:12:48.111Z,39.4238,-119.9366,7.7219,1.63,ml,35,34,0.093,0.1239,nn,nn00922430,2026-07-28T16:19:19.072Z,"7 km ENE of Floriston, California",earthquake,,0.8541,0.23,13,reviewed,nn,nn
2026-07-28T01:09:44.900Z,33.679666666667,-116.71033333333,16.59,0.72,ml,25,91,0.0323,0.12,ci,ci40662386,2026-07-31T15:38:14.426Z,"7 km S of Idyllwild, CA",earthquake,0.23,0.36,0.16193232985586,19,reviewed,ci,ci
2026-07-28T01:08:17.321Z,58.202,-155.237,0,0.6,ml,10,102,0,0.3,ak,aka2026ougvku,2026-07-28T23:02:41.441Z,"84 km NNW of Karluk, Alaska",earthquake,4.1,0,0.2,8,reviewed,ak,ak
2026-07-28T01:07:14.890Z,17.9685,-66.945333333333,11.4,1.75,md,6,188,0.06323,0.07,pr,pr71526138,2026-07-28T01:25:11.940Z,"3 km SW of Fuig, Puerto Rico",earthquake,0.46,0.65,0.30631602814062,5,reviewed,pr,pr
2026-07-28T00:53:37.820Z,58.443166666667,-154.34516666667,1.31,-0.12,ml,7,250,0.1174,0.18,av,av94339138,2026-07-28T19:47:36.580Z,"94 km WNW of Aleneva, Alaska",earthquake,1.1,1.89,0.12112470031804,7,reviewed,av,av
2026-07-28T00:39:08.628Z,51.491,-176.411,50.9,2.6,ml,14,220,0.4,0.9,ak,aka2026oufvrd,2026-07-28T22:57:02.176Z,"45 km SSE of Adak, Alaska",earthquake,25.9,11.9037,0.2,15,reviewed,ak,ak
2026-07-28T00:38:32.865Z,51.528,-173.747,3.5,2.7,ml,15,290,0.7,0.4,ak,aka2026oufvqk,2026-07-28T22:57:24.180Z,"80 km SSE of Atka, Alaska",earthquake,44.7,19.8572,0.2,8,reviewed,ak,ak
2026-07-28T00:37:00.550Z,58.159833333333,-155.38166666667,7.5,-0.61,ml,6,144,0.05793,0.26,av,av94339103,2026-07-28T19:44:36.340Z,"85 km NW of Karluk, Alaska",earthquake,0.76,1.77,0.30034663245984,6,reviewed,av,av
2026-07-28T00:30:53.800Z,55.909833333333,-159.79233333333,5.53,1.84,ml,7,320,0.2078,0.27,av,av94339088,2026-07-28T20:00:37.360Z,"19 km W of Ivanof Bay, Alaska",earthquake,1.78,2.81,0.35740098566809,7,reviewed,av,av
2026-07-28T00:23:28.400Z,60.024166666667,-153.06433333333,-2.96,-0.32,ml,7,90,0.02433,0.13,av,av94339078,2026-07-28T19:38:35.940Z,"63 km ENE of Pedro Bay, Alaska",earthquake,0.27,1.3,0.28889926549894,7,reviewed,av,av
2026-07-28T00:18:13.422Z,58.048,-154.195,74.5,1.7,ml,22,73,0.4,0.3,ak,aka2026oufdxy,2026-07-28T22:52:17.473Z,"55 km NNE of Karluk, Alaska",earthquake,4.8,4.1176,0.3,15,reviewed,ak,ak
2026-07-28T00:15:44.530Z,19.100999832153,-155.46350097656,30.299999237061,1.73,md,14,189,0.05414,0.159999996,hv,hv75008992,2026-07-28T00:19:23.810Z,"11 km S of Pāhala, Hawaii",earthquake,1.06,1.65999997,0.11626603104124,12,automatic,hv,hv
2026-07-28T00:13:11.360Z,61.337,-152.281,-1.02,-0.33,ml,11,133,0.08972,0.09,av,av94339038,2026-07-28T19:19:34.880Z,"67 km WNW of Beluga, Alaska",earthquake,0.25,4.95,0.20462800905005,10,reviewed,av,av
2026-07-27T23:51:14.130Z,38.672333333333,-111.41633333333,1.57,0.7,md,5,111,0.1076,0.13,uu,uu80146541,2026-07-28T13:25:48.150Z,"29 km NE of Fremont, Utah",earthquake,0.83,10.14,0.1719507091475,5,reviewed,uu,uu
2026-07-27T23:49:31.000Z,33.990333333333,-116.97466666667,9.67,2.47,ml,115,20,0.06894,0.17,ci,ci40662354,2026-07-28T06:01:42.789Z,"7 km N of Beaumont, CA",earthquake,0.1,0.27,0.18849734886836,23,reviewed,ci,ci
2026-07-27T23:41:11.970Z,61.305,-152.3275,2.26,-0.44,ml,10,141,0.05087,0.18,av,av94338978,2026-07-28T06:57:50.060Z,"69 km WNW of Tyonek, Alaska",earthquake,0.47,1.32,0.11983713841147,10,reviewed,av,av
2026-07-27T23:40:58.856Z,65.191,-148.467,11.8,1.4,ml,16,55,0.1,0.5,ak,aka2026oudxsr,2026-07-28T21:23:28.722Z,"37 km S of Livengood, Alaska",earthquake,3,2.0815,0.2,13,reviewed,ak,ak
2026-07-27T23:34:55.760Z,58.286833333333,-154.99883333333,3.12,-0.12,ml,14,141,0.03567,0.11,av,av94338953,2026-07-28T07:00:50.270Z,"86 km NNW of Karluk, Alaska",earthquake,0.26,0.51,0.28166904049029,14,reviewed,av,av
2026-07-27T23:29:06.649Z,64.828,-149.129,27.1,2.7,ml,49,36,0.2,0.9,ak,aka2026oudnkv,2026-07-28T21:22:08.603Z,"25 km N of Four Mile Road, Alaska",earthquake,2.8,2.2415,0.2,36,reviewed,ak,ak
2026-07-27T23:26:03.960Z,35.038833333333,-117.67983333333,-0.82,1.29,ml,18,83,0.1051,0.15,ci,ci40662338,2026-07-28T15:25:34.871Z,"5 km NNW of Boron, CA",quarry blast,0.44,31.61,0.16779657210072,19,reviewed,ci,ci
2026-07-27T23:23:02.096Z,31.84,-102.684,9.9121,3.5,ml,29,57,0.3,0.1,tx,tx2026ortuwy,2026-07-28T00:16:36.991Z,"16 km SSW of Goldsmith, Texas",earthquake,0.52880589490843,1.4078045075251,0.2,44,reviewed,tx,tx
2026-07-27T23:20:53.440Z,58.955,-154.492,127.7,1.7,ml,21,106,0.4,0.5,ak,aka2026oudghk,2026-07-28T21:21:41.867Z,"56 km SSE of Kokhanok, Alaska",earthquake,7.3,4.8258,0.3,17,reviewed,ak,ak
2026-07-27T23:20:46.582Z,27.1167,140.1742,462.209,4.1,mb,31,147,8.543,0.83,us,us6000tg99,2026-07-28T01:11:52.040Z,"Bonin Islands, Japan region",earthquake,15.48,9.8,0.107,24,reviewed,us,us
2026-07-27T23:12:12.908Z,-24.7784,-175.2557,10,5.1,mb,40,122,9.373,1.09,us,us6000tg95,2026-07-27T23:47:00.040Z,"south of Tonga",earthquake,11.52,1.856,0.093,39,reviewed,us,us
2026-07-27T23:06:34.085Z,7.6738,126.7653,71.061,5.3,mb,91,104,1.321,1.06,us,us6000tg94,2026-07-28T12:57:00.682Z,"23 km E of Kinablangan, Philippines",earthquake,9.35,5.627,0.039,223,reviewed,us,us
2026-07-27T23:06:25.260Z,32.915333333333,-116.93666666667,-0.19,1.27,ml,48,27,0.08036,0.27,ci,ci40662330,2026-07-28T16:54:48.225Z,"7 km NNW of Lakeside, CA",quarry blast,0.35,31.61,0.18751766848239,26,reviewed,ci,ci
2026-07-27T23:00:24.169Z,59.405,-153.029,81,1.8,ml,42,76,0.2,0.5,ak,aka2026ouconu,2026-07-28T21:20:35.877Z,"63 km W of Nanwalek, Alaska",earthquake,4.3,2.2937,0.1,31,reviewed,ak,ak
2026-07-27T22:59:01.240Z,47.532333333333,-116.92533333333,-0.81,2.1,md,9,86,0.3099,0.4,uw,uw714063561,2026-07-28T17:23:18.140Z,"4 km NW of Rockford Bay, Idaho",explosion,1.3,31.61,0.19490631849659,8,reviewed,uw,uw
2026-07-27T22:36:40.575Z,-8.6588,-74.7218,125.569,4.4,mb,34,107,3.911,0.86,us,us6000tg8x,2026-07-28T00:55:01.040Z,"12 km N of Honoria, Peru",earthquake,10.7,7.238,0.095,32,reviewed,us,us
2026-07-27T22:32:02.648Z,-7.5058,-13.4844,10,5,mb,64,58,0.966,0.63,us,us6000tg8z,2026-07-27T23:05:30.040Z,"112 km ENE of Georgetown, Saint Helena",earthquake,5.98,1.696,0.054,107,reviewed,us,us
2026-07-27T22:26:41.985Z,51.301,-176.291,17.3,2.9,ml,25,235,0.6,0.7,ak,aka2026oublic,2026-07-28T21:20:23.594Z,"68 km SSE of Adak, Alaska",earthquake,5.8,3.6389,0.2,19,reviewed,ak,ak
2026-07-27T22:19:35.763Z,31.698,-101.733,5.7373,0.3,ml,13,84,0,0.1,tx,tx2026orrsjd,2026-07-28T21:01:22.857Z,"30 km SW of Garden City, Texas",earthquake,0.86573085329247,1.1350874462701,0.1,7,reviewed,tx,tx
2026-07-27T22:18:07.300Z,47.494333333333,-115.9925,1.96,1.37,ml,8,109,0.1496,0.06,mb,mb90203583,2026-07-29T20:13:04.500Z,"1 km SSE of Osburn, Idaho",earthquake,0.54,0.93,0.10473505669724,8,reviewed,mb,mb
2026-07-27T22:11:19.350Z,34.49483333,-97.21166667,0,1.07,ml,32,51,0.1367731604,0.37,ok,ok2026opxb,2026-07-28T17:59:00.277Z,"8 km W of Davis, Oklahoma",quarry blast,,0.6,0.21,16,reviewed,ok,ok
2026-07-27T22:07:58.920Z,38.838500976562,-122.797996521,2.0199999809265,1.1,md,6,141,0.005977,0.01,nc,nc75407032,2026-07-27T22:27:21.375Z,"7 km WNW of Cobb, CA",earthquake,0.54,1.5,0.32,8,automatic,nc,nc
2026-07-27T22:06:29.720Z,38.816833496094,-122.79816436768,2.289999961853,1.06,md,24,33,0.00913,0.02,nc,nc75407027,2026-07-27T22:08:07.439Z,"6 km NW of The Geysers, CA",earthquake,0.22,0.379999995,0.25,25,automatic,nc,nc
2026-07-27T22:06:20.189Z,63.333,-144.892,8.8,1.5,ml,18,69,0.4,0.7,ak,aka2026ouatrd,2026-07-28T21:20:11.638Z,"37 km SSW of Dry Creek, Alaska",earthquake,3.7,2.3261,0.1,13,reviewed,ak,ak
2026-07-27T22:01:28.250Z,48.286166666667,-122.60083333333,24.73,2.08,ml,37,37,0.0218,0.11,uw,uw714063511,2026-07-27T22:17:34.400Z,"3 km ESE of Oak Harbor, Washington",earthquake,0.18,0.37,0.20180738037497,39,reviewed,uw,uw
2026-07-27T21:54:56.256Z,32.437,-102.071,8.4473,0.4,ml,12,84,0,0.1,tx,tx2026orqxhi,2026-07-28T21:14:56.640Z,"34 km SSW of Los Ybanez, Texas",earthquake,1.4961716760722,1.0760161100765,0.2,11,reviewed,tx,tx
2026-07-27T21:53:51.250Z,38.825500488281,-122.84633636475,1.9800000190735,0.74,md,11,105,0.009147,0.01,nc,nc75407017,2026-07-27T21:55:28.229Z,"9 km NW of The Geysers, CA",earthquake,0.33,0.699999988,0.11,12,automatic,nc,nc
2026-07-27T21:39:41.419Z,32.456,-102.027,5.3955,0.4,ml,14,96,0.1,0.2,tx,tx2026orqkdr,2026-07-28T21:07:19.404Z,"30 km WSW of Ackerly, Texas",earthquake,0.67938142982853,1.7573187401665,0.2,12,reviewed,tx,tx
2026-07-27T21:38:00.820Z,49.34,-120.47566666667,-0.51,1.95,ml,9,212,0.5565,0.45,uw,uw714063451,2026-07-28T17:17:40.960Z,"13 km S of Princeton, Canada",explosion,2.42,31.61,0.068164564219294,7,reviewed,uw,uw
2026-07-27T21:35:39.910Z,38.816333770752,-122.79666900635,2.329999923706,2.35,md,57,28,0.008421,0.07,nc,nc75407007,2026-07-28T00:07:23.023Z,"6 km NW of The Geysers, CA",earthquake,0.16,0.239999995,0.16,61,automatic,nc,nc
2026-07-27T21:32:21.610Z,45.1,-123.18483333333,-0.26,2.02,ml,5,135,0.06662,0.1,uw,uw714063431,2026-07-29T15:37:58.890Z,"2 km SE of Amity, Oregon",explosion,0.81,31.61,0.43749054798174,5,reviewed,uw,uw
2026-07-27T21:32:20.747Z,51.84,175.984,24.9,3.8,ml,16,207,1.5,0.9,ak,aka2026otzqgd,2026-07-28T21:18:47.187Z,"221 km ESE of Attu Station, Alaska",earthquake,32.4,16.5487,0.1,13,reviewed,ak,ak
2026-07-27T21:30:13.430Z,38.82483291626,-122.84266662598,2.2000000476837,1.95,md,40,59,0.006207,0.05,nc,nc75407002,2026-07-27T23:52:20.911Z,"9 km NW of The Geysers, CA",earthquake,0.16,0.239999995,0.16,39,automatic,nc,nc
2026-07-27T21:24:27.852Z,-39.3453,177.1774,19.152,4.2,mb,19,108,0.726,0.99,us,us6000tg7w,2026-07-28T10:53:05.001Z,"27 km ENE of Bay View, New Zealand",earthquake,3.48,5.454,0.373,2,reviewed,us,us
2026-07-27T21:18:18.039Z,64.989,-148.826,8.8,1.3,ml,14,84,0.3,0.5,ak,aka2026otzeab,2026-07-28T21:16:27.765Z,"30 km SE of Minto, Alaska",earthquake,3.4,2.6506,0.1,12,reviewed,ak,ak
2026-07-27T21:16:16.767Z,31.563,-104.174,7.0227,1.5,ml,30,71,0,0.1,tx,tx2026orppps,2026-07-28T15:23:28.962Z,"45 km NW of Toyah, Texas",earthquake,0.57684436155364,0.6233988556516,0.2,18,reviewed,tx,tx
2026-07-27T21:15:34.500Z,35.3195,-117.80683333333,7.39,1.56,ml,41,55,0.06096,0.19,ci,ci40662298,2026-07-28T15:21:21.429Z,"17 km WSW of Johannesburg, CA",earthquake,0.18,0.65,0.20136787609388,24,reviewed,ci,ci
2026-07-27T21:12:45.180Z,35.7625,-90.122166666667,6.25,1.93,md,17,109,0.02946,0.09,nm,nm60625806,2026-07-28T18:27:49.467Z,"6 km W of Victoria, Arkansas",earthquake,0.56,0.5,0.14374723175629,14,reviewed,nm,nm
2026-07-27T21:08:42.653Z,31.567,-104.182,6.7151,2,ml,37,70,0,0.2,tx,tx2026orpjjo,2026-07-28T15:17:15.288Z,"46 km NW of Toyah, Texas",earthquake,0.64965950596806,0.68822872717881,0.2,22,reviewed,tx,tx
2026-07-27T20:57:49.920Z,32.626333333333,-115.743,4.68,1.38,ml,29,55,0.02688,0.2,ci,ci40662274,2026-07-27T22:03:25.030Z,"16 km WNW of Progreso, B.C., MX",earthquake,0.27,0.41,0.28264003121711,14,reviewed,ci,ci
2026-07-27T20:56:44.080Z,33.453833333333,-116.55,10.68,1.14,ml,45,29,0.05971,0.22,ci,ci40662266,2026-07-28T17:41:42.170Z,"16 km SE of Anza, CA",earthquake,0.21,0.55,0.16405667503679,24,reviewed,ci,ci
2026-07-27T20:54:32.002Z,32.093,-102.058,8.6426,1.4,ml,21,49,0,0.1,tx,tx2026orouik,2026-07-28T15:32:14.452Z,"10 km N of Midland, Texas",earthquake,0.85143355496743,0.64653260860386,0.2,25,reviewed,tx,tx
2026-07-27T20:52:37.460Z,36.597332000732,-121.15966796875,7.5799999237061,1.27,md,9,84,0.03292,0.14,nc,nc75406992,2026-07-27T23:07:21.586Z,"7 km NNW of Pinnacles, CA",earthquake,0.73,1.47000003,0.03,7,automatic,nc,nc
2026-07-27T20:48:49.390Z,33.182166666667,-116.03133333333,4.66,0.74,ml,23,44,0.04577,0.18,ci,ci40662258,2026-07-27T21:45:01.904Z,"10 km ENE of Ocotillo Wells, CA",earthquake,0.24,0.55,0.15947769632282,16,reviewed,ci,ci
2026-07-27T20:39:38.550Z,33.482166666667,-116.40666666667,10.91,0.42,ml,18,87,0.1444,0.16,ci,ci40662250,2026-07-27T21:35:12.288Z,"22 km SSW of La Quinta, CA",earthquake,0.26,0.66,0.19336385558404,9,reviewed,ci,ci
2026-07-27T20:37:28.460Z,33.4825,-116.41016666667,9.2,0.79,ml,30,48,0.1464,0.15,ci,ci40662242,2026-07-27T22:13:12.735Z,"22 km SSW of La Quinta, CA",earthquake,0.18,1,0.12127784401847,11,reviewed,ci,ci
2026-07-27T20:37:00.230Z,44.670833333333,-110.014,13.46,2,ml,10,106,0.08959,0.17,uu,uu80146521,2026-07-27T22:13:45.350Z,"37 km S of Silver Gate, Montana",earthquake,0.48,0.79,0.091358490440897,5,reviewed,uu,uu
2026-07-27T20:27:18.860Z,36.965167999268,-121.44833374023,5.8899998664856,1.88,md,33,71,0.08835,0.13,nc,nc75406967,2026-07-27T21:12:23.805Z,"12 km ESE of Gilroy, CA",earthquake,0.32,1.11000001,0.22,31,automatic,nc,nc
2026-07-27T20:22:18.758Z,60.033,-152.761,110.4,1.2,ml,13,88,0.1,0.3,ak,aka2026otxhls,2026-07-28T21:14:32.677Z,"58 km W of Happy Valley, Alaska",earthquake,9,4.604,0.4,10,reviewed,ak,ak
2026-07-27T20:20:22.718Z,60.519,-141.483,2.6,1.4,ml,10,103,0.2,0.5,ak,aka2026otxfue,2026-07-28T21:13:36.968Z,"128 km SE of McCarthy, Alaska",earthquake,4.1,6.7816,0.1,8,reviewed,ak,ak
2026-07-27T20:17:18.830Z,45.2295,-112.31116666667,-2,1.24,ml,13,67,0.184,0.07,mb,mb90203523,2026-07-27T21:24:50.810Z,"19 km WSW of Alder, Montana",quarry blast,0.36,31.61,0.11739889094863,10,reviewed,mb,mb
2026-07-27T20:17:18.810Z,45.2285,-112.314,-2,1.01,ml,6,136,0.1933,0.05,mb,mb90203518,2026-07-27T21:01:49.400Z,"19 km WSW of Alder, Montana",quarry blast,0.55,31.61,0.17772368231545,4,reviewed,mb,mb
2026-07-27T20:10:01.634Z,-14.5194,168.0332,10,5,mb,43,102,6.981,0.78,us,us6000tg75,2026-07-27T20:29:32.040Z,"88 km SE of Sola, Vanuatu",earthquake,11.78,1.884,0.058,98,reviewed,us,us
2026-07-27T19:55:35.279Z,60.173,-153.15,147.1,1.8,ml,44,152,0.1,0.6,ak,aka2026otwkhl,2026-07-28T21:13:12.884Z,"64 km E of Port Alsworth, Alaska",earthquake,6.3,2.6279,0.5,32,reviewed,ak,ak
2026-07-27T19:50:32.650Z,61.3,-152.15766666667,-3.18,-0.62,ml,6,169,0.03468,0.25,av,av94338558,2026-07-28T06:00:46.910Z,"60 km WNW of Beluga, Alaska",earthquake,0.79,2.74,0.19098905796164,4,reviewed,av,av
2026-07-27T19:39:34.870Z,49.165,-122.13383333333,-0.66,1.27,ml,7,271,0.1699,0.31,uw,uw714063251,2026-07-28T04:58:44.670Z,"12 km ENE of Mission, Canada",explosion,1.47,31.61,0.18920674863448,5,reviewed,uw,uw
2026-07-27T19:27:50.330Z,38.786334991455,-122.72799682617,1.710000038147,0.35,md,5,165,0.00749,0,nc,nc75406932,2026-07-27T19:29:27.975Z,"3 km ENE of The Geysers, CA",earthquake,0.67,0.920000017,0.18,6,automatic,nc,nc
2026-07-27T19:21:15.752Z,59.816,-151.934,64.6,2.5,ml,97,52,0.2,0.7,ak,aka2026otvgnt,2026-07-28T21:10:50.223Z,"7 km NW of Anchor Point, Alaska",earthquake,2.2,2.0022,0.1,71,reviewed,ak,ak
2026-07-27T19:19:03.800Z,38.794666290283,-122.80833435059,7.3499999046326,0.66,md,7,132,0.00755,0.09,nc,nc75406927,2026-07-27T19:20:42.802Z,"5 km WNW of The Geysers, CA",earthquake,1.19,2.5,0.15,8,automatic,nc,nc
2026-07-27T19:17:17.260Z,38.125331878662,-122.16200256348,2.8599998950958,2.22,md,10,101,0.01039,0.06,nc,nc75406922,2026-07-27T21:12:23.866Z,"7 km ENE of Vallejo, CA",earthquake,0.31,0.469999999,0.2,11,automatic,nc,nc
2026-07-27T19:16:50.630Z,35.312666666667,-117.79566666667,9.14,0.53,ml,8,128,0.061,0.12,ci,ci40662218,2026-07-27T20:05:00.613Z,"16 km WSW of Johannesburg, CA",earthquake,0.48,0.65,0.094990447534387,6,reviewed,ci,ci
2026-07-27T19:15:23.698Z,51.301,-179.609,14.3,2.6,ml,16,205,0.6,0.4,ak,aka2026otvbng,2026-07-28T21:10:26.217Z,"215 km WSW of Adak, Alaska",earthquake,8.8,2.5198,0.1,11,reviewed,ak,ak
2026-07-27T19:14:48.687Z,31.668,-104.114,6.0999,1.6,ml,30,47,0,0.2,tx,tx2026orlnta,2026-07-27T20:17:11.818Z,"48 km W of Mentone, Texas",earthquake,0.39949932701241,0.47960544371882,0.2,24,reviewed,tx,tx
2026-07-27T19:13:51.440Z,40.945167541504,-122.16333007812,3,1.95,md,17,54,0.1563,0.13,nc,nc75406917,2026-07-27T20:52:24.665Z,"23 km WSW of Big Bend, CA",earthquake,0.35,12.6000004,0.12,12,automatic,nc,nc
2026-07-27T19:03:38.391Z,28.1222,139.8936,426.772,4.5,mb,59,127,7.607,0.58,us,us6000tg6e,2026-07-27T19:44:25.040Z,"Bonin Islands, Japan region",earthquake,12.51,8.412,0.064,71,reviewed,us,us
2026-07-27T18:55:02.722Z,-24.9031,-175.6666,26.77,4.6,mb,18,220,9.217,0.85,us,us6000tgxq,2026-07-30T12:26:24.040Z,"south of Tonga",earthquake,13.69,6.894,0.141,15,reviewed,us,us
2026-07-27T18:54:37.200Z,34.988666666667,-118.19116666667,-0.8,1.18,ml,30,52,0.1138,0.23,ci,ci40662194,2026-07-28T17:45:03.559Z,"7 km SSW of Mojave, CA",quarry blast,0.37,31.61,0.10069369161778,18,reviewed,ci,ci
2026-07-27T18:52:32.270Z,38.83716583252,-122.81266784668,2.2400000095367,0.29,md,8,100,0.0139,0.02,nc,nc75406897,2026-07-27T18:54:07.656Z,"8 km WNW of Cobb, CA",earthquake,0.43,0.959999979,0.14,9,automatic,nc,nc
2026-07-27T18:44:41.200Z,38.824001312256,-122.80166625977,2.210000038147,1.02,md,19,52,0.006595,0.05,nc,nc75406892,2026-07-27T18:46:17.690Z,"7 km NW of The Geysers, CA",earthquake,0.25,0.449999988,0.23,19,automatic,nc,nc
2026-07-27T18:40:22.962Z,41.1174,143.0938,47.852,4.2,mb,31,142,0.898,1.07,us,us6000tg64,2026-07-27T19:17:43.040Z,"113 km S of Honchō, Japan",earthquake,6.78,8.191,0.141,14,reviewed,us,us
2026-07-27T18:31:03.870Z,48.0905,-121.93333333333,-0.41,1.52,ml,8,74,0.0195,0.08,uw,uw714063181,2026-07-28T05:10:25.930Z,"2 km ENE of Granite Falls, Washington",explosion,0.34,31.61,0.034806238387157,3,reviewed,uw,uw
2026-07-27T18:30:40.280Z,33.424166666667,-117.02883333333,8.7,1.06,ml,35,29,0.03511,0.23,ci,ci40662186,2026-07-27T22:52:43.650Z,"8 km NE of Pala, CA",earthquake,0.22,0.72,0.1755876283401,18,reviewed,ci,ci
2026-07-27T18:17:07.107Z,58.265,-155.553,5,0.7,ml,11,86,0.1,0.2,ak,aka2026ottcxn,2026-07-28T06:08:47.420Z,"80 km SE of King Salmon, Alaska",earthquake,5.7,,0.1,4,automatic,ak,ak
2026-07-27T18:10:55.960Z,38.826831817627,-122.80549621582,2.8900001049042,0.71,md,8,75,0.004956,0.01,nc,nc75406857,2026-07-27T18:12:32.447Z,"7 km NW of The Geysers, CA",earthquake,0.46,1.49000001,0.11,9,automatic,nc,nc
2026-07-27T18:10:01.450Z,36.062166666667,-117.84033333333,3.8,0.68,ml,11,101,0.05654,0.08,ci,ci40662178,2026-07-27T19:41:52.105Z,"10 km E of Coso Junction, CA",earthquake,0.18,0.33,0.2577671009168,4,reviewed,ci,ci
2026-07-27T18:09:56.860Z,38.790000915527,-122.7243347168,1.8700000047684,0.78,md,7,94,0.01181,0.02,nc,nc75406852,2026-07-27T18:11:32.236Z,"3 km ENE of The Geysers, CA",earthquake,0.39,1.04999995,0.09,7,automatic,nc,nc
2026-07-27T17:53:31.997Z,51.419,-178.013,2.4,2,ml,11,204,0.3,0.5,ak,aka2026otsily,2026-07-28T21:09:12.411Z,"108 km WSW of Adak, Alaska",earthquake,9,8.5915,0.2,9,reviewed,ak,ak
2026-07-27T17:50:16.210Z,18.009,-66.841,14.69,1.93,md,8,147,0.04966,0.17,pr,pr71526078,2026-07-27T17:59:35.580Z,"2 km NW of Indios, Puerto Rico",earthquake,0.78,1.13,0.13662463918807,7,reviewed,pr,pr
2026-07-27T17:47:01.325Z,36.6101,71.5913,116.626,4.5,mb,47,58,1.843,0.83,us,us6000tg5f,2026-07-27T18:17:29.040Z,"9 km SSE of Ashkāsham, Afghanistan",earthquake,8.28,5.8,0.072,56,reviewed,us,us
2026-07-27T17:43:41.530Z,35.3655,-117.79266666667,6.44,1.27,ml,41,72,0.1071,0.15,ci,ci40662162,2026-07-27T17:54:32.290Z,"14 km W of Johannesburg, CA",earthquake,0.17,0.49,0.14160501673778,24,reviewed,ci,ci
2026-07-27T17:32:45.770Z,20.024333333333,-155.382,9.89,2.08,ml,33,252,0.1365,0.28,hv,hv75008822,2026-07-27T22:20:03.460Z,"2 km SW of Pa‘auilo, Hawaii",earthquake,1.07,0.53,0.16548136595183,9,reviewed,hv,hv
2026-07-27T17:27:51.759Z,60.49,-151.621,76.3,1.7,ml,27,69,0.4,0.7,ak,aka2026otrmfm,2026-07-28T21:08:37.235Z,"19 km WNW of Kalifornsky, Alaska",earthquake,4.2,3.4878,0.1,18,reviewed,ak,ak
2026-07-27T17:26:25.335Z,59.751,-153.261,118.8,1.4,ml,20,151,0.1,0.4,ak,aka2026otrkru,2026-07-28T21:08:24.829Z,"47 km E of Pedro Bay, Alaska",earthquake,8.9,4.1293,0.3,13,reviewed,ak,ak
2026-07-27T17:19:36.579Z,-32.9701,-71.4228,59.158,4.1,mb,28,75,0.196,0.5,us,us6000tg56,2026-07-28T13:47:13.673Z,"8 km NNE of Quilpué, Chile",earthquake,3.52,2.281,0.233,5,reviewed,us,us
2026-07-27T17:18:14.500Z,32.850333333333,-116.08333333333,7.41,1.35,ml,44,39,0.05948,0.18,ci,ci40662146,2026-07-27T17:54:26.020Z,"15 km NNW of Ocotillo, CA",earthquake,0.17,0.47,0.22970102947755,27,reviewed,ci,ci
2026-07-27T17:11:18.227Z,58.173,-155.35,5,0.5,ml,10,79,0,0.2,ak,aka2026otqxvx,2026-07-28T05:18:45.820Z,"85 km NW of Karluk, Alaska",earthquake,5.8,,0.2,5,automatic,ak,ak
2026-07-27T17:06:03.332Z,39.315,-119.0665,6.5605,1.5,ml,19,63,0.067,0.125,nn,nn00922410,2026-07-27T17:56:44.068Z,"17 km SE of Silver Springs, Nevada",earthquake,,0.9464,0.34,13,reviewed,nn,nn
2026-07-27T16:57:04.480Z,60.015666666667,-153.11116666667,5.95,-0.96,ml,4,183,0.04593,0.29,av,av94338228,2026-07-28T05:06:14.090Z,"61 km ENE of Pedro Bay, Alaska",earthquake,1.54,2.48,0.22237455911967,4,reviewed,av,av
2026-07-27T16:50:06.396Z,6.3105,-82.5802,10,4.5,mb,37,158,3.006,1.01,us,us6000tgxl,2026-07-30T12:08:37.040Z,"193 km S of Burica, Panama",earthquake,7.88,1.933,0.097,31,reviewed,us,us
2026-07-27T16:48:55.621Z,63.238,-150.498,116.1,1.6,ml,32,46,0.7,0.6,ak,aka2026otqeor,2026-07-28T21:06:10.854Z,"69 km ESE of Denali National Park, Alaska",earthquake,4,3.7869,0.2,24,reviewed,ak,ak
2026-07-27T16:44:35.070Z,17.924666666667,-66.867166666667,12.43,2.54,md,13,202,0.05142,0.17,pr,pr71526058,2026-07-27T16:58:44.770Z,"6 km SSE of Maria Antonia, Puerto Rico",earthquake,0.67,0.41,0.061866597490081,8,reviewed,pr,pr
2026-07-27T16:42:15.460Z,30.807,-103.511,2.7161,1.4,ml,14,75,0.2,0.2,tx,tx2026orgnwm,2026-07-28T20:38:44.698Z,"29 km SE of Balmorhea, Texas",earthquake,1.6342154504724,2.5101033722496,0.3,10,reviewed,tx,tx
2026-07-27T16:39:56.460Z,36.065166666667,-117.84066666667,3.2,0.2,ml,15,65,0.05355,0.09,ci,ci40662122,2026-07-27T17:57:45.332Z,"10 km ENE of Coso Junction, CA",earthquake,0.16,0.33,0.13545965804829,9,reviewed,ci,ci
2026-07-27T16:29:27.300Z,19.121166229248,-155.4006652832,40.340000152588,1.7,md,10,271,0.2377,0.0500000007,hv,hv75008777,2026-07-27T16:32:57.730Z,"12 km SE of Pāhala, Hawaii",earthquake,1.93,1.87,0.054088060201997,12,automatic,hv,hv
2026-07-27T16:26:02.830Z,19.153166666667,-155.50783333333,33.5,1.95,ml,38,135,0.04328,0.12,hv,hv75008772,2026-07-29T19:59:59.610Z,"6 km SSW of Pāhala, Hawaii",earthquake,0.5,0.73,0.37384802624175,9,reviewed,hv,hv
2026-07-27T16:25:57.040Z,19.089,-155.4385,33.47,1.75,ml,19,198,0.06973,0.15,hv,hv75008767,2026-07-31T03:38:00.220Z,"13 km SSE of Pāhala, Hawaii",earthquake,0.71,0.67,0.26804632525474,9,reviewed,hv,hv
2026-07-27T16:25:37.610Z,38.821666717529,-122.78849792481,0.9200000166893,1.08,md,15,48,0.01038,0.03,nc,nc75406792,2026-07-27T16:27:12.694Z,"6 km NNW of The Geysers, CA",earthquake,0.23,0.449999988,0.17,16,automatic,nc,nc
2026-07-27T16:22:54.188Z,39.3168,-119.0618,7.3642,1.91,ml,25,61,0.068,0.1214,nn,nn00922402,2026-07-27T17:13:11.885Z,"17 km SE of Silver Springs, Nevada",earthquake,,0.8929,0.38,17,reviewed,nn,nn
2026-07-27T16:21:37.470Z,19.055166244507,-155.43800354004,40.54999923706,1.8,md,8,275,0.1023,0.0900000036,hv,hv75008762,2026-07-27T16:25:11.360Z,"14 km E of Naalehu, Hawaii",earthquake,2.14,2.55999994,0.08546468052895,13,automatic,hv,hv
2026-07-27T16:21:16.187Z,34.0176,-107.0452,10,2.5,ml,12,125,0.12,0.58,us,us6000tg30,2026-07-28T01:33:03.404Z,"14 km WSW of Socorro, New Mexico",earthquake,3.27,1.992,0.085,18,reviewed,us,us
2026-07-27T16:13:58.610Z,39.3147,-119.0742,4.5477,2.96,ml,9,124,0.069,0.1404,nn,nn00922405,2026-07-27T21:42:54.115Z,"17 km SE of Silver Springs, Nevada",earthquake,,3.9917,0.29,2,reviewed,nn,nn
2026-07-27T16:13:47.180Z,33.185333333333,-115.61016666667,3.82,1.06,ml,21,86,0.009087,0.19,ci,ci40662114,2026-07-27T16:47:57.532Z,"10 km SW of Niland, CA",earthquake,0.25,0.2,0.20195967318632,12,reviewed,ci,ci
2026-07-27T16:13:18.816Z,39.3162,-119.0538,12,3.4,mwr,36,58,0.066,0.1941,nn,nn00922397,2026-07-28T16:20:12.269Z,"18 km SE of Silver Springs, Nevada",earthquake,,1.1315,,,reviewed,nn,nn
2026-07-27T16:08:54.170Z,51.512833333333,-178.9085,13.87,1.46,ml,8,291,0.07166,0.08,av,av94338143,2026-07-28T04:59:43.610Z,"162 km WSW of Adak, Alaska",earthquake,0.79,0.3,0.27995258794701,10,reviewed,av,av
2026-07-27T16:08:24.950Z,19.0625,-155.45100402832,39.529998779297,1.74,md,7,272,0.09302,0.0900000036,hv,hv75008752,2026-07-27T16:11:52.960Z,"13 km E of Naalehu, Hawaii",earthquake,1.72,2.49000001,0.056756532411649,14,automatic,hv,hv
2026-07-27T15:53:06.270Z,38.782501220703,-122.72483062744,1.4800000190735,1.18,md,16,81,0.009325,0.03,nc,nc75406737,2026-07-27T17:27:23.301Z,"3 km ENE of The Geysers, CA",earthquake,0.27,0.460000008,0.15,17,automatic,nc,nc
2026-07-27T15:51:33.601Z,-2.5548,138.7744,10,4.9,mb,34,76,1.927,0.76,us,us6000tg2t,2026-07-27T16:23:08.040Z,"206 km W of Abepura, Indonesia",earthquake,8.99,1.87,0.086,44,reviewed,us,us
2026-07-27T15:40:30.240Z,38.787498474121,-122.72699737549,2.1900000572205,0.35,md,6,170,0.008712,0.01,nc,nc75406717,2026-07-27T15:42:08.224Z,"3 km ENE of The Geysers, CA",earthquake,0.58,1.65999997,0.18,6,automatic,nc,nc
2026-07-27T15:38:55.010Z,38.788166046143,-122.7243347168,1.7999999523163,1.23,md,15,91,0.01086,0.03,nc,nc75406712,2026-07-27T16:57:21.094Z,"3 km ENE of The Geysers, CA",earthquake,0.28,0.560000002,0.15,14,automatic,nc,nc
2026-07-27T15:33:01.840Z,38.786834716797,-122.72682952881,1.1399999856949,0.8,md,11,86,0.02525,0.03,nc,nc75406702,2026-07-27T15:34:38.078Z,"3 km ENE of The Geysers, CA",earthquake,0.25,0.779999971,0.22,10,automatic,nc,nc
2026-07-27T15:32:01.690Z,38.779666900635,-122.72316741943,1.8899999856949,0.6,md,7,113,0.01118,0.01,nc,nc75406697,2026-07-27T15:33:38.204Z,"3 km W of Anderson Springs, CA",earthquake,0.49,0.579999983,0.26,6,automatic,nc,nc
2026-07-27T15:31:44.390Z,38.791332244873,-122.72716522217,1.9700000286102,0.27,md,7,96,0.01101,0.01,nc,nc75406692,2026-07-27T15:33:23.099Z,"3 km ENE of The Geysers, CA",earthquake,0.47,1.03999996,0.07,7,automatic,nc,nc
2026-07-27T15:29:56.900Z,38.788333892822,-122.7243347168,1.210000038147,2.74,md,58,36,0.01094,0.08,nc,nc75406687,2026-07-27T17:08:22.040Z,"3 km ENE of The Geysers, CA",earthquake,0.16,0.25,0.21,77,automatic,nc,nc
2026-07-27T15:29:01.740Z,38.784168243408,-122.72566986084,1.3300000429153,2.81,md,75,33,0.00869,0.1,nc,nc75406682,2026-07-28T01:44:03.310Z,"3 km ENE of The Geysers, CA",earthquake,0.15,0.239999995,0.18,84,automatic,nc,nc
2026-07-27T15:25:44.830Z,38.787998199463,-122.84266662598,12.010000228882,0.3,md,7,191,0.01885,0.07,nc,nc75406672,2026-07-27T15:27:23.135Z,"8 km W of The Geysers, CA",earthquake,2.49,1.62,0.06,4,automatic,nc,nc
2026-07-27T15:14:08.530Z,33.986833333333,-117.15233333333,11.44,0.76,ml,23,72,0.05877,0.18,ci,ci40662090,2026-07-28T17:52:34.130Z,"8 km SSE of Redlands, CA",earthquake,0.23,0.5,0.12586047531071,11,reviewed,ci,ci
2026-07-27T15:10:18.590Z,33.788666666667,-116.08833333333,3.44,0.77,ml,24,57,0.1112,0.15,ci,ci40662082,2026-07-27T17:48:40.533Z,"14 km ENE of Indio, CA",earthquake,0.21,0.74,0.16593591020062,14,reviewed,ci,ci
2026-07-27T14:59:47.350Z,19.195333480835,-155.47315979004,34.759998321533,1.94,md,34,96,0.04106,0.159999996,hv,hv75008727,2026-07-27T15:03:17.780Z,"1 km SE of Pāhala, Hawaii",earthquake,0.64,0.920000017,0.12526229774643,14,automatic,hv,hv
2026-07-27T14:57:01.420Z,19.975666666667,-155.35283333333,3.43,2.36,ml,38,200,0.08923,0.31,hv,hv75008717,2026-07-27T19:48:58.230Z,"7 km SSE of Pa‘auilo, Hawaii",earthquake,0.68,0.86,0.18205158015443,13,reviewed,hv,hv
2026-07-27T14:56:43.260Z,60.0495,-153.0485,-0.52,-0.65,ml,4,198,0.01093,0.05,av,av94338018,2026-07-28T02:29:05.460Z,"65 km ENE of Pedro Bay, Alaska",earthquake,0.59,1.46,0.43547048919884,4,reviewed,av,av
2026-07-27T14:53:40.135Z,54.848,-160.226,1.5,2.9,ml,32,214,1,0.6,ak,aka2026otmimq,2026-07-28T21:03:26.243Z,"57 km SSE of Sand Point, Alaska",earthquake,7.1,3.331,0.1,25,reviewed,ak,ak
2026-07-27T14:46:00.420Z,58.3505,-154.93783333333,4.98,-0.17,ml,8,121,0.079,0.25,av,av94337983,2026-07-29T19:08:20.690Z,"91 km NNW of Karluk, Alaska",earthquake,0.73,1.68,0.1753949779445,8,reviewed,av,av
2026-07-27T14:43:39.540Z,38.665666666667,-111.43383333333,1.77,1.03,ml,9,107,0.1144,0.18,uu,uu80146496,2026-07-27T19:44:55.380Z,"28 km NE of Fremont, Utah",earthquake,0.72,12.44,0.18631946517323,3,reviewed,uu,uu
2026-07-27T14:43:07.608Z,61.084,-152.261,117.1,2.3,ml,78,34,0.1,0.7,ak,aka2026otlziz,2026-07-28T21:02:06.125Z,"60 km W of Tyonek, Alaska",earthquake,3.2,1.8636,0.3,56,reviewed,ak,ak
2026-07-27T14:40:27.138Z,56.497,-149.421,5,2.7,ml,61,210,2.2,0.9,ak,aka2026otlwxh,2026-07-28T21:01:48.979Z,"213 km SE of Chiniak, Alaska",earthquake,5.9,0,0.1,25,reviewed,ak,ak
2026-07-27T14:38:38.381Z,32.418,-101.901,7.8369,0.5,ml,13,79,0,0.1,tx,tx2026orclip,2026-07-28T21:11:40.953Z,"21 km SW of Ackerly, Texas",earthquake,0.53145950091085,1.0788074543021,0.1,7,reviewed,tx,tx
2026-07-27T14:33:36.219Z,-5.4518,151.462,91.011,5.1,mb,98,33,1.434,0.82,us,us7000t3p2,2026-07-27T14:53:17.040Z,"147 km E of Kimbe, Papua New Guinea",earthquake,7.55,6.519,0.053,113,reviewed,us,us
2026-07-27T14:30:35.201Z,60.506,-139.959,11.1,1.5,ml,13,92,0.6,0.5,ak,aka2026otloml,2026-07-28T20:59:58.649Z,"107 km N of Yakutat, Alaska",earthquake,8,3.1366,0.2,11,reviewed,ak,ak
2026-07-27T14:29:42.760Z,38.814334869385,-122.85350036621,4.4899997711182,0.18,md,7,145,0.01345,0.04,nc,nc75406622,2026-07-27T14:31:17.837Z,"9 km WNW of The Geysers, CA",earthquake,1,1.39999998,0.05,6,automatic,nc,nc
2026-07-27T14:23:24.260Z,19.131834030151,-155.49600219727,31.879999160767,1.82,md,25,169,0.116,0.180000007,hv,hv75008687,2026-07-27T14:26:54.720Z,"8 km SSW of Pāhala, Hawaii",earthquake,0.9,1.21000004,0.094700900186802,16,automatic,hv,hv
2026-07-27T14:19:12.089Z,60.252,-152.513,106.1,1.5,ml,29,55,0.2,0.5,ak,aka2026otleqd,2026-07-28T20:58:34.931Z,"52 km WNW of Ninilchik, Alaska",earthquake,5.6,3.1914,0.3,21,reviewed,ak,ak
2026-07-27T14:15:18.680Z,38.825832366943,-122.79900360107,2.5299999713898,1.09,md,25,50,0.008983,0.02,nc,nc75406617,2026-07-27T14:16:53.733Z,"7 km NW of The Geysers, CA",earthquake,0.23,0.430000007,0.16,26,automatic,nc,nc
2026-07-27T14:13:42.460Z,38.826499938965,-122.84049987793,1.5900000333786,0.59,md,7,149,0.005447,0.01,nc,nc75406612,2026-07-27T14:15:18.642Z,"9 km NW of The Geysers, CA",earthquake,0.43,1.19000006,0.26,8,automatic,nc,nc
2026-07-27T14:09:37.810Z,19.9605,-155.36816666667,9.83,1.83,ml,15,145,0.07796,0.15,hv,hv75008682,2026-07-30T20:53:02.660Z,"8 km S of Pa‘auilo, Hawaii",earthquake,0.48,0.32,0.14273123506987,3,reviewed,hv,hv
2026-07-27T14:08:42.610Z,18.638,-64.340666666667,43.04,2.95,md,8,306,0.1582,0.14,pr,pr71526028,2026-07-27T14:18:01.160Z,"58 km NE of Cruz Bay, U.S. Virgin Islands",earthquake,8.93,3.56,0.088247502133455,5,reviewed,pr,pr
2026-07-27T14:08:20.978Z,52.078,-170.669,3.2,3.1,ml,16,222,0.8,0.8,ak,aka2026otkvhy,2026-07-28T20:56:49.065Z,"155 km SW of Nikolski, Alaska",earthquake,18.3,5.9665,0.1,12,reviewed,ak,ak
2026-07-27T13:52:30.750Z,38.84400177002,-122.81733703613,1.4199999570847,1.32,md,7,98,0.01163,0.03,nc,nc75406592,2026-07-27T14:32:21.099Z,"9 km WNW of Cobb, CA",earthquake,0.47,0.75,0.15,9,automatic,nc,nc
2026-07-27T13:50:50.780Z,35.6755,-118.43733333333,4.07,1.02,ml,26,43,0.03246,0.16,ci,ci40662058,2026-07-27T17:48:56.303Z,"4 km SSE of Wofford Heights, CA",earthquake,0.22,0.35,0.24005470535347,12,reviewed,ci,ci
2026-07-27T13:50:49.768Z,37.5441,-117.7551,4.2597,1.79,ml,15,165,0.227,0.1393,nn,nn00922392,2026-07-27T17:18:42.691Z,"25 km SSW of Silver Peak, Nevada",earthquake,,1.7859,0.62,5,reviewed,nn,nn
2026-07-27T13:49:40.470Z,35.674333333333,-118.43783333333,4.32,1.16,ml,25,55,0.03165,0.2,ci,ci40662066,2026-07-27T19:52:55.258Z,"4 km SSE of Wofford Heights, CA",earthquake,0.26,0.44,0.30589578604846,6,reviewed,ci,ci
2026-07-27T13:47:42.546Z,51.552,-173.625,20,2.4,ml,14,294,0.7,0.5,ak,aka2026otkdih,2026-07-28T20:54:56.043Z,"81 km SSE of Atka, Alaska",earthquake,13.5,0,0.1,12,reviewed,ak,ak
2026-07-27T13:42:28.080Z,60.511,-152.76083333333,0.79,-0.69,ml,8,62,0.03988,0.09,av,av94337898,2026-07-28T02:25:35.190Z,"79 km NW of Ninilchik, Alaska",earthquake,0.27,0.33,0.14794258890549,8,reviewed,av,av
2026-07-27T13:40:21.140Z,19.136333465576,-155.4940032959,32.720001220703,1.85,md,36,167,0.03563,0.150000006,hv,hv75008652,2026-07-27T13:43:48.190Z,"7 km SSW of Pāhala, Hawaii",earthquake,0.91,0.730000019,0.12666112079506,13,automatic,hv,hv
2026-07-27T13:33:48.655Z,58.224,-155.239,114.4,1.9,ml,41,34,0.1,0.4,ak,aka2026otjrgz,2026-07-28T20:50:45.106Z,"86 km NNW of Karluk, Alaska",earthquake,5.1,2.1985,0.5,30,reviewed,ak,ak
2026-07-27T13:09:56.857Z,51.418,-177.937,34.8,1.8,ml,8,233,0.3,0.5,ak,aka2026otiwox,2026-07-28T20:50:08.948Z,"103 km WSW of Adak, Alaska",earthquake,15.5,11.3449,0.1,7,reviewed,ak,ak
2026-07-27T12:59:19.462Z,51.461,-173.579,2.1,2.6,ml,19,296,0.8,0.7,ak,aka2026otinoa,2026-07-28T20:49:14.389Z,"92 km SSE of Atka, Alaska",earthquake,33.9,15.4905,0.1,15,reviewed,ak,ak
2026-07-27T12:50:21.070Z,33.6785,-116.989,11.25,0.58,ml,31,39,0.03133,0.15,ci,ci40662050,2026-07-27T17:44:49.450Z,"8 km SSW of Hemet, CA",earthquake,0.21,0.25,0.045274764127867,5,reviewed,ci,ci
2026-07-27T12:47:18.561Z,51.563,-173.45,20,3,ml,23,215,0.8,0.9,ak,aka2026oticyf,2026-07-28T20:48:16.040Z,"87 km SE of Atka, Alaska",earthquake,7.2,0,0.1,19,reviewed,ak,ak
2026-07-27T12:45:04.980Z,38.487166666667,-112.90783333333,3.52,0.85,md,9,104,0.01529,0.04,uu,uu80146491,2026-07-27T15:19:24.780Z,"13 km NE of Milford, Utah",earthquake,0.34,0.45,0.52869517330192,4,reviewed,uu,uu
2026-07-27T12:40:33.308Z,61.17,-146.812,0,1.4,ml,13,73,0.3,0.7,ak,aka2026othxcj,2026-07-28T20:47:04.005Z,"25 km W of Valdez, Alaska",ice quake,4.6,0,0.2,11,reviewed,ak,ak
2026-07-27T12:35:01.300Z,19.034666666667,-155.421,47.49,2.05,ml,38,211,0.1262,0.19,hv,hv75008627,2026-07-31T03:31:30.490Z,"17 km ESE of Naalehu, Hawaii",earthquake,0.68,0.76,0.067216194971492,6,reviewed,hv,hv
2026-07-27T12:32:23.952Z,62.226,-150.83,67.2,1.7,ml,32,46,0.3,1,ak,aka2026othqac,2026-07-28T20:24:59.482Z,"30 km S of Petersville, Alaska",earthquake,2.9,3.2565,0.2,23,reviewed,ak,ak
2026-07-27T12:30:17.420Z,19.103,-155.41083333333,40.93,1.76,ml,26,200,0.0712,0.13,hv,hv75008622,2026-07-31T03:24:28.510Z,"13 km SSE of Pāhala, Hawaii",earthquake,0.83,0.73,0.19671093153281,5,reviewed,hv,hv
2026-07-27T12:26:46.133Z,32.125,-101.105,6.0791,1.4,ml,19,65,0.2,0.1,tx,tx2026oqybqg,2026-07-28T20:24:57.637Z,"24 km E of Forsan, Texas",earthquake,1.0199204918215,2.1175087890115,0.2,10,reviewed,tx,tx
2026-07-27T12:26:06.100Z,19.110333333333,-155.40516666667,41.09,2.05,ml,26,260,0.07007,0.14,hv,hv75008617,2026-07-31T03:03:59.050Z,"12 km SE of Pāhala, Hawaii",earthquake,1.04,0.66,0.2462215617283,10,reviewed,hv,hv
2026-07-27T12:25:14.900Z,33.488166666667,-116.49883333333,12.11,0.37,ml,14,229,0.08663,0.12,ci,ci40662034,2026-07-27T13:26:07.718Z,"18 km ESE of Anza, CA",earthquake,0.74,0.59,0.082596119177334,7,reviewed,ci,ci
2026-07-27T12:17:28.560Z,19.088666666667,-155.56583333333,48.45,2.22,ml,44,163,0.1184,0.18,hv,hv75008607,2026-07-31T02:55:56.750Z,"2 km NNE of Naalehu, Hawaii",earthquake,0.58,0.63,0.24696356989347,23,reviewed,hv,hv
2026-07-27T12:08:51.030Z,38.829166412354,-122.82199859619,1.4900000095367,0.57,md,7,117,0.01095,0.01,nc,nc75406567,2026-07-27T12:10:26.780Z,"8 km NW of The Geysers, CA",earthquake,0.48,0.910000026,0.37,8,automatic,nc,nc
2026-07-27T12:06:59.370Z,34.044333333333,-116.9125,15.63,0.49,ml,28,87,0.05279,0.14,ci,ci40662026,2026-07-27T13:26:23.595Z,"12 km E of Yucaipa, CA",earthquake,0.18,0.44,0.1289906369586,7,reviewed,ci,ci
2026-07-27T12:03:00.860Z,33.65,-116.72383333333,12.03,0.36,ml,21,61,0.04579,0.16,ci,ci40662018,2026-07-27T13:26:27.640Z,"10 km S of Idyllwild, CA",earthquake,0.28,0.54,0.17295358417737,9,reviewed,ci,ci
2026-07-27T11:59:47.014Z,-4.4854,153.3412,114.648,4.6,mb,59,130,1.21,0.81,us,us7000t3ng,2026-07-27T12:16:39.040Z,"120 km E of Kokopo, Papua New Guinea",earthquake,10.51,6.678,0.071,59,reviewed,us,us
2026-07-27T11:44:52.080Z,19.146833333333,-155.499,34.27,1.65,ml,45,148,0.0359,0.13,hv,hv75008587,2026-07-31T02:44:26.650Z,"6 km SSW of Pāhala, Hawaii",earthquake,0.47,0.6,0.17104513976,8,reviewed,hv,hv
2026-07-27T11:41:55.723Z,61.469,-150.629,60.7,1.2,ml,16,94,0.1,0.8,ak,aka2026otfygg,2026-07-28T20:24:43.170Z,"10 km SW of Susitna, Alaska",earthquake,6.8,4.5449,0.2,13,reviewed,ak,ak
2026-07-27T11:37:55.849Z,61.211,-147.182,16,1,ml,9,85,0.3,0.4,ak,aka2026otfuur,2026-07-28T20:23:04.847Z,"45 km W of Valdez, Alaska",earthquake,6.5,10.3659,0.1,7,reviewed,ak,ak
2026-07-27T11:36:12.768Z,34.0615,-106.9797,9.515,2.6,ml,30,66,0.188,0.45,us,us7000t3n8,2026-07-27T15:07:47.896Z,"8 km W of Socorro, New Mexico",earthquake,1.96,7.971,0.105,12,reviewed,us,us
2026-07-27T11:35:51.590Z,34.851666666667,-119.23183333333,10.17,1.14,ml,23,115,0.006507,0.16,ci,ci40662010,2026-07-27T18:51:27.075Z,"8 km W of Pine Mountain Club, CA",earthquake,0.3,0.32,0.19899562659088,15,reviewed,ci,ci
2026-07-27T11:30:48.446Z,58.847,-152.564,59.5,2.9,ml,115,82,0.3,0.8,ak,aka2026otfopk,2026-07-28T21:24:35.156Z,"67 km SSW of Nanwalek, Alaska",earthquake,2.8,2.8352,0.1,85,reviewed,ak,ak
2026-07-27T11:26:08.680Z,46.203166666667,-122.18783333333,1.21,0.54,md,12,91,0.0147,0.07,uw,uw714062861,2026-07-29T20:51:09.730Z,"38 km NNE of Amboy, Washington",earthquake,0.2,0.22,0.36598604629268,7,reviewed,uw,uw
2026-07-27T11:24:13.995Z,59.219,-152.997,95.2,1.8,ml,37,72,0.2,0.6,ak,aka2026otfixs,2026-07-28T20:22:04.851Z,"63 km WSW of Nanwalek, Alaska",earthquake,4.3,2.4804,0.2,28,reviewed,ak,ak
2026-07-27T11:21:29.730Z,47.712666666667,-113.79683333333,8.04,-0.55,ml,7,139,0.08015,0.03,mb,mb90203568,2026-07-29T19:36:02.280Z,"20 km E of Finley Point, Montana",earthquake,0.52,1.34,0.16979607209585,2,reviewed,mb,mb
2026-07-27T11:20:32.080Z,46.199666666667,-122.18783333333,-1.83,-0.02,mh,5,111,0.001706,0.13,uw,uw714062851,2026-07-27T22:16:50.180Z,"37 km NNE of Amboy, Washington",earthquake,0.57,12.52,,0,reviewed,uw,uw
2026-07-27T11:18:34.375Z,31.769,-104.555,5.9332,1.4,ml,21,82,0,0.5,tx,tx2026oqvuym,2026-07-28T13:37:17.701Z,"48 km SSW of Whites City, New Mexico",earthquake,1.2098815859195,0.56169983769326,0.2,17,reviewed,tx,tx
2026-07-27T11:17:25.040Z,38.815498352051,-122.82166290283,2.4500000476837,0.93,md,7,113,0.008849,0.01,nc,nc75406557,2026-07-27T11:19:01.345Z,"7 km NW of The Geysers, CA",earthquake,0.72,1.80999994,0.18,8,automatic,nc,nc
2026-07-27T11:15:53.687Z,31.977,-103.31,6.3306,0.9,ml,10,89,0,0.1,tx,tx2026oqvsok,2026-07-28T16:10:24.855Z,"18 km SW of Jal, New Mexico",earthquake,0.88948479474586,0.81005347879447,0.1,8,reviewed,tx,tx
2026-07-27T11:10:40.100Z,60.049166666667,-153.05433333333,2.32,-0.39,ml,4,180,0.009436,0.09,av,av94337578,2026-07-28T01:59:03.780Z,"65 km ENE of Pedro Bay, Alaska",earthquake,1.07,1,0.32594282953765,4,reviewed,av,av
2026-07-27T11:08:35.260Z,28.83,-98.977,8.5968,1.8,ml,21,81,0.1,0.3,tx,tx2026oqvmix,2026-07-28T13:22:35.438Z,"13 km ESE of Pearsall, Texas",earthquake,1.7636321901048,0.88097274813381,0.1,17,reviewed,tx,tx
2026-07-27T11:07:44.827Z,31.977,-103.309,5.6512,1.7,ml,17,95,0,0.2,tx,tx2026oqvlii,2026-07-28T15:51:31.178Z,"18 km SW of Jal, New Mexico",earthquake,0.56498321665235,0.45368260336219,0.2,15,reviewed,tx,tx
2026-07-27T11:05:14.083Z,31.987,-103.297,5.7922,2,ml,19,87,0.1,0.2,tx,tx2026oqvjid,2026-07-28T15:19:57.454Z,"17 km SW of Jal, New Mexico",earthquake,1.1810535338816,0.82565249450676,0.2,13,reviewed,tx,tx
2026-07-27T11:04:36.880Z,39.3396,-119.0039,8.0743,1.9,ml,28,51,0.067,0.1545,nn,nn00922386,2026-07-27T16:56:28.620Z,"20 km ESE of Silver Springs, Nevada",earthquake,,0.7612,0.23,20,reviewed,nn,nn
2026-07-27T11:04:09.920Z,46.246666666667,-122.6405,16.87,1.6,ml,78,46,0.1171,0.11,uw,uw714062841,2026-07-29T20:49:53.390Z,"20 km E of Castle Rock, Washington",earthquake,0.13,0.29,0.16478943311279,21,reviewed,uw,uw
2026-07-27T11:01:31.270Z,19.184833333333,-155.4905,31.03,1.64,ml,26,83,0.0397,0.11,hv,hv75008577,2026-07-31T02:17:54.450Z,"2 km SSW of Pāhala, Hawaii",earthquake,0.58,0.74,0.15112061191027,7,reviewed,hv,hv
2026-07-27T10:55:25.780Z,38.832500457764,-122.80149841309,2.210000038147,1.07,md,15,59,0.01052,0.02,nc,nc75406547,2026-07-27T10:57:02.307Z,"7 km W of Cobb, CA",earthquake,0.27,0.560000002,0.18,19,automatic,nc,nc
2026-07-27T10:49:59.790Z,19.151166666667,-155.49766666667,33.44,2.28,ml,29,142,0.03388,0.1,hv,hv75008567,2026-07-31T01:47:22.050Z,"6 km SSW of Pāhala, Hawaii",earthquake,0.51,0.64,0.10962273265294,15,reviewed,hv,hv
2026-07-27T10:49:34.610Z,19.149833333333,-155.4995,34.42,2.08,ml,42,143,0.03578,0.12,hv,hv75008562,2026-07-31T01:38:22.540Z,"6 km SSW of Pāhala, Hawaii",earthquake,0.44,0.57,0.15129634060243,12,reviewed,hv,hv
2026-07-27T10:48:21.877Z,31.648,-104.214,6.1127,1.7,ml,34,64,0,0.2,tx,tx2026oquupj,2026-07-28T14:23:53.042Z,"54 km NW of Toyah, Texas",earthquake,0.5527412332134,0.56579103415113,0.1,26,reviewed,tx,tx
2026-07-27T10:46:54.790Z,-22.1762,171.3405,116.876,4.9,mb,76,73,3.63,1.04,us,us7000t3mw,2026-07-27T11:48:09.040Z,"southeast of the Loyalty Islands",earthquake,8.81,5.235,0.043,222,reviewed,us,us
2026-07-27T10:43:51.883Z,51.28,-176.13,27.7,1.8,ml,10,302,0.6,0.4,ak,aka2026otdzsq,2026-07-28T20:20:37.886Z,"74 km SSE of Adak, Alaska",earthquake,16.2,11.0249,0.2,8,reviewed,ak,ak
2026-07-27T10:37:35.970Z,38.82500076294,-122.79550170898,2.5599999427795,1.39,md,27,58,0.0115,0.02,nc,nc75406537,2026-07-27T11:52:20.014Z,"6 km W of Cobb, CA",earthquake,0.23,0.389999986,0.17,27,automatic,nc,nc
2026-07-27T10:32:58.689Z,34.44983333,-96.228,21.85,1.04,ml,32,88,0.2609487929,0.24,ok,ok2026opaa,2026-07-28T17:45:08.043Z,"2 km SSW of Lehigh, Oklahoma",earthquake,,1.2,0.24,15,reviewed,ok,ok
2026-07-27T10:27:27.720Z,33.866666666667,-116.16766666667,5.43,0.99,ml,38,81,0.05883,0.12,ci,ci40662002,2026-07-28T18:04:59.275Z,"17 km NNE of Indio, CA",earthquake,0.14,0.47,0.14910739711107,22,reviewed,ci,ci
2026-07-27T10:27:01.397Z,31.544,-104.137,7.2021,1.9,ml,34,69,0.2,0.2,tx,tx2026oqucir,2026-07-28T08:20:09.211Z,"41 km NW of Toyah, Texas",earthquake,0.83295033624011,1.9974606086662,0.2,25,reviewed,tx,tx
2026-07-27T10:24:53.249Z,-20.2441,-69.0772,105.235,4.6,mb,62,62,0.125,1.29,us,us7000t3mh,2026-07-28T02:40:49.333Z,"61 km E of La Tirana, Chile",earthquake,6.81,7.22,0.039,191,reviewed,us,us
2026-07-27T10:12:34.250Z,38.837333679199,-122.80966949463,2.170000076294,0.61,md,8,79,0.01392,0.01,nc,nc75406527,2026-07-27T10:14:11.758Z,"8 km WNW of Cobb, CA",earthquake,0.39,1.62,0.26,9,automatic,nc,nc
2026-07-27T10:12:07.250Z,51.2346,-173.1581,35,3.9,mb,46,217,1.164,1.12,us,us7000t3mg,2026-07-28T21:26:31.951Z,"128 km SSE of Atka, Alaska",earthquake,10.67,2.008,0.073,49,reviewed,us,us
2026-07-27T10:12:06.680Z,61.68,-149.946,32.9,1.4,ml,16,103,0.4,1,ak,aka2026otcyhw,2026-07-28T20:19:29.083Z,"8 km NW of Houston, Alaska",earthquake,4.2,3.3286,0.2,12,reviewed,ak,ak
2026-07-27T10:06:27.460Z,38.870666503906,-122.82350158691,1.7300000190735,0.7,md,11,157,0.01223,0.02,nc,nc75406517,2026-07-27T10:08:01.902Z,"10 km WNW of Cobb, CA",earthquake,0.49,0.5,0.07,14,automatic,nc,nc
2026-07-27T10:01:42.679Z,34.74116667,-97.76433333,20.42,1.83,ml,61,65,0.2105586812,0.29,ok,ok2026ooyz,2026-07-27T13:31:52.378Z,"12 km NNE of Bray, Oklahoma",earthquake,,0.8,0.23,29,reviewed,ok,ok
2026-07-27T09:58:31.710Z,48.625666666667,-123.0545,12.67,0.85,ml,17,91,0.02738,0.07,uw,uw714062831,2026-07-27T19:17:06.430Z,"8 km WNW of Orcas, Washington",earthquake,0.25,0.32,0.17353834888516,7,reviewed,uw,uw
2026-07-27T09:53:02.320Z,38.819332122803,-122.80100250244,2.8800001144409,0.99,md,13,87,0.008165,0.02,nc,nc75406512,2026-07-27T09:54:36.749Z,"6 km NW of The Geysers, CA",earthquake,0.43,0.610000014,0.25,15,automatic,nc,nc
2026-07-27T09:49:38.549Z,52.2153,-170.5784,19.012,2.9,ml,18,212,0.703,0.79,us,us6000tg90,2026-07-28T07:20:47.040Z,"141 km SW of Nikolski, Alaska",earthquake,8.14,5.234,0.097,14,reviewed,us,us
2026-07-27T09:44:40.052Z,32.143,-101.999,8.9111,1.4,ml,32,53,0,0.1,tx,tx2026oqsrzx,2026-07-28T16:19:42.060Z,"17 km NNE of Midland, Texas",earthquake,0.28631771067828,0.59761411535541,0.2,25,reviewed,tx,tx
2026-07-27T09:43:39.940Z,33.517833333333,-116.52833333333,11.25,0.56,ml,35,53,0.06589,0.17,ci,ci40661994,2026-07-27T13:26:55.270Z,"14 km ESE of Anza, CA",earthquake,0.19,0.47,0.16669036042169,6,reviewed,ci,ci
2026-07-27T09:37:29.136Z,59.983,-153.105,130.3,2.5,ml,115,33,0,0.6,ak,aka2026otbuir,2026-07-27T22:43:15.279Z,"60 km ENE of Pedro Bay, Alaska",earthquake,3.1,1.4397,0.2,84,reviewed,ak,ak
2026-07-27T09:33:09.950Z,52.0585,-176.177,3.13,0.6,ml,6,199,0.02004,0.32,av,av94337403,2026-07-28T07:02:21.440Z,"37 km ENE of Adak, Alaska",earthquake,1.31,1.5,0.24161692737676,5,reviewed,av,av
2026-07-27T09:27:04.984Z,53.01,-166.902,23.9,2.6,ml,18,240,0.7,0.3,ak,aka2026otbiqm,2026-07-27T22:42:11.276Z,"99 km SSW of Unalaska, Alaska",earthquake,9.6,6.3447,0.1,14,reviewed,ak,ak
2026-07-27T09:13:49.450Z,33.194,-116.0195,6.67,0.76,ml,38,58,0.04055,0.18,ci,ci40661986,2026-07-27T22:27:02.770Z,"12 km ENE of Ocotillo Wells, CA",earthquake,0.19,0.54,0.10732789595017,15,reviewed,ci,ci
2026-07-27T09:07:25.480Z,33.625,-116.81283333333,12.52,0.46,ml,20,89,0.08665,0.15,ci,ci40661978,2026-07-27T13:26:59.238Z,"15 km WNW of Anza, CA",earthquake,0.29,0.57,0.053531190630303,4,reviewed,ci,ci
2026-07-27T09:05:17.825Z,51.454,-177.013,58.7,1.6,ml,12,254,0.3,0.3,ak,aka2026otaslm,2026-07-27T22:41:45.165Z,"53 km SSW of Adak, Alaska",earthquake,32.3,12.1588,0.2,10,reviewed,ak,ak
2026-07-27T08:57:43.758Z,-23.5454,-68.633,106.991,5.4,mb,52,56,0.723,1.4,us,us7000t3m7,2026-07-28T09:03:20.371Z,"82 km SSW of San Pedro de Atacama, Chile",earthquake,5.12,6.163,0.072,66,reviewed,us,us
2026-07-27T08:52:53.350Z,58.232333333333,-155.1795,4.03,-0.4,ml,0,131,0.04458,0.14,av,av94337318,2026-07-28T01:41:03.570Z,"85 km NNW of Karluk, Alaska",earthquake,0.37,0.71,0.12649510127278,9,reviewed,av,av
2026-07-27T08:47:18.681Z,-24.7345,-175.3545,10,5.2,mb,39,170,5.045,0.77,us,us7000t3m6,2026-07-27T09:21:18.040Z,"south of Tonga",earthquake,13.99,1.945,0.091,40,reviewed,us,us
2026-07-27T08:44:08.090Z,-24.6958,-175.244,10,5.2,mb,70,55,5.125,0.85,us,us7000t3m5,2026-07-27T09:03:34.040Z,"south of Tonga",earthquake,9.96,1.784,0.035,269,reviewed,us,us
2026-07-27T08:40:31.372Z,51.485,-173.652,5.5,2.2,ml,10,297,0.8,0.7,ak,aka2026oszwvx,2026-07-27T22:40:26.378Z,"87 km SSE of Atka, Alaska",earthquake,52.2,22.7912,0.1,8,reviewed,ak,ak
2026-07-27T08:39:04.483Z,57.705,-155.714,11.4,1.2,ml,15,216,0.3,0.3,ak,aka2026oszvsk,2026-07-27T22:39:29.770Z,"76 km W of Karluk, Alaska",earthquake,9.1,17.0192,0.1,12,reviewed,ak,ak
2026-07-27T08:38:45.410Z,56.195,-159.43566666667,4.65,-0.16,ml,5,124,0.02746,0.19,av,av93064934,2026-07-28T01:37:02.340Z,"32 km N of Ivanof Bay, Alaska",earthquake,0.85,1.21,0.17963643612997,5,reviewed,av,av
2026-07-27T08:34:41.100Z,38.837501525879,-122.84149932861,1.7599999904633,0.72,md,14,81,0.004819,0.01,nc,nc75406492,2026-07-27T08:36:17.123Z,"10 km NW of The Geysers, CA",earthquake,0.27,0.519999981,0.11,15,automatic,nc,nc
2026-07-27T08:28:33.260Z,19.5711,-64.4798,43,3.84,md,19,289,1.0834,0.45,pr,pr2026208000,2026-07-27T10:42:55.882Z,"141 km NNE of Cruz Bay, U.S. Virgin Islands",earthquake,3.2,16.45,0.1,6,reviewed,pr,pr
2026-07-27T08:25:38.786Z,37.3232,-117.4296,2.2979,1.58,ml,10,311,0.136,0.2405,nn,nn00922374,2026-07-27T08:27:50.424Z,"46 km SSW of Goldfield, Nevada",earthquake,,1.4255,0.3,2,automatic,nn,nn
2026-07-27T08:22:14.980Z,51.833,176.2598,10,3.1,ml,15,202,1.4,0.42,us,us6000tg6q,2026-07-28T07:13:20.040Z,"237 km ESE of Attu Station, Alaska",earthquake,5.12,2.007,0.085,18,reviewed,us,us
2026-07-27T08:13:16.490Z,36.958332061768,-121.44766998291,5.2399997711182,2.96,md,86,51,0.08231,0.15,nc,nc75406487,2026-07-27T23:46:51.405Z,"12 km ESE of Gilroy, CA",earthquake,0.18,0.75999999,0.1,124,automatic,nc,nc
2026-07-27T08:07:33.450Z,52.421,-169.792,12.3,2.4,ml,11,299,0.4,1.1,ak,aka2026osytmz,2026-07-27T22:35:18.425Z,"85 km SW of Nikolski, Alaska",earthquake,9.9,3.8579,0.2,9,reviewed,ak,ak
2026-07-27T07:58:56.230Z,34.165333333333,-117.59866666667,9.29,0.78,ml,25,68,0.05523,0.15,ci,ci40661954,2026-07-27T14:31:14.755Z,"5 km NNW of Rancho Cucamonga, CA",earthquake,0.28,0.35,0.16465570578,9,reviewed,ci,ci
2026-07-27T07:54:19.090Z,44.194666666667,-115.068,10.27,1.89,ml,10,113,0.1822,0.09,mb,mb90203553,2026-07-29T19:32:01.850Z,"10 km WSW of Stanley, Idaho",earthquake,0.54,0.85,0.20980784967443,12,reviewed,mb,mb
2026-07-27T07:52:12.723Z,28.817,-98.95,7.648,2.3,ml,28,80,0.2,0.4,tx,tx2026oqozei,2026-07-28T13:16:44.762Z,"16 km ESE of Pearsall, Texas",earthquake,1.5003870765407,0.8782717091281,0.2,19,reviewed,tx,tx
2026-07-27T07:47:44.826Z,51.6969,-176.6028,83.003,2.7,ml,28,194,0.192,0.28,us,us6000tg8s,2026-07-28T06:54:07.040Z,"19 km S of Adak, Alaska",earthquake,8.61,7.793,0.097,14,reviewed,us,us
2026-07-27T07:33:41.843Z,69.456,-144.024,10,1.6,ml,10,128,0.2,1,ak,aka2026osxrap,2026-07-28T21:31:56.472Z,"76 km SSW of Kaktovik, Alaska",earthquake,5.8,0,0.1,7,reviewed,ak,ak
2026-07-27T07:32:23.136Z,31.542,-104.138,8.8684,1.6,ml,21,69,0,0.2,tx,tx2026oqohrn,2026-07-29T16:07:47.608Z,"41 km NW of Toyah, Texas",earthquake,0.77410860126314,0.61967665387368,0.2,16,reviewed,tx,tx
2026-07-27T07:19:33.210Z,52.0775,-176.118,-1.78,-0.12,ml,6,130,0.02722,0.31,av,av94337158,2026-07-28T00:29:30.050Z,"42 km ENE of Adak, Alaska",earthquake,0.65,1.24,0.10568070601458,6,reviewed,av,av
2026-07-27T07:01:00.090Z,36.570667266846,-121.18699645996,5.3699998855591,2.38,md,58,28,0.001647,0.19,nc,nc75406477,2026-07-27T08:22:21.531Z,"6 km NW of Pinnacles, CA",earthquake,0.24,0.779999971,0.16,53,automatic,nc,nc
2026-07-27T06:43:55.540Z,38.817832946777,-122.80750274658,3.4400000572205,1,md,12,70,0.005906,0.01,nc,nc75406472,2026-07-27T06:45:32.364Z,"6 km NW of The Geysers, CA",earthquake,0.34,1.10000002,0.33,13,automatic,nc,nc
2026-07-27T06:43:23.864Z,62.639,-151.165,85.7,3.2,ml,156,29,0.2,1,ak,aka2026osvzkj,2026-07-28T06:40:04.040Z,"25 km NW of Petersville, Alaska",earthquake,2,2.1932,0.2,114,reviewed,ak,ak
2026-07-27T06:40:15.693Z,36.8455,-104.8157,5,3.8,mb,19,112,0.058,0.51,us,us7000t3lr,2026-07-28T13:10:26.728Z,"31 km S of Segundo, Colorado",earthquake,2.09,1.824,0.208,6,reviewed,us,us
2026-07-27T06:36:13.650Z,58.777166666667,-153.529,8.09,1.24,ml,12,126,0.1634,0.21,av,av94337078,2026-07-27T22:50:50.700Z,"87 km NNW of Aleneva, Alaska",earthquake,1.7,2.01,0.37,2,reviewed,av,av
2026-07-27T06:33:18.740Z,38.808666229248,-122.77933502197,2.8399999141693,1.22,md,21,67,0.004706,0.02,nc,nc75406467,2026-07-27T07:17:27.080Z,"4 km NNW of The Geysers, CA",earthquake,0.29,0.479999989,0.11,24,automatic,nc,nc
2026-07-27T06:29:25.750Z,38.798332214355,-122.7808303833,3.4700000286102,2.53,md,77,42,0.00756,0.07,nc,nc75406462,2026-07-27T06:52:21.901Z,"3 km NW of The Geysers, CA",earthquake,0.14,0.200000003,0.16,83,automatic,nc,nc
2026-07-27T06:26:09.489Z,59.981,-141.224,5,1.9,ml,28,151,0.3,0.7,ak,aka2026osvkmg,2026-07-27T22:17:53.736Z,"97 km WNW of Yakutat, Alaska",earthquake,4.6,2.4645,0.1,19,reviewed,ak,ak
2026-07-27T06:22:23.420Z,19.082666397095,-155.46482849121,41.040000915527,1.74,md,7,317,0.07241,0.0700000003,hv,hv75008527,2026-07-27T06:26:20.830Z,"12 km E of Naalehu, Hawaii",earthquake,4.22,2.25999999,0.011287565252918,9,automatic,hv,hv
2026-07-27T06:12:38.780Z,33.473666666667,-116.58283333333,6.27,0.7,ml,44,44,0.0265,0.19,ci,ci40661946,2026-07-27T13:28:44.590Z,"12 km SE of Anza, CA",earthquake,0.17,0.39,0.086850923912996,18,reviewed,ci,ci
2026-07-27T06:11:25.110Z,59.359833333333,-153.41933333333,-0.94,-0.32,ml,6,114,0.01328,0.21,av,av94337023,2026-07-27T18:56:07.860Z,"61 km SE of Pedro Bay, Alaska",earthquake,0.27,0.53,0.092986702067189,5,reviewed,av,av
2026-07-27T06:10:28.553Z,63.66,-147.554,3.4,1.6,ml,30,38,0.6,0.8,ak,aka2026osuwwo,2026-07-27T22:16:21.295Z,"67 km E of Denali Park, Alaska",earthquake,2.8,2.2335,0.1,23,reviewed,ak,ak
2026-07-27T06:09:22.170Z,19.118333816528,-155.40716552734,39.900001525879,1.78,md,13,260,0.06371,0.0700000003,hv,hv75008512,2026-07-27T06:13:19.360Z,"12 km SE of Pāhala, Hawaii",earthquake,1.47,1.75,0.11935268522275,11,automatic,hv,hv
2026-07-27T06:08:25.000Z,19.119333267212,-155.42033386231,40.080001831055,1.94,md,15,241,0.05337,0.0900000036,hv,hv75008507,2026-07-27T06:12:18.020Z,"11 km SSE of Pāhala, Hawaii",earthquake,1.08,1.82000005,0.21737992921255,13,automatic,hv,hv
2026-07-27T06:07:37.910Z,19.114334106445,-155.4255065918,39.150001525879,1.88,md,9,295,0.05355,0.0799999982,hv,hv75008502,2026-07-27T06:11:32.800Z,"11 km SSE of Pāhala, Hawaii",earthquake,2.33,2.5,0.19780595000469,11,automatic,hv,hv
2026-07-27T06:06:50.017Z,62.09,-149.436,15.4,3,ml,144,26,0.4,1.3,ak,aka2026osutsm,2026-07-28T07:25:12.040Z,"23 km ESE of Susitna North, Alaska",earthquake,1.5,1.6389,0.1,102,reviewed,ak,ak
2026-07-27T06:03:07.010Z,58.347666666667,-155.09166666667,3.99,-0.1,ml,6,149,0.05352,0.14,av,av94336998,2026-07-27T23:14:21.450Z,"94 km NNW of Karluk, Alaska",earthquake,0.41,1.14,0.2484876885234,6,reviewed,av,av
2026-07-27T05:57:57.310Z,38.831001281738,-122.81616973877,1.75,0.72,md,12,74,0.008964,0.01,nc,nc75406452,2026-07-27T05:59:31.805Z,"8 km NW of The Geysers, CA",earthquake,0.29,0.660000026,0.04,14,automatic,nc,nc
2026-07-27T05:55:11.467Z,-24.5457,-175.1045,10,4.8,mb,30,145,5.316,0.83,us,us7000t3ll,2026-07-27T06:25:49.040Z,"south of Tonga",earthquake,4.83,1.883,0.114,24,reviewed,us,us
2026-07-27T05:54:34.340Z,53.5528,160.2106,51.719,4.2,mb,61,105,1.571,0.43,us,us7000t3lm,2026-07-27T08:35:31.040Z,"118 km ENE of Petropavlovsk-Kamchatsky, Russia",earthquake,11.08,9.348,0.066,64,reviewed,us,us
2026-07-27T05:39:23.813Z,28.791,-98.947,3.8321,1.6,ml,18,84,0.2,0.4,tx,tx2026oqkoro,2026-07-27T14:58:19.759Z,"18 km SE of Pearsall, Texas",earthquake,2.4412626478386,1.6359815214912,0.1,8,reviewed,tx,tx
2026-07-27T05:38:16.960Z,58.369166666667,-154.9515,3.2,0.22,ml,13,131,0.08035,0.13,av,av94336958,2026-07-27T23:10:51.110Z,"93 km NNW of Karluk, Alaska",earthquake,0.33,0.84,0.14483710608713,14,reviewed,av,av
2026-07-27T05:36:13.220Z,38.816665649414,-122.8056640625,4.0500001907349,0.84,md,8,87,0.007551,0.01,nc,nc75406442,2026-07-27T05:37:51.576Z,"6 km NW of The Geysers, CA",earthquake,0.42,2.92000008,0.14,9,automatic,nc,nc
2026-07-27T05:36:07.003Z,60.517,-143.069,2,1.1,ml,16,87,0.1,0.7,ak,aka2026osttbv,2026-07-27T22:13:55.261Z,"102 km S of McCarthy, Alaska",earthquake,3.9,8.0214,0.2,12,reviewed,ak,ak
2026-07-27T05:36:05.990Z,38.87149810791,-122.82333374023,1.9700000286102,1.52,md,19,158,0.01163,0.04,nc,nc75406437,2026-07-27T06:07:22.610Z,"10 km WNW of Cobb, CA",earthquake,0.4,0.439999998,0.13,20,automatic,nc,nc
2026-07-27T05:32:30.344Z,28.806,-98.941,7.8217,2.1,ml,40,82,0.2,0.4,tx,tx2026oqkisw,2026-07-27T08:17:53.429Z,"17 km ESE of Pearsall, Texas",earthquake,1.1847414234328,0.88016922958636,0.1,14,reviewed,tx,tx
2026-07-27T05:26:15.342Z,60.145,-152.866,110.8,1.1,ml,18,118,0.1,0.9,ak,aka2026ostknq,2026-07-27T22:13:04.977Z,"66 km WNW of Happy Valley, Alaska",earthquake,7.3,3.8529,0.4,14,reviewed,ak,ak
2026-07-27T05:24:20.114Z,58.994,-152.261,55.9,1.9,ml,44,132,0.4,0.6,ak,aka2026ostiwh,2026-07-27T22:11:55.983Z,"44 km SSW of Nanwalek, Alaska",earthquake,3.9,4.1189,0.1,32,reviewed,ak,ak
2026-07-27T05:18:27.978Z,61.078,-151.745,83.2,1.4,ml,24,73,0.2,0.7,ak,aka2026ostduk,2026-07-27T22:11:16.337Z,"32 km W of Tyonek, Alaska",earthquake,4.4,3.6435,0.3,16,reviewed,ak,ak
2026-07-27T05:14:43.590Z,38.830333709717,-122.81466674805,2.1300001144409,1.07,md,14,65,0.007802,0.01,nc,nc75406427,2026-07-27T05:16:22.457Z,"8 km NW of The Geysers, CA",earthquake,0.27,0.629999995,0.19,16,automatic,nc,nc
2026-07-27T05:14:31.100Z,38.871334075928,-122.82516479492,1.4800000190735,0.33,md,7,164,0.0129,0.04,nc,nc75406422,2026-07-27T05:16:07.542Z,"10 km WNW of Cobb, CA",earthquake,0.85,1.35000002,0.14,9,automatic,nc,nc
2026-07-27T05:11:02.301Z,32.11,-101.474,8.8623,2.1,ml,41,52,0.1,0.1,tx,tx2026oqjqfp,2026-07-27T09:26:43.859Z,"10 km W of Forsan, Texas",earthquake,0.45778160060247,0.65418941462486,0.2,25,reviewed,tx,tx
2026-07-27T05:09:25.550Z,38.814167022705,-122.81566619873,2.9900000095367,0.75,md,7,97,0.0102,0.01,nc,nc75406417,2026-07-27T05:11:02.479Z,"7 km NW of The Geysers, CA",earthquake,0.57,1.74000001,0.35,9,automatic,nc,nc
2026-07-27T05:09:01.720Z,32.184,-103.155,7.7881,1.1,ml,12,73,0.1,0.1,tx,tx2026oqjomj,2026-07-28T09:58:10.728Z,"8 km NNE of Jal, New Mexico",earthquake,1.0862458455963,1.0811594843957,0.2,7,reviewed,tx,tx
2026-07-27T05:07:58.440Z,55.949833333333,-159.7345,11.42,0.85,ml,7,317,0.1562,0.21,av,av94336893,2026-07-27T22:35:18.850Z,"16 km WNW of Ivanof Bay, Alaska",earthquake,1.16,1,0.24030277742742,7,reviewed,av,av
2026-07-27T05:05:14.697Z,59.739,-153.038,108.1,1.6,ml,30,79,0.1,0.6,ak,aka2026ossshu,2026-07-27T22:10:52.871Z,"60 km E of Pedro Bay, Alaska",earthquake,5.1,2.637,0.2,21,reviewed,ak,ak
2026-07-27T05:03:20.720Z,38.873500823975,-122.82266998291,1.8799999952316,1.05,md,15,170,0.01012,0.02,nc,nc75406412,2026-07-27T05:04:57.481Z,"10 km WNW of Cobb, CA",earthquake,0.36,0.449999988,0.2,15,automatic,nc,nc
2026-07-27T05:02:35.879Z,51.3597,-179.9182,62.491,3.3,ml,40,196,0.489,0.25,us,us6000tg8n,2026-07-28T07:18:33.040Z,"234 km WSW of Adak, Alaska",earthquake,7.67,23.402,0.081,20,reviewed,us,us
2026-07-27T04:58:13.990Z,38.873500823975,-122.82266998291,1.9500000476837,0.72,md,13,170,0.01012,0.03,nc,nc75406407,2026-07-27T04:59:52.376Z,"10 km WNW of Cobb, CA",earthquake,0.63,0.800000012,0.38,16,automatic,nc,nc
2026-07-27T04:57:12.790Z,38.874168395996,-122.82382965088,2.0899999141693,0.25,md,8,177,0.01065,0.02,nc,nc75406397,2026-07-27T04:58:47.412Z,"10 km WNW of Cobb, CA",earthquake,0.86,1.40999997,0.06,8,automatic,nc,nc
2026-07-27T04:56:08.934Z,32.111,-101.475,8.7402,1,ml,12,56,0.1,0.1,tx,tx2026oqjdjo,2026-07-29T12:44:09.197Z,"10 km W of Forsan, Texas",earthquake,1.1046215460047,2.3409441607696,0.2,4,reviewed,tx,tx
2026-07-27T04:55:24.120Z,41.364333333333,-122.11366666667,1.17,1.52,md,18,41,0.05677,0.15,nc,nc75406402,2026-07-27T23:27:21.736Z,"12 km N of McCloud, CA",earthquake,0.36,1.02,0.265,12,reviewed,nc,nc
2026-07-27T04:48:16.770Z,51.815666666667,-178.776,11.62,1.29,ml,5,190,0.002664,0.2,av,av94336843,2026-07-27T19:04:38.340Z,"147 km W of Adak, Alaska",earthquake,1.43,1.01,0.34934174523134,5,reviewed,av,av
2026-07-27T04:38:58.364Z,-2.0159,-79.911,75.586,4.4,mb,33,130,0.393,0.63,us,us7000t3lb,2026-07-27T06:49:59.162Z,"11 km SE of El Triunfo, Ecuador",earthquake,7.27,7.443,0.096,31,reviewed,us,us
2026-07-27T04:34:49.545Z,28.821,-98.942,6.78,1.9,ml,25,82,0.2,0.4,tx,tx2026oqilaq,2026-07-27T11:54:55.312Z,"16 km ESE of Pearsall, Texas",earthquake,2.1666700776334,1.0708204938724,0.1,10,reviewed,tx,tx
2026-07-27T04:34:12.388Z,28.805,-98.955,7.108,2,ml,36,78,0.2,0.4,tx,tx2026oqikmx,2026-07-27T07:44:13.598Z,"16 km SE of Pearsall, Texas",earthquake,1.5205785424848,0.89884918864223,0.2,13,reviewed,tx,tx
2026-07-27T04:33:04.953Z,32.107,-101.474,7.7881,1.6,ml,39,80,0.1,0.1,tx,tx2026oqijhz,2026-07-27T10:42:12.751Z,"10 km W of Forsan, Texas",earthquake,0.57943461093371,1.8115784488532,0.2,22,reviewed,tx,tx
2026-07-27T04:32:29.850Z,34.423,-97.47916667,7.3,1.02,ml,14,91,0.05938834598,0.51,ok,ok2026oood,2026-07-28T14:43:53.962Z,"4 km SE of Ratliff City, Oklahoma",earthquake,,1.7,0.32,8,reviewed,ok,ok
2026-07-27T04:31:24.370Z,35.4017,87.6776,10,4.1,mb,18,249,10.137,0.38,us,us7000t3lc,2026-07-27T05:01:06.040Z,"western Xizang",earthquake,12.13,1.986,0.151,12,reviewed,us,us
2026-07-27T04:29:07.040Z,19.21,-155.49233333333,33.54,2.1,md,35,108,0.03869,0.13,hv,hv75008487,2026-07-31T01:30:20.850Z,"1 km WNW of Pāhala, Hawaii",earthquake,0.57,0.65,0.10847739074273,7,reviewed,hv,hv
2026-07-27T04:23:21.913Z,38.4495,-116.5126,7.708,1.77,ml,11,172,0.672,0.2491,nn,nn00922367,2026-07-27T04:25:57.202Z,"75 km NE of Tonopah, Nevada",earthquake,,0.7401,0.39,4,automatic,nn,nn
2026-07-27T04:20:05.800Z,46.679833333333,-112.32433333333,4.94,-0.07,ml,3,177,0.2013,0.1,mb,mb90203538,2026-07-29T19:22:30.180Z,"8 km SSW of Marysville, Montana",earthquake,0.56,8.06,0.25000234656236,4,reviewed,mb,mb
2026-07-27T04:18:35.205Z,61.669,-153.89,0.7,1.7,ml,21,69,0.6,0.5,ak,aka2026osrdwe,2026-07-27T22:08:14.944Z,"89 km ENE of Lime Village, Alaska",earthquake,4.6,4.6698,0.2,15,reviewed,ak,ak
2026-07-27T04:12:14.605Z,31.978,-103.295,6.3818,0.9,ml,12,67,0.1,0.2,tx,tx2026oqhrnr,2026-07-28T09:45:21.374Z,"17 km SSW of Jal, New Mexico",earthquake,1.5351919343587,1.4988069728015,0.1,5,reviewed,tx,tx
2026-07-27T04:11:43.660Z,36.249166666667,-89.432666666667,6.97,1.8,md,18,55,0.02137,0.06,nm,nm60625711,2026-07-27T12:28:27.660Z,"5 km ESE of Ridgely, Tennessee",earthquake,0.28,0.52,0.084268293939968,14,reviewed,nm,nm
2026-07-27T04:09:35.840Z,34.686666666667,-116.33733333333,2.22,1.73,ml,31,63,0.1424,0.17,ci,ci40661938,2026-07-27T13:27:32.598Z,"17 km WSW of Ludlow, CA",earthquake,0.19,0.86,0.13932330045277,26,reviewed,ci,ci
2026-07-27T04:08:25.230Z,38.872665405273,-122.82516479492,1.75,1.04,md,17,168,0.01223,0.03,nc,nc75406372,2026-07-27T04:10:02.229Z,"10 km WNW of Cobb, CA",earthquake,0.37,0.340000004,0.07,18,automatic,nc,nc
2026-07-27T04:07:56.300Z,36.063666666667,-117.84066666667,4.1,0.78,ml,15,65,0.05502,0.14,ci,ci10246462,2026-07-27T16:25:04.180Z,"10 km ENE of Coso Junction, CA",earthquake,0.26,0.42,0.23783574959,8,reviewed,ci,ci
2026-07-27T04:07:49.750Z,36.063,-117.83983333333,3.46,0.8,ml,17,55,0.05581,0.09,ci,ci40661930,2026-07-27T15:38:17.223Z,"10 km ENE of Coso Junction, CA",earthquake,0.13,0.27,0.20807754777475,9,reviewed,ci,ci
2026-07-27T04:06:49.020Z,36.064166666667,-117.8435,2.74,0.93,ml,23,52,0.05409,0.14,ci,ci40661922,2026-07-27T15:34:29.368Z,"10 km ENE of Coso Junction, CA",earthquake,0.2,0.72,0.1777584244301,12,reviewed,ci,ci
2026-07-27T04:05:47.950Z,52.072333333333,-176.17883333333,3.27,-0.26,ml,6,198,0.02128,0.3,av,av93064909,2026-07-27T22:16:17.480Z,"38 km NE of Adak, Alaska",earthquake,1.1,1.37,0.30261123747169,6,reviewed,av,av
2026-07-27T04:04:46.473Z,63.482,-147.514,1,1.6,ml,22,59,0.6,0.6,ak,aka2026osqrws,2026-07-27T22:06:14.667Z,"72 km E of Cantwell, Alaska",earthquake,2.7,2.229,0.1,17,reviewed,ak,ak
2026-07-27T04:00:10.570Z,60.040666666667,-153.08083333333,0.12,-0.66,ml,4,127,0.01884,0.06,av,av94336778,2026-07-27T19:18:39.230Z,"63 km ENE of Pedro Bay, Alaska",earthquake,0.46,1.28,0.31866392440843,4,reviewed,av,av
2026-07-27T03:55:38.260Z,38.872001647949,-122.82399749756,1.75,1.58,md,22,162,0.01177,0.03,nc,nc75406362,2026-07-27T04:32:20.978Z,"10 km WNW of Cobb, CA",earthquake,0.31,0.340000004,0.13,25,automatic,nc,nc
2026-07-27T03:50:56.620Z,18.004166666667,-66.910333333333,11.9,1.93,md,9,121,0.02284,0.14,pr,pr71526008,2026-07-27T10:31:04.290Z,"1 km NNE of Fuig, Puerto Rico",earthquake,0.47,0.55,0.14493540006789,4,reviewed,pr,pr
2026-07-27T03:48:54.600Z,60.030666666667,-153.05,-2.97,-0.16,ml,5,146,0.0214,0.43,av,av94336738,2026-07-27T19:16:09.010Z,"65 km ENE of Pedro Bay, Alaska",earthquake,1.55,4.52,0.1706323642786,5,reviewed,av,av
2026-07-27T03:47:48.540Z,31.654,-104.369,6.0999,2.8,ml,37,70,0.1,0.2,tx,tx2026oqgtjm,2026-07-27T04:03:56.438Z,"57 km S of Whites City, New Mexico",earthquake,0.70565661276649,0.59789924050003,0.2,29,reviewed,tx,tx
2026-07-27T03:45:58.841Z,51.54,-176.472,58.7,1.8,ml,18,220,0.3,0.3,ak,aka2026osqbox,2026-07-27T22:04:38.052Z,"38 km SSE of Adak, Alaska",earthquake,24.2,9.452,0.2,14,reviewed,ak,ak
2026-07-27T03:44:25.680Z,60.053666666667,-153.045,0.4,-0.67,ml,4,228,0.01004,0.02,av,av94336728,2026-07-27T21:56:17.280Z,"66 km ENE of Pedro Bay, Alaska",earthquake,0.8,0.3,0.28085322022225,5,reviewed,av,av
2026-07-27T03:40:21.400Z,47.339666666667,-113.11466666667,14.67,1.39,ml,18,111,0.2758,0.17,mb,mb90203533,2026-07-29T19:18:58.910Z,"33 km ENE of Seeley Lake, Montana",earthquake,0.38,0.69,0.16730078898128,13,reviewed,mb,mb
2026-07-27T03:36:43.273Z,-24.5001,-175.1714,10,5.2,mww,53,85,11.53,0.8,us,us7000t3l3,2026-07-27T03:54:13.040Z,"south of Tonga",earthquake,11.31,1.852,0.11,8,reviewed,us,us
2026-07-27T03:25:54.370Z,17.958666666667,-66.909333333333,15.27,2.08,md,8,202,0.03294,0.13,pr,pr71525998,2026-07-27T10:19:29.140Z,"1 km S of Guánica, Puerto Rico",earthquake,0.78,0.58,0.07363309621828,5,reviewed,pr,pr
2026-07-27T03:22:50.368Z,51.516,-173.245,9.1,3.7,ml,29,217,0.9,1.1,ak,aka2026osphnn,2026-07-27T22:04:30.621Z,"100 km SE of Atka, Alaska",earthquake,10.1,4.29,0.1,23,reviewed,ak,ak
2026-07-27T03:19:11.960Z,52.117833333333,-176.16633333333,8.94,0.64,ml,6,273,0.02527,0.32,av,av94336693,2026-07-27T22:07:47.930Z,"42 km NE of Adak, Alaska",earthquake,1.55,1.45,0.28809849889515,6,reviewed,av,av
2026-07-27T03:12:50.040Z,33.623166666667,-116.81466666667,12.55,0.65,ml,22,65,0.08654,0.09,ci,ci40661914,2026-07-27T13:32:23.385Z,"15 km WNW of Anza, CA",earthquake,0.24,0.37,0.20385854096422,11,reviewed,ci,ci
2026-07-27T03:12:04.308Z,-24.4378,-175.0899,10,5,mb,71,57,5.418,0.91,us,us7000t3kz,2026-07-27T03:37:25.040Z,"south of Tonga",earthquake,10.69,1.806,0.05,127,reviewed,us,us
2026-07-27T03:10:48.943Z,51.489,-173.261,20,2.5,ml,18,307,0.9,1,ak,aka2026osoxdn,2026-07-27T22:01:53.242Z,"101 km SE of Atka, Alaska",earthquake,10.4,0,0.1,14,reviewed,ak,ak
2026-07-27T03:04:58.930Z,19.469499588013,-155.17950439453,39.110000610352,1.87,md,7,303,0.07751,0.0799999982,hv,hv75008457,2026-07-27T03:08:31.580Z,"4 km W of Fern Forest, Hawaii",earthquake,2.71,2.72000003,0.20221906898312,17,automatic,hv,hv
2026-07-27T02:56:26.002Z,61.759,-148.668,8.7,1.4,ml,16,124,0.1,0.7,ak,aka2026osokqa,2026-07-27T21:57:56.772Z,"5 km ESE of Sutton-Alpine, Alaska",earthquake,3.8,2.3968,0.1,13,reviewed,ak,ak
2026-07-27T02:56:10.029Z,35.12316667,-97.911,11,0.69,ml,16,209,0.03329346669,0.24,ok,ok2026ooky,2026-07-28T14:34:57.914Z,"5 km SW of Amber, Oklahoma",earthquake,,1.3,0.25,6,reviewed,ok,ok
2026-07-27T02:42:55.815Z,51.581,-173.401,20,2.2,ml,11,307,0.8,0.9,ak,aka2026osnyyq,2026-07-27T21:55:54.520Z,"87 km SE of Atka, Alaska",earthquake,11.6,0,0.1,9,reviewed,ak,ak
2026-07-27T02:42:32.090Z,32.822,-115.7105,9.23,1.63,ml,40,41,0.0322,0.26,ci,ci40661906,2026-07-27T14:19:10.398Z,"13 km WSW of Imperial, CA",earthquake,0.29,0.55,0.15038035974695,35,reviewed,ci,ci
2026-07-27T02:42:09.380Z,-24.4062,-175.1665,10,4.9,mww,35,67,7.199,1.02,us,us7000t3kw,2026-07-27T03:33:26.040Z,"south of Tonga",earthquake,10.46,1.825,0.11,8,reviewed,us,us
2026-07-27T02:38:43.760Z,35.692333333333,-117.4735,5.4,0.58,ml,20,124,0.0488,0.19,ci,ci40661898,2026-07-27T13:28:29.955Z,"10 km SW of Searles Valley, CA",earthquake,0.37,1,0.13701736719585,5,reviewed,ci,ci
2026-07-27T02:38:41.210Z,38.825500488281,-122.80300140381,2.5,1.08,md,16,55,0.005911,0.01,nc,nc75406347,2026-07-27T02:40:16.327Z,"7 km NW of The Geysers, CA",earthquake,0.28,0.540000021,0.25,17,automatic,nc,nc
2026-07-27T02:32:52.596Z,-24.5786,-175.1244,10,4.9,mww,37,67,7.299,1.08,us,us7000t3ku,2026-07-27T03:27:49.040Z,"south of Tonga",earthquake,11.9,1.318,0.103,9,reviewed,us,us
2026-07-27T02:32:42.851Z,63.358,-145.071,5.2,1.5,ml,17,73,0.3,0.5,ak,aka2026osnqbe,2026-07-27T21:53:36.868Z,"38 km SSW of Dry Creek, Alaska",earthquake,3.6,2.7143,0.1,12,reviewed,ak,ak
2026-07-27T02:28:57.370Z,51.860166666667,-178.1485,4.73,0.69,ml,5,213,0.006918,0.13,av,av94336618,2026-07-27T21:43:45.270Z,"104 km W of Adak, Alaska",earthquake,0.61,0.71,0.31149382859928,5,reviewed,av,av
2026-07-27T02:27:46.640Z,35.326,-117.80766666667,6.55,1.33,ml,45,35,0.06625,0.2,ci,ci40661890,2026-07-27T13:28:45.788Z,"17 km WSW of Johannesburg, CA",earthquake,0.19,0.5,0.16743345692633,27,reviewed,ci,ci
2026-07-27T02:26:28.770Z,33.505333333333,-116.57483333333,12.53,1.57,ml,85,21,0.02521,0.22,ci,ci40661882,2026-07-27T13:29:50.700Z,"11 km ESE of Anza, CA",earthquake,0.14,0.4,0.14053303698231,26,reviewed,ci,ci
2026-07-27T02:21:17.090Z,35.595666666667,-84.3335,13.26,1.49,md,9,85,0.1359,0.04,se,se60506018,2026-07-27T12:14:08.550Z,"8 km W of Vonore, Tennessee",earthquake,0.37,1.24,0.046452070419473,6,reviewed,se,se
2026-07-27T02:20:41.150Z,6.2427,-82.4545,10,4.3,mb,23,150,3.101,0.81,us,us7000t3kq,2026-07-27T03:19:57.040Z,"203 km SSE of Burica, Panama",earthquake,8.45,1.957,0.161,11,reviewed,us,us
2026-07-27T02:14:50.279Z,23.1882,120.5356,18.643,4.5,mb,59,68,0.141,0.74,us,us7000t3kn,2026-07-27T04:16:45.808Z,"10 km NE of Yujing, Taiwan",earthquake,4.07,4.463,0.075,53,reviewed,us,us
2026-07-27T02:13:32.627Z,60.11,-153.332,152.6,1.6,ml,24,130,0.1,0.5,ak,aka2026osmzlk,2026-07-27T21:52:16.771Z,"55 km E of Port Alsworth, Alaska",earthquake,6.6,3.0835,0.6,18,reviewed,ak,ak
2026-07-27T02:11:32.091Z,-22.3919,-20.2634,10,4.9,mb,48,62,19.928,0.95,us,us7000t3kp,2026-07-27T03:06:10.040Z,"South Atlantic Ocean",earthquake,12.5,1.872,0.06,86,reviewed,us,us
2026-07-27T02:07:42.020Z,34.528833333333,-118.83916666667,8.51,0.92,ml,22,59,0.08092,0.19,ci,ci40661874,2026-07-27T15:11:31.913Z,"13 km NNW of Piru, CA",earthquake,0.29,0.78,0.07345687823902,8,reviewed,ci,ci
2026-07-27T01:54:14.139Z,-24.5442,-175.1465,10,5.1,mb,57,67,7.287,1.03,us,us7000t3km,2026-07-27T02:59:26.040Z,"south of Tonga",earthquake,12.33,1.781,0.06,91,reviewed,us,us
2026-07-27T01:54:01.074Z,51.8514,176.1496,10,3.1,ml,14,203,1.466,1.08,us,us6000tg6n,2026-07-27T22:22:55.040Z,"230 km ESE of Attu Station, Alaska",earthquake,6.09,1.994,0.091,18,reviewed,us,us
2026-07-27T01:42:41.610Z,33.459833333333,-116.54766666667,10.1,1.01,ml,44,29,0.05733,0.21,ci,ci40661866,2026-07-27T13:33:06.870Z,"16 km SE of Anza, CA",earthquake,0.22,0.48,0.15661496119095,28,reviewed,ci,ci
2026-07-27T01:40:21.330Z,34.043666666667,-116.77516666667,14.12,1.11,ml,46,33,0.02838,0.17,ci,ci40661858,2026-07-27T13:29:33.813Z,"14 km N of Cabazon, CA",earthquake,0.17,0.33,0.16027729844746,30,reviewed,ci,ci
2026-07-27T01:38:43.182Z,-24.5027,-175.1661,10,4.9,mb,31,67,7.269,0.93,us,us7000t3kk,2026-07-27T01:57:40.040Z,"south of Tonga",earthquake,12.09,1.87,0.087,41,reviewed,us,us
2026-07-27T01:36:41.300Z,34.040166666667,-116.77166666667,13.61,2.08,ml,97,30,0.0304,0.2,ci,ci40661850,2026-07-27T13:29:50.706Z,"14 km N of Cabazon, CA",earthquake,0.14,0.34,0.23218956354046,24,reviewed,ci,ci
2026-07-27T01:36:30.150Z,34.041333333333,-116.7735,13.81,1.67,ml,61,30,0.02913,0.17,ci,ci40661842,2026-07-27T13:29:54.601Z,"14 km N of Cabazon, CA",earthquake,0.16,0.32,0.18266574346882,27,reviewed,ci,ci
2026-07-27T01:34:29.120Z,-24.5389,-175.2032,10,4.9,mb,40,124,7.318,0.62,us,us7000t3kj,2026-07-27T02:50:31.040Z,"south of Tonga",earthquake,9.73,1.594,0.099,32,reviewed,us,us
2026-07-27T01:26:01.144Z,28.811,-98.985,7.8614,2,ml,22,81,0.1,0.4,tx,tx2026oqceiv,2026-07-27T11:42:10.898Z,"14 km SE of Pearsall, Texas",earthquake,1.4642339396481,1.1194741214251,0.1,11,reviewed,tx,tx
2026-07-27T01:05:37.825Z,-16.5628,-173.9167,80.466,4.6,mb,42,79,3.348,1.08,us,us7000t3kd,2026-07-27T01:22:56.040Z,"68 km S of Hihifo, Tonga",earthquake,9.8,7.225,0.041,176,reviewed,us,us
2026-07-27T01:01:54.535Z,31.942,-103.784,6.8176,0.3,ml,10,73,0,0.1,tx,tx2026oqbjnq,2026-07-28T14:14:26.296Z,"31 km NNW of Mentone, Texas",earthquake,0.82355887967756,0.89282256334813,0.1,6,reviewed,tx,tx
2026-07-27T00:57:14.095Z,59.099,-153.64,104.5,1.3,ml,15,63,0.2,0.4,ak,aka2026osklgw,2026-07-27T21:48:06.384Z,"70 km SE of Pope-Vannoy Landing, Alaska",earthquake,6,4.2619,0.2,13,reviewed,ak,ak
2026-07-27T00:55:16.259Z,53.532,-164.75,16.5,2.6,ml,21,238,0.8,0.7,ak,aka2026oskjoe,2026-07-27T21:46:28.506Z,"95 km SE of Akutan, Alaska",earthquake,6.5,5.8237,0.1,16,reviewed,ak,ak
2026-07-27T00:52:34.219Z,35.09616667,-97.8595,8.25,0.29,ml,15,165,0.04409134777,0.11,ok,ok2026oogw,2026-07-28T14:27:24.831Z,"7 km SSE of Amber, Oklahoma",earthquake,,0.8,0.32,6,reviewed,ok,ok
2026-07-27T00:46:49.026Z,62.339,-149.13,1,2,ml,20,114,0.5,0.7,ak,aka2026oskcgi,2026-07-27T21:46:39.833Z,"42 km ENE of Susitna North, Alaska",earthquake,2.9,3.1522,0.1,16,reviewed,ak,ak
2026-07-27T00:46:22.816Z,53.472,-167.05,14.7,2.3,ml,23,210,0.3,0.3,ak,aka2026oskbwf,2026-07-27T21:42:42.168Z,"56 km SW of Unalaska, Alaska",earthquake,13,5.9479,0.2,19,reviewed,ak,ak
2026-07-27T00:43:03.951Z,32.048,-102.274,8.7646,0.5,ml,19,79,0.1,0.2,tx,tx2026oqathl,2026-07-28T12:56:00.739Z,"10 km ENE of Gardendale, Texas",earthquake,1.0197268662779,1.1568120328452,0.2,6,reviewed,tx,tx
2026-07-27T00:38:44.233Z,32,-102.004,7.2021,0,ml,22,60,0,0.2,tx,tx2026oqapuo,2026-07-29T12:49:15.340Z,"6 km E of Midland, Texas",earthquake,1.1856771583182,0.63200433248436,0.2,6,reviewed,tx,tx
2026-07-27T00:35:26.028Z,51.419,-179.1,73.8,2.5,ml,29,194,0.2,0.5,ak,aka2026osjsjh,2026-07-27T21:41:56.621Z,"178 km WSW of Adak, Alaska",earthquake,16,4.022,0.2,22,reviewed,ak,ak
2026-07-27T00:31:12.167Z,50.469,-176.603,4.4,2.2,ml,10,310,1.4,0.7,ak,aka2026osjory,2026-07-27T21:41:15.992Z,"156 km S of Adak, Alaska",earthquake,9.6,6.2178,0.1,8,reviewed,ak,ak
2026-07-27T00:28:59.585Z,62.312,-148.699,18.2,2.5,ml,102,21,0.5,0.9,ak,aka2026osjmuh,2026-07-27T21:40:51.993Z,"58 km NNW of Chickaloon, Alaska",earthquake,1.7,2.088,0.2,75,reviewed,ak,ak
2026-07-27T00:26:46.306Z,51.388,-173.248,27.5,2.6,ml,17,307,1,0.8,ak,aka2026osjkzr,2026-07-27T21:37:44.559Z,"111 km SE of Atka, Alaska",earthquake,13.3,14.2837,0.1,13,reviewed,ak,ak
2026-07-27T00:22:45.470Z,38.836666107178,-122.81033325195,1.8200000524521,1.04,md,17,55,0.01325,0.01,nc,nc75406317,2026-07-27T00:24:21.309Z,"8 km WNW of Cobb, CA",earthquake,0.22,0.579999983,0.13,19,automatic,nc,nc
2026-07-27T00:21:51.670Z,38.842666625977,-122.81383514404,8.0100002288818,0.2,md,9,77,0.01409,0.08,nc,nc75406312,2026-07-27T00:23:31.546Z,"8 km WNW of Cobb, CA",earthquake,1.5,5.71000004,0.06,9,automatic,nc,nc
2026-07-27T00:18:53.460Z,35.8665,-117.70466666667,10.07,0.36,ml,15,78,0.07574,0.11,ci,ci40661826,2026-07-27T17:18:23.778Z,"20 km ESE of Little Lake, CA",earthquake,0.22,0.42,0.12393736583425,9,reviewed,ci,ci
2026-07-27T00:17:34.719Z,31.974,-103.309,6.9458,1.3,ml,17,83,0,0.2,tx,tx2026opzxdk,2026-07-28T12:30:32.002Z,"18 km SW of Jal, New Mexico",earthquake,1.3209584923833,0.75410390448211,0.2,6,reviewed,tx,tx
2026-07-27T00:16:36.905Z,53.241,-166.706,59,2.5,ml,21,225,0.6,0.6,ak,aka2026osjcbv,2026-07-27T21:35:42.071Z,"71 km S of Unalaska, Alaska",earthquake,30.4,18.3063,0.1,17,reviewed,ak,ak
2026-07-27T00:06:01.450Z,38.1847,-117.7946,8.2308,1.97,ml,15,118,0.261,0.1189,nn,nn00922361,2026-07-27T16:14:55.576Z,"35 km SE of Mina, Nevada",earthquake,,4.7557,0.17,8,reviewed,nn,nn
2026-07-27T00:05:16.747Z,31.658,-104.235,6.7664,1.8,ml,41,65,0,0.2,tx,tx2026opzmtd,2026-07-27T09:36:38.697Z,"56 km NW of Toyah, Texas",earthquake,0.63957978876316,0.62577809839416,0.2,30,reviewed,tx,tx
2026-07-26T23:53:47.021Z,32.14,-101.092,8.7646,1.4,ml,36,47,0.2,0.2,tx,tx2026opzcvf,2026-07-28T11:33:20.014Z,"24 km SSW of Westbrook, Texas",earthquake,0.74866603073279,1.6595211557016,0.1,14,reviewed,tx,tx
2026-07-26T23:50:31.410Z,35.3395,-117.80466666667,4.22,0.88,ml,14,79,0.0794,0.15,ci,ci40661818,2026-07-27T13:32:41.813Z,"16 km WSW of Johannesburg, CA",earthquake,0.39,0.47,0.14311266323381,9,reviewed,ci,ci
2026-07-26T23:45:49.840Z,36.967498779297,-121.45216369629,4.789999961853,2.36,md,65,54,0.0894,0.16,nc,nc75406302,2026-07-27T00:52:19.520Z,"11 km ESE of Gilroy, CA",earthquake,0.21,0.860000014,0.13,59,automatic,nc,nc
2026-07-26T23:44:06.354Z,61.863,-149.278,5,1.2,ml,8,137,0.2,0.8,ak,aka2026oshzve,2026-07-26T23:45:38.487Z,"13 km N of Fishhook, Alaska",earthquake,6.9,,0.2,4,automatic,ak,ak
2026-07-26T23:28:26.370Z,52.074,-176.13583333333,-1.33,-0.45,ml,5,118,0.01893,0.12,av,av94336288,2026-07-28T16:12:49.970Z,"40 km ENE of Adak, Alaska",earthquake,0.36,1.1,0.11824139513759,5,reviewed,av,av
2026-07-26T23:19:46.670Z,36.006,-117.90366666667,5.58,1.08,ml,21,76,0.0109,0.14,ci,ci40661810,2026-07-27T13:30:53.426Z,"6 km SE of Coso Junction, CA",earthquake,0.2,0.39,0.2044996931973,14,reviewed,ci,ci
2026-07-26T23:14:41.489Z,59.95,-153.435,151.5,2.2,ml,108,41,0.2,0.8,ak,aka2026oshais,2026-07-26T23:17:29.971Z,"41 km ENE of Pedro Bay, Alaska",earthquake,3.2,1.809,0.2,37,automatic,ak,ak
2026-07-26T23:13:18.410Z,33.037666666667,-116.41383333333,9.09,0.11,ml,6,181,0.06573,0.07,ci,ci10246510,2026-07-28T18:22:59.148Z,"18 km ESE of Julian, CA",earthquake,0.39,0.75,0.19119570150802,2,reviewed,ci,ci
2026-07-26T23:13:16.080Z,33.151833333333,-116.0085,6.98,1.16,ml,46,51,0.03365,0.15,ci,ci40661802,2026-07-28T18:20:08.590Z,"12 km E of Ocotillo Wells, CA",earthquake,0.13,0.35,0.16173447215096,24,reviewed,ci,ci
2026-07-26T23:02:48.924Z,61.616,-148.321,5,1.2,ml,10,63,0.2,1,ak,aka2026osgqai,2026-07-26T23:03:57.987Z,"21 km SSE of Chickaloon, Alaska",earthquake,5.2,,0.5,4,automatic,ak,ak
2026-07-26T23:01:09.300Z,34.020166666667,-117.23033333333,15.9,1.98,ml,110,21,0.08694,0.17,ci,ci40661794,2026-07-27T13:31:59.510Z,"4 km SE of Loma Linda, CA",earthquake,0.11,0.23,0.25633932699209,25,reviewed,ci,ci
2026-07-26T22:56:54.430Z,46.9095,-123.59,14.87,0.46,md,6,181,0.1151,0.15,uw,uw714062621,2026-07-27T18:09:51.260Z,"8 km S of Montesano, Washington",earthquake,2.01,1.08,0.22113052494513,7,reviewed,uw,uw
2026-07-26T22:49:24.670Z,19.260000228882,-155.40432739258,33.04999923706,1.81,md,18,91,0.02329,0.140000001,hv,hv75008412,2026-07-26T22:53:12.250Z,"10 km NE of Pāhala, Hawaii",earthquake,0.86,0.779999971,0.12004583503501,14,automatic,hv,hv
2026-07-26T22:44:40.450Z,62.237,-151.005,73.9,2.4,ml,43,89,0.3,0.7,ak,aka2026osgaik,2026-07-27T00:52:54.661Z,"31 km SSW of Petersville, Alaska",earthquake,3.1,3.37,0.4,4,automatic,ak,ak
2026-07-26T22:39:29.080Z,36.0655,-117.82783333333,1.39,0.98,ml,15,64,0.05639,0.21,ci,ci40661786,2026-07-27T13:30:57.427Z,"11 km ENE of Coso Junction, CA",earthquake,0.32,0.43,0.25558196016223,8,reviewed,ci,ci
2026-07-26T22:39:02.826Z,-22.5127,-20.2453,10,5,mb,51,61,19.959,0.8,us,us7000t3jr,2026-07-26T23:08:39.040Z,"South Atlantic Ocean",earthquake,12.83,1.843,0.055,106,reviewed,us,us
2026-07-26T22:38:48.950Z,36.064,-117.8405,2.76,1.42,ml,22,64,0.05472,0.13,ci,ci40661778,2026-07-27T13:31:11.922Z,"10 km ENE of Coso Junction, CA",earthquake,0.19,0.61,0.21644873598573,19,reviewed,ci,ci
2026-07-26T22:37:42.830Z,33.073333333333,-116.06916666667,9.74,0.73,ml,24,42,0.1259,0.16,ci,ci40661770,2026-07-27T17:25:12.218Z,"10 km SE of Ocotillo Wells, CA",earthquake,0.18,0.93,0.12287201621723,11,reviewed,ci,ci
2026-07-26T22:35:39.780Z,38.810001373291,-122.77183532715,1.3099999427795,1.08,md,12,82,0.007641,0.02,nc,nc75406272,2026-07-26T22:37:16.596Z,"4 km NNW of The Geysers, CA",earthquake,0.33,0.699999988,0.06,12,automatic,nc,nc
2026-07-26T22:34:52.233Z,58.117,-155.557,5,0.5,ml,6,122,0.1,0.2,ak,aka2026osfrvm,2026-07-26T22:36:05.935Z,"89 km NW of Karluk, Alaska",earthquake,9,,0.2,5,automatic,ak,ak
2026-07-26T22:30:15.520Z,33.4825,-116.45383333333,10.37,0.89,ml,25,57,0.1246,0.22,ci,ci40661762,2026-07-27T13:31:27.853Z,"22 km ESE of Anza, CA",earthquake,0.26,0.67,0.16851748937569,23,reviewed,ci,ci
2026-07-26T22:29:37.092Z,59.796,-153.353,130.2,1.8,ml,71,63,0.2,0.7,ak,aka2026osfngs,2026-07-26T22:33:09.916Z,"42 km E of Pedro Bay, Alaska",earthquake,4,2.3412,0.2,36,automatic,ak,ak
2026-07-26T22:29:18.210Z,35.3295,-117.8065,6.84,2.1,ml,55,36,0.06979,0.18,ci,ci40661754,2026-07-27T13:31:58.622Z,"16 km WSW of Johannesburg, CA",earthquake,0.14,0.41,0.17272777410994,26,reviewed,ci,ci
2026-07-26T22:24:21.600Z,35.331666666667,-117.8045,6.08,0.98,ml,26,92,0.07246,0.2,ci,ci40661746,2026-07-27T13:31:53.673Z,"16 km WSW of Johannesburg, CA",earthquake,0.33,0.57,0.13499826000159,16,reviewed,ci,ci
2026-07-26T22:21:45.060Z,37.619834899902,-121.45516967773,12.89999961853,1.72,md,7,175,0.03904,0.04,nc,nc75406262,2026-07-26T22:52:23.768Z,"14 km S of Tracy, CA",earthquake,1.72,0.639999986,0.3,7,automatic,nc,nc
2026-07-26T22:19:53.800Z,19.168500900269,-155.49783325195,29.379999160767,1.87,md,14,216,0.1171,0.140000001,hv,hv75008397,2026-07-26T22:23:22.050Z,"4 km SSW of Pāhala, Hawaii",earthquake,1.24,0.829999983,0.23064802193589,16,automatic,hv,hv
2026-07-26T22:17:10.792Z,28.804,-98.966,7.7386,1.8,ml,21,82,0.1,0.2,tx,tx2026opvxpt,2026-07-27T18:42:53.089Z,"15 km SE of Pearsall, Texas",earthquake,1.5750199237089,1.1156535084976,0.1,16,reviewed,tx,tx
2026-07-26T22:00:25.809Z,36.45633333,-98.79133333,7.68,1.21,ml,21,72,0.009898057663,0.16,ok,ok2026oobe,2026-07-27T19:43:17.788Z,"16 km SSE of Waynoka, Oklahoma",earthquake,,0.3,0.21,9,reviewed,ok,ok
2026-07-26T21:57:16.750Z,58.26,-154.967,5,0.5,ml,12,147,0.1,0.3,ak,aka2026oselgb,2026-07-27T23:43:25.310Z,"82 km NNW of Karluk, Alaska",earthquake,5.9,,0.3,4,automatic,ak,ak
2026-07-26T21:54:48.860Z,19.130666732788,-155.50733947754,35.389999389648,1.71,md,8,242,0.1534,0.0900000036,hv,hv75008387,2026-07-26T21:58:35.890Z,"8 km SSW of Pāhala, Hawaii",earthquake,1.28,1.40999997,0.05554387754514,12,automatic,hv,hv
2026-07-26T21:53:43.018Z,28.853,-98.974,5.5562,2,ml,13,79,0.1,0.2,tx,tx2026opvdkg,2026-07-27T13:04:17.216Z,"12 km ESE of Pearsall, Texas",earthquake,1.917223648804,1.8649358185572,0.1,14,reviewed,tx,tx
2026-07-26T21:51:34.540Z,17.969166666667,-66.848,12.12,2.15,md,9,199,0.03032,0.1,pr,pr71525988,2026-07-26T22:06:39.470Z,"4 km SW of Indios, Puerto Rico",earthquake,0.41,0.56,0.16920907199444,6,reviewed,pr,pr
2026-07-26T21:49:26.640Z,33.621166666667,-116.82083333333,13.09,1.2,ml,57,29,0.08918,0.21,ci,ci40661738,2026-07-27T13:33:13.490Z,"15 km WNW of Anza, CA",earthquake,0.19,0.44,0.17668732175012,28,reviewed,ci,ci
2026-07-26T21:44:07.754Z,-24.4024,-67.3754,183.747,4.3,mb,32,75,1.621,0.87,us,us7000t3ji,2026-07-26T22:13:33.040Z,"109 km W of San Antonio de los Cobres, Argentina",earthquake,7.14,10.488,0.202,7,reviewed,us,us
2026-07-26T21:34:39.850Z,57.964,-155.9395,12.67,0.28,ml,7,140,0.2136,0.2,av,av94336058,2026-07-27T23:32:22.750Z,"89 km ESE of Egegik, Alaska",earthquake,0.93,1.67,0.21294277162711,8,reviewed,av,av
2026-07-26T21:29:50.270Z,46.849,-121.76783333333,0,0.46,ml,14,85,0.01734,0.07,uw,uw714062601,2026-07-27T18:05:47.430Z,"22 km ENE of Ashford, Washington",earthquake,0.21,0.48,0.24097009742082,4,reviewed,uw,uw
2026-07-26T21:29:27.290Z,61.199333333333,-152.26433333333,4.35,0.31,ml,11,165,0.02685,0.12,av,av94336053,2026-07-27T23:27:52.430Z,"62 km WNW of Tyonek, Alaska",earthquake,0.39,0.55,0.18915023699498,11,reviewed,av,av
2026-07-26T21:28:00.180Z,32.483666666667,-115.58833333333,10.03,1.46,ml,24,82,0.2022,0.32,ci,ci40661730,2026-07-27T14:59:27.069Z,"11 km S of Progreso, B.C., MX",earthquake,0.48,1.54,0.30792087016278,13,reviewed,ci,ci
2026-07-26T21:20:20.810Z,47.753,-120.3205,-0.2,1.23,ml,14,72,0.1091,0.08,uw,uw714062581,2026-07-27T18:02:39.820Z,"12 km NW of Entiat, Washington",earthquake,0.2,31.61,0.14566798364533,13,reviewed,uw,uw
2026-07-26T20:58:39.876Z,64.965,-147.401,5,1.3,ml,14,82,0.2,0.5,ak,aka2026oscmkm,2026-07-26T21:00:01.041Z,"10 km E of Fox, Alaska",earthquake,5.4,,0.3,4,automatic,ak,ak
2026-07-26T20:55:30.060Z,37.784168243408,-122.21116638184,11.489999771118,2.03,md,62,37,0.0274,0.16,nc,nc75406207,2026-07-26T21:42:20.303Z,"2 km SE of Oakland, CA",earthquake,0.21,0.469999999,0.27,45,automatic,nc,nc
2026-07-26T20:53:17.220Z,35.695666666667,-117.52283333333,8.18,1.07,ml,27,56,0.08627,0.12,ci,ci40661722,2026-07-27T13:32:19.328Z,"13 km SW of Searles Valley, CA",earthquake,0.18,0.62,0.1603778617609,14,reviewed,ci,ci
2026-07-26T20:51:12.549Z,57.957,-155.93,19.6,0.9,ml,11,140,0.2,0.3,ak,aka2026oscfyl,2026-07-27T23:17:51.710Z,"90 km ESE of Egegik, Alaska",earthquake,8.1,6.4125,0.2,5,automatic,ak,ak
2026-07-26T20:46:03.678Z,56.756,-155.367,10.1,1.8,ml,10,222,0.7,0.7,ak,aka2026oscbmd,2026-07-26T20:48:04.664Z,"75 km WSW of Akhiok, Alaska",earthquake,9.5,5.5088,0,4,automatic,ak,ak
2026-07-26T20:37:31.820Z,61.203,-152.2645,4.09,1.02,ml,11,157,0.02708,0.12,av,av94335948,2026-07-27T23:09:51.950Z,"62 km WNW of Tyonek, Alaska",earthquake,0.39,0.58,0.16879576411191,11,reviewed,av,av
2026-07-26T20:33:59.340Z,60.4755,-152.80766666667,1.21,-1.1,ml,4,140,0.02112,0.06,av,av94335943,2026-07-28T15:32:46.330Z,"78 km NW of Ninilchik, Alaska",earthquake,0.38,0.93,0.34605550163841,4,reviewed,av,av
2026-07-26T20:31:34.079Z,60.527,-151.942,80,1.4,ml,25,69,0.2,0.6,ak,aka2026osboxz,2026-07-26T20:32:56.124Z,"35 km WSW of Salamatof, Alaska",earthquake,5.5,3.7874,0.1,4,automatic,ak,ak
2026-07-26T20:30:59.080Z,19.823833333333,-155.621,23.55,3.03,ml,49,92,0.04754,0.14,hv,hv75008357,2026-07-27T16:19:37.125Z,"21 km SE of Waikoloa, Hawaii",earthquake,0.43,0.7,0.25637513711734,31,reviewed,hv,hv
2026-07-26T20:28:09.100Z,38.787498474121,-122.93733215332,1.0700000524521,1.11,md,7,150,0.05783,0.03,nc,nc75406172,2026-07-26T21:27:23.205Z,"7 km ESE of Cloverdale, CA",earthquake,0.92,5.23999977,0.12,9,automatic,nc,nc
2026-07-26T20:27:58.340Z,36.054832458496,-120.19400024414,6.0700001716614,1.79,md,10,111,0.03628,0.05,nc,nc75406167,2026-07-26T21:07:23.062Z,"8 km NW of Avenal, CA",earthquake,0.31,0.50999999,0.43,5,automatic,nc,nc
2026-07-26T20:06:48.840Z,35.314833333333,-117.80766666667,7.96,1.12,ml,36,86,0.05667,0.17,ci,ci40661698,2026-07-26T20:13:50.019Z,"17 km WSW of Johannesburg, CA",earthquake,0.19,0.45,0.25671542340649,22,reviewed,ci,ci
2026-07-26T20:02:53.150Z,47.148166666667,-121.99233333333,14.7,1.6,ml,32,85,0.04002,0.12,uw,uw714062571,2026-07-27T17:55:28.430Z,"3 km ESE of Buckley, Washington",earthquake,0.26,0.49,0.17631147907073,7,reviewed,uw,uw
2026-07-26T19:36:46.022Z,62.312,-150.987,73.8,1.8,ml,35,63,0.2,0.7,ak,aka2026orztkg,2026-07-26T19:38:34.030Z,"23 km SSW of Petersville, Alaska",earthquake,3,3.6161,0.5,4,automatic,ak,ak
2026-07-26T19:33:48.550Z,61.336333333333,-152.219,7.35,-0.41,ml,4,197,0.07745,0.09,av,av94335843,2026-07-28T18:42:33.720Z,"64 km WNW of Beluga, Alaska",earthquake,1.91,4.16,0.22464190342383,4,reviewed,av,av
2026-07-26T19:29:35.740Z,38.834999084473,-122.7928314209,1.8600000143051,1.04,md,16,71,0.00392,0.02,nc,nc75406142,2026-07-26T19:31:10.044Z,"6 km WNW of Cobb, CA",earthquake,0.24,0.449999988,0.3,15,automatic,nc,nc
2026-07-26T19:23:33.650Z,35.7605,-118.4435,8.02,0.88,ml,17,64,0.01608,0.11,ci,ci40661690,2026-07-26T20:14:37.495Z,"2 km WNW of Kernville, CA",earthquake,0.25,0.39,0.22220287227296,7,reviewed,ci,ci
2026-07-26T19:17:30.041Z,31.63,-104.218,6.087,1.6,ml,33,66,0.1,0.2,tx,tx2026oppyrl,2026-07-27T19:08:46.556Z,"53 km NW of Toyah, Texas",earthquake,0.50047247545119,0.81908102962184,0.2,27,reviewed,tx,tx
2026-07-26T19:16:46.750Z,38.817333221435,-122.79716491699,2.329999923706,1.18,md,26,58,0.009464,0.02,nc,nc75406132,2026-07-26T19:47:22.516Z,"6 km NW of The Geysers, CA",earthquake,0.22,0.360000014,0.16,27,automatic,nc,nc
2026-07-26T19:09:43.640Z,45.889166666667,-122.476,11.88,0.77,ml,13,274,0.0587,0.09,uw,uw714062501,2026-07-29T20:14:02.610Z,"3 km SW of Amboy, Washington",earthquake,0.43,0.47,0.080181414217773,2,reviewed,uw,uw
2026-07-26T19:06:17.479Z,31.648,-104.197,6.9202,1.6,ml,37,63,0.1,0.2,tx,tx2026oppowv,2026-07-27T19:11:48.718Z,"53 km NW of Toyah, Texas",earthquake,0.55901629947434,0.77165278273825,0.2,29,reviewed,tx,tx
2026-07-26T18:58:23.560Z,35.660666666667,-117.46966666667,9.11,0.83,ml,26,39,0.03768,0.16,ci,ci40661682,2026-07-26T20:14:20.736Z,"13 km SSW of Searles Valley, CA",earthquake,0.22,0.61,0.12667890524252,11,reviewed,ci,ci
2026-07-26T18:46:31.918Z,62.471,-151.988,107.3,1.8,ml,51,69,0.4,0.8,ak,aka2026orybvx,2026-07-26T18:48:18.751Z,"61 km NNW of Skwentna, Alaska",earthquake,3.8,2.739,0.5,4,automatic,ak,ak
2026-07-26T18:40:06.070Z,38.815498352051,-122.81449890137,2.7799999713898,0.77,md,18,59,0.00861,0.03,nc,nc75406122,2026-07-26T18:41:41.828Z,"7 km NW of The Geysers, CA",earthquake,0.3,0.550000012,0.24,18,automatic,nc,nc
2026-07-26T18:38:29.530Z,33.506333333333,-116.508,13.22,1.12,ml,55,31,0.07956,0.22,ci,ci40661674,2026-07-26T18:55:20.061Z,"16 km ESE of Anza, CA",earthquake,0.19,0.48,0.17642368894731,25,reviewed,ci,ci
2026-07-26T18:25:36.686Z,28.837,-98.976,6.8071,1.6,ml,13,82,0.1,0.3,tx,tx2026opogbe,2026-07-28T20:52:59.012Z,"13 km ESE of Pearsall, Texas",earthquake,1.6266733001599,1.2118247398733,0.1,12,reviewed,tx,tx
2026-07-26T18:19:40.684Z,29.9365,-42.8052,10,5.4,mww,106,63,16.325,0.48,us,us7000t3in,2026-07-27T18:26:18.816Z,"northern Mid-Atlantic Ridge",earthquake,10.23,1.856,0.066,22,reviewed,us,us
2026-07-26T18:15:31.398Z,-23.4795,179.8773,535.429,4.6,mb,40,67,5.956,0.75,us,us7000t3il,2026-07-26T18:30:40.040Z,"south of the Fiji Islands",earthquake,13.82,8.859,0.084,42,reviewed,us,us
2026-07-26T18:14:31.340Z,52.049166666667,-176.11383333333,-1.74,-0.71,ml,4,113,0.0203,0.19,av,av94335653,2026-07-28T16:03:49.420Z,"40 km ENE of Adak, Alaska",earthquake,0.6,1.08,0.22530801911819,4,reviewed,av,av
2026-07-26T18:05:48.220Z,17.933333333333,-66.735,16.33,2.15,md,7,232,0.1435,0.08,pr,pr71525973,2026-07-26T19:43:03.120Z,"7 km SSW of Tallaboa, Puerto Rico",earthquake,0.69,1.06,0.077018083974812,6,reviewed,pr,pr
2026-07-26T18:04:57.340Z,36.015166666667,-117.8055,3.57,0.57,ml,6,113,0.03272,0.08,ci,ci10246454,2026-07-27T15:07:14.850Z,"13 km NE of Little Lake, CA",earthquake,0.3,0.54,0.13704655471456,4,reviewed,ci,ci
2026-07-26T18:04:45.760Z,36.012666666667,-117.80616666667,2.8,0.87,ml,6,89,0.03019,0.06,ci,ci10246446,2026-07-27T15:04:44.392Z,"12 km NE of Little Lake, CA",earthquake,0.19,0.48,0.16938646460181,4,reviewed,ci,ci
2026-07-26T18:04:41.930Z,36.018,-117.814,1.54,0.88,ml,17,97,0.03568,0.1,ci,ci40661658,2026-07-27T15:02:43.093Z,"12 km NE of Little Lake, CA",earthquake,0.13,0.14,0.17370310111622,7,reviewed,ci,ci
2026-07-26T18:01:58.675Z,31.964,-104.058,7.9968,0.6,ml,12,73,0,0.2,tx,tx2026opnlre,2026-07-28T20:41:53.421Z,"28 km S of Malaga, New Mexico",earthquake,1.2830724300102,0.85669556748861,0.2,10,reviewed,tx,tx
2026-07-26T18:00:02.858Z,48.2221,154.2133,71.451,4.4,mb,56,134,5.37,0.58,us,us7000t3ij,2026-07-26T18:16:37.040Z,"Kuril Islands",earthquake,10.68,7.757,0.071,57,reviewed,us,us
2026-07-26T17:56:49.230Z,18.111,-68.9111,113,3.7,md,13,237,0.6655,0.54,pr,pr2026207001,2026-07-26T19:10:40.481Z,"35 km S of La Romana, Dominican Republic",earthquake,6.4,2.71,0.17,6,reviewed,pr,pr
2026-07-26T17:55:11.594Z,28.886,-98.96,8.5242,1.7,ml,23,73,0.1,0.3,tx,tx2026opnfwa,2026-07-28T12:23:06.334Z,"13 km E of Pearsall, Texas",earthquake,1.9909134943753,1.0304893364681,0.1,12,reviewed,tx,tx
2026-07-26T17:54:54.930Z,51.7845,-178.81316666667,4.31,0.33,ml,5,122,0.02781,0.05,av,av94335593,2026-07-28T15:46:47.300Z,"150 km W of Adak, Alaska",earthquake,0.56,1.01,0.28636073473832,5,reviewed,av,av
2026-07-26T17:52:18.370Z,35.313833333333,-117.80616666667,7.74,1.05,ml,33,56,0.05654,0.18,ci,ci40661650,2026-07-26T18:55:34.755Z,"17 km WSW of Johannesburg, CA",earthquake,0.21,0.62,0.15796778230571,17,reviewed,ci,ci
2026-07-26T17:49:51.789Z,53.574,-164.739,15.9,2.8,ml,28,212,0.8,0.8,ak,aka2026orwesp,2026-07-31T02:01:13.872Z,"92 km SE of Akutan, Alaska",earthquake,5.2,5.3183,0.1,22,reviewed,ak,ak
2026-07-26T17:49:19.666Z,62.156,-150.171,7.1,1.6,ml,18,87,0.3,0.9,ak,aka2026orwegj,2026-07-31T01:57:53.429Z,"16 km W of Susitna North, Alaska",earthquake,3.2,2.5904,0.2,14,reviewed,ak,ak
2026-07-26T17:45:41.848Z,52.836,-168.287,35.2,3.5,ml,45,206,0.4,0.9,ak,aka2026orwbbl,2026-07-31T01:56:14.631Z,"40 km ESE of Nikolski, Alaska",earthquake,8.3,4.4948,0.1,33,reviewed,ak,ak
2026-07-26T17:45:21.480Z,32.994833333333,-116.4575,11.07,0.7,ml,20,117,0.04559,0.13,ci,ci40661634,2026-07-26T18:55:50.549Z,"16 km SE of Julian, CA",earthquake,0.2,0.3,0.16447416042298,10,reviewed,ci,ci
2026-07-26T17:43:27.088Z,28.825,-98.964,8.7429,1.9,ml,31,81,0.1,0.4,tx,tx2026opmvsy,2026-07-28T12:47:39.791Z,"14 km ESE of Pearsall, Texas",earthquake,2.2023978361282,1.135478982109,0.1,16,reviewed,tx,tx
2026-07-26T17:32:33.610Z,36.158666666667,-117.84716666667,3.13,1.12,ml,20,94,0.04147,0.13,ci,ci40661626,2026-07-26T18:55:54.549Z,"16 km NE of Coso Junction, CA",earthquake,0.26,0.42,0.24330476233801,15,reviewed,ci,ci
2026-07-26T17:29:59.610Z,17.966333333333,-66.9135,13.87,2.29,md,7,197,0.03373,0.17,pr,pr71525948,2026-07-26T17:40:16.590Z,"0 km SW of Guánica, Puerto Rico",earthquake,0.95,0.45,0.075916594890363,5,reviewed,pr,pr
2026-07-26T17:29:13.394Z,-28.0972,-66.7262,157.114,4.5,mb,38,55,3.3,0.84,us,us7000t3ia,2026-07-26T17:46:44.040Z,"53 km N of Arauco, Argentina",earthquake,2.67,8.033,0.101,29,reviewed,us,us
2026-07-26T17:26:36.053Z,34.996,-101.386,6.7627,2.8,ml,11,72,0.3,0.3,tx,tx2026opmhex,2026-07-26T21:57:45.677Z,"13 km S of Claude, Texas",earthquake,2.3730076812978,2.5489297703378,0.1,19,reviewed,tx,tx
2026-07-26T17:16:52.320Z,38.828666687012,-122.81549835205,1.6599999666214,0.95,md,18,44,0.006757,0.02,nc,nc75406092,2026-07-26T17:18:31.308Z,"8 km NW of The Geysers, CA",earthquake,0.23,0.479999989,0.19,20,automatic,nc,nc
2026-07-26T17:16:12.986Z,51.3761,-175.1461,35,3.9,mb,50,188,0.916,0.9,us,us7000t3i7,2026-07-31T01:51:58.689Z,"112 km SW of Atka, Alaska",earthquake,6.45,1.973,0.079,42,reviewed,us,us
2026-07-26T17:13:53.480Z,33.451833333333,-116.554,9.98,1.42,ml,66,23,0.05874,0.21,ci,ci40661618,2026-07-26T18:56:09.384Z,"16 km SE of Anza, CA",earthquake,0.15,0.33,0.1500934149599,28,reviewed,ci,ci
2026-07-26T17:12:53.532Z,51.601,-174.115,5,2.1,ml,16,276,0.6,0.9,ak,aka2026oruysd,2026-07-31T01:48:18.170Z,"66 km S of Atka, Alaska",earthquake,10.5,0,0.1,12,reviewed,ak,ak
2026-07-26T17:04:41.740Z,38.820999145508,-122.81050109863,2.5599999427795,1.24,md,29,34,0.002416,0.04,nc,nc75406087,2026-07-26T17:37:20.714Z,"7 km NW of The Geysers, CA",earthquake,0.21,0.400000006,0.11,28,automatic,nc,nc
2026-07-26T17:01:13.372Z,31.648,-104.23,6.0999,1.6,ml,42,65,0,0.2,tx,tx2026opllie,2026-07-28T11:06:22.883Z,"55 km NW of Toyah, Texas",earthquake,0.58941670425626,0.67474582612363,0.2,31,reviewed,tx,tx
2026-07-26T16:51:03.943Z,51.788,-175.837,78.8,2.4,ml,25,197,0.2,0.3,ak,aka2026orufsn,2026-07-31T01:45:32.296Z,"55 km E of Adak, Alaska",earthquake,25.5,5.1403,0.1,19,reviewed,ak,ak
2026-07-26T16:49:40.950Z,34.43833333,-97.485,5.19,0.65,ml,19,98,0.07558516761,0.38,ok,ok2026onqy,2026-07-27T19:39:03.626Z,"2 km ESE of Ratliff City, Oklahoma",earthquake,,1.7,0.2,9,reviewed,ok,ok
2026-07-26T16:44:01.880Z,60.499166666667,-152.8535,0.72,-0.73,ml,6,172,0.01333,0.17,av,av94335463,2026-07-28T18:20:58.110Z,"82 km NW of Ninilchik, Alaska",earthquake,0.75,0.39,0.23394682386207,6,reviewed,av,av
2026-07-26T16:40:28.480Z,39.299331665039,-123.21566772461,5.9099998474121,2.09,md,27,67,0.01512,0.08,nc,nc75406082,2026-07-26T23:06:40.814Z,"4 km NNW of Redwood Valley, CA",earthquake,0.21,0.99000001,0.13,23,automatic,nc,nc
2026-07-26T16:34:40.885Z,61.896,-151.127,76.9,2.1,ml,48,36,0.2,0.8,ak,aka2026ortrnk,2026-07-31T01:45:31.459Z,"17 km SE of Skwentna, Alaska",earthquake,2.5,2.4796,0.1,36,reviewed,ak,ak
2026-07-26T16:30:33.000Z,47.498166666667,-113.80383333333,14.11,-0.18,ml,6,135,0.1327,0.04,mb,mb90203513,2026-07-27T20:53:18.750Z,"7 km WSW of Condon, Montana",earthquake,0.44,1.13,0.28687542977934,2,reviewed,mb,mb
2026-07-26T16:27:41.510Z,38.837665557861,-122.8253326416,1.9299999475479,0.67,md,9,88,0.007984,0.01,nc,nc75406077,2026-07-26T16:29:16.920Z,"9 km NW of The Geysers, CA",earthquake,0.43,1.29999995,0.39,10,automatic,nc,nc
2026-07-26T16:21:38.655Z,57.968,-155.969,15.2,1,ml,10,134,0.2,0.3,ak,aka2026ortgft,2026-07-27T22:54:19.990Z,"87 km ESE of Egegik, Alaska",earthquake,9,12.5612,0.3,4,automatic,ak,ak
2026-07-26T16:12:16.700Z,60.374,-147.735,18.6,1.8,ml,19,97,0.4,0.6,ak,aka2026orsycj,2026-07-31T01:42:37.648Z,"37 km NNE of Chenega, Alaska",earthquake,3.5,2.7928,0.1,15,reviewed,ak,ak
2026-07-26T16:07:00.824Z,51.5863,-173.3058,35.452,3.7,mb,37,184,0.828,1.09,us,us7000t3ib,2026-07-27T16:05:55.040Z,"91 km SE of Atka, Alaska",earthquake,4.06,12.034,0.139,13,reviewed,us,us
2026-07-26T16:01:29.905Z,28.831,-98.969,8.6212,1.3,ml,16,81,0.1,0.4,tx,tx2026opjlxf,2026-07-28T13:30:38.976Z,"14 km ESE of Pearsall, Texas",earthquake,2.3302652765216,1.2456062631022,0.2,8,reviewed,tx,tx
2026-07-26T15:56:41.635Z,51.323,-173.278,5,2.6,ml,15,306,1,0.8,ak,aka2026orskqp,2026-07-31T01:39:48.453Z,"116 km SSE of Atka, Alaska",earthquake,9.3,0,0.1,13,reviewed,ak,ak
2026-07-26T15:55:17.090Z,52.066,-176.1305,1.21,-0.24,ml,5,103,0.01341,0.17,av,av94335353,2026-07-28T15:59:49.110Z,"40 km ENE of Adak, Alaska",earthquake,0.53,1.17,0.26059788418857,5,reviewed,av,av
2026-07-26T15:54:30.691Z,62.911,-150.39,95.3,1.9,ml,41,54,0.4,0.7,ak,aka2026orsiru,2026-07-31T01:37:15.318Z,"50 km NNE of Petersville, Alaska",earthquake,2.8,3.2205,0.2,31,reviewed,ak,ak
2026-07-26T15:53:02.052Z,51.434,-173.391,5.7,3,ml,26,218,0.9,0.7,ak,aka2026orshiz,2026-07-31T01:36:24.583Z,"101 km SSE of Atka, Alaska",earthquake,8.8,4.3471,0.1,20,reviewed,ak,ak
2026-07-26T15:48:57.425Z,13.6502,-91.6062,68.029,4.1,mb,25,233,1.792,0.91,us,us7000t3hy,2026-07-27T15:43:13.040Z,"69 km SSW of Nueva Concepción, Guatemala",earthquake,15.83,14.154,0.084,39,reviewed,us,us
2026-07-26T15:48:54.640Z,53.866666666667,-166.7555,7.49,-0.35,ml,5,107,0.04447,0.04,av,av94335338,2026-07-28T17:55:25.720Z,"14 km W of Dutch Harbor, Alaska",earthquake,0.39,0.68,0.15684663360938,5,reviewed,av,av
2026-07-26T15:43:12.705Z,51.496,-173.427,2.2,2.7,ml,22,301,0.9,0.7,ak,aka2026orryxv,2026-07-31T01:35:08.563Z,"94 km SE of Atka, Alaska",earthquake,29.8,12.5498,0.1,17,reviewed,ak,ak
2026-07-26T15:38:56.861Z,60.536,-139.935,8.9,1.6,ml,15,88,0.5,0.7,ak,aka2026orrveg,2026-07-31T01:33:06.491Z,"110 km N of Yakutat, Alaska",earthquake,5.1,3.4045,0.1,13,reviewed,ak,ak
2026-07-26T15:36:35.230Z,35.982166666667,-91.785,4.48,1.7,md,9,141,0.2085,0.16,nm,nm60506023,2026-07-27T12:50:17.290Z,"3 km NW of Mount Pleasant, Arkansas",earthquake,0.61,4.96,0.079881862260693,9,reviewed,nm,nm
2026-07-26T15:34:02.884Z,14.1966,-91.2056,95.936,4.3,mb,55,198,1.414,0.91,us,us7000t3hw,2026-07-27T15:25:09.040Z,"10 km E of Nueva Concepción, Guatemala",earthquake,14.47,10.783,0.046,132,reviewed,us,us
2026-07-26T15:31:59.620Z,33.5395,-117.71433333333,11.69,1.37,ml,35,120,0.05237,0.15,ci,ci40661602,2026-07-26T16:15:53.792Z,"2 km NNW of Laguna Niguel, CA",earthquake,0.21,0.33,0.34691487408913,31,reviewed,ci,ci
2026-07-26T15:26:01.010Z,38.81233215332,-122.80966949463,2.6099998950958,0.75,md,16,47,0.01105,0.02,nc,nc75406047,2026-07-26T15:27:36.411Z,"6 km NW of The Geysers, CA",earthquake,0.27,0.600000024,0.13,18,automatic,nc,nc
2026-07-26T15:20:53.736Z,51.509,-173.46,1.5,2.9,ml,21,217,0.8,0.5,ak,aka2026orrfov,2026-07-31T00:56:15.180Z,"91 km SSE of Atka, Alaska",earthquake,10.2,4.2319,0.2,11,reviewed,ak,ak
2026-07-26T15:18:35.781Z,51.511,-173.318,10,3.9,ml,39,211,0.9,0.9,ak,aka2026orrdow,2026-07-31T00:55:48.173Z,"97 km SE of Atka, Alaska",earthquake,7.5,3.4601,0.1,31,reviewed,ak,ak
2026-07-26T15:13:56.270Z,60.0835,-152.90866666667,8.66,-0.02,ml,4,314,0.082,0.23,av,av94335273,2026-07-28T16:35:51.170Z,"67 km WNW of Happy Valley, Alaska",earthquake,2.53,3.36,0.19607689031203,4,reviewed,av,av
2026-07-26T15:11:02.504Z,51.126,-178.509,19.2,2.8,ml,21,220,0.5,0.9,ak,aka2026orqxaf,2026-07-31T00:53:13.367Z,"154 km WSW of Adak, Alaska",earthquake,6.5,3.7659,0.2,17,reviewed,ak,ak
2026-07-26T15:10:15.860Z,38.835666656494,-122.81283569336,1.7200000286102,0.59,md,10,57,0.01244,0.01,nc,nc75406032,2026-07-26T15:11:50.129Z,"8 km W of Cobb, CA",earthquake,0.32,0.689999998,0.42,11,automatic,nc,nc
2026-07-26T15:09:08.070Z,37.742500305176,-122.06749725342,7.4000000953674,1.07,md,8,142,0.005076,0.04,nc,nc75406027,2026-07-26T15:10:45.274Z,"6 km NNE of Castro Valley, CA",earthquake,0.84,0.449999988,0.17,7,automatic,nc,nc
2026-07-26T15:04:43.458Z,31.627,-104.125,5.8435,1.5,ml,39,53,0,0.2,tx,tx2026ophoxz,2026-07-29T15:59:58.521Z,"46 km NW of Toyah, Texas",earthquake,0.51468492257377,0.39760068059256,0.1,24,reviewed,tx,tx
2026-07-26T15:04:10.026Z,28.796,-98.947,8.0553,1.6,ml,22,83,0.2,0.4,tx,tx2026opholp,2026-07-28T13:20:07.765Z,"17 km SE of Pearsall, Texas",earthquake,2.31461390345,1.0569576791978,0.1,8,reviewed,tx,tx
2026-07-26T15:03:00.370Z,41.234333333333,-111.66966666667,8.38,0.82,md,13,92,0.1622,0.12,uu,uu80146456,2026-07-27T15:41:33.860Z,"8 km ESE of Huntsville, Utah",earthquake,0.45,1.55,0.20112019124047,9,reviewed,uu,uu
2026-07-26T15:02:39.020Z,66.6451,-140.8743,10,3,ml,26,83,0.351,0.6,us,us7000t3hq,2026-07-31T00:51:32.641Z,"126 km E of Chalkyitsik, Alaska",earthquake,5,2,0.048,56,reviewed,us,us
2026-07-26T14:57:09.193Z,52.0046,176.2529,10,3.2,ml,9,192,1.398,0.3,us,us7000t3i8,2026-07-27T15:02:17.040Z,"228 km ESE of Attu Station, Alaska",earthquake,6.16,1.986,0.105,12,reviewed,us,us
2026-07-26T14:52:59.720Z,17.956666666667,-66.840166666667,12.72,2.57,md,23,171,0.04146,0.13,pr,pr71525928,2026-07-27T14:59:23.040Z,"4 km SSW of Indios, Puerto Rico",earthquake,0.31,0.26,0.29569906146124,17,reviewed,pr,pr
2026-07-26T14:52:12.570Z,17.972166666667,-66.835666666667,11.93,2.27,md,15,164,0.04159,0.19,pr,pr71525918,2026-07-26T15:06:53.320Z,"2 km SW of Indios, Puerto Rico",earthquake,0.41,0.52,0.076434709101229,9,reviewed,pr,pr
2026-07-26T14:51:02.992Z,61.589,-149.755,36.6,1.4,ml,24,81,0.3,0.9,ak,aka2026orqewm,2026-07-31T00:50:16.145Z,"5 km SE of Houston, Alaska",earthquake,3.5,2.6088,0.2,19,reviewed,ak,ak
2026-07-26T14:46:29.940Z,39.295833587646,-122.87466430664,8.8400001525879,1.5,md,12,152,0.04309,0.1,nc,nc75406022,2026-07-26T15:57:19.031Z,"14 km SSE of Lake Pillsbury, CA",earthquake,0.46,0.930000007,0.11,7,automatic,nc,nc
2026-07-26T14:45:09.095Z,56.435,-155.985,4.7,2.1,ml,13,126,0.6,0.6,ak,aka2026orqaoy,2026-07-31T00:48:00.220Z,"124 km WSW of Akhiok, Alaska",earthquake,5.3,3.1815,0.1,10,reviewed,ak,ak
2026-07-26T14:35:15.689Z,34.93066667,-96.01633333,5.35,0.99,ml,28,151,0.02969417299,0.18,ok,ok2026onmn,2026-07-27T19:32:06.929Z,"4 km WSW of Arpelar, Oklahoma",earthquake,,0.5,0.3,13,reviewed,ok,ok
2026-07-26T14:31:04.350Z,18.948,-64.4616,77,3.73,md,18,275,0.4613,0.45,pr,pr2026207000,2026-07-26T15:40:52.040Z,"76 km NNE of Cruz Bay, U.S. Virgin Islands",earthquake,5.83,4.85,0.17,16,reviewed,pr,pr
2026-07-26T14:30:56.160Z,38.835998535156,-122.79499816894,2.2300000190735,1.13,md,18,70,0.00436,0.02,nc,nc75406017,2026-07-26T15:27:21.827Z,"6 km WNW of Cobb, CA",earthquake,0.23,0.50999999,0.13,21,automatic,nc,nc
2026-07-26T14:30:22.716Z,60.118,-150.304,43.8,2.4,ml,62,114,0.4,0.6,ak,aka2026orpntc,2026-07-30T23:04:31.291Z,"46 km NE of Fox River, Alaska",earthquake,2.9,3.8594,0.2,47,reviewed,ak,ak
2026-07-26T14:29:43.736Z,51.98,176.279,7,3.5,ml,10,194,1.4,0.4,ak,aka2026orpnjh,2026-07-30T23:01:59.487Z,"231 km ESE of Attu Station, Alaska",earthquake,25.4,11.8355,0.1,8,reviewed,ak,ak
2026-07-26T14:22:25.095Z,32.101,-102.207,8.5205,1.6,ml,62,66,0,0.1,tx,tx2026opgbmf,2026-07-28T10:44:18.194Z,"16 km NW of Midland, Texas",earthquake,0.37587900077946,0.55314518520047,0.2,31,reviewed,tx,tx
2026-07-26T14:21:32.550Z,61.221166666667,-152.17533333333,6.77,-0.5,ml,4,246,0.04548,0.14,av,av94335178,2026-07-28T18:39:32.480Z,"58 km WNW of Tyonek, Alaska",earthquake,4.31,1.25,0.19040078862426,4,reviewed,av,av
2026-07-26T14:20:18.430Z,34.039833333333,-117.2545,10.54,0.79,ml,33,43,0.0695,0.18,ci,ci40661594,2026-07-27T19:40:35.102Z,"1 km SSE of Loma Linda, CA",earthquake,0.21,0.4,0.26507886262891,16,reviewed,ci,ci
2026-07-26T14:16:01.844Z,52.3485,152.2167,493.84,4.2,mb,91,106,3.419,0.83,us,us7000t3hh,2026-07-27T14:52:26.040Z,"northwest of the Kuril Islands",earthquake,11.82,7.675,0.045,137,reviewed,us,us
2026-07-26T14:13:53.760Z,53.8655,-166.76816666667,7.01,-0.25,ml,5,106,0.05072,0.08,av,av94335153,2026-07-28T17:51:55.430Z,"15 km W of Dutch Harbor, Alaska",earthquake,0.45,0.89,0.1359412996121,5,reviewed,av,av
2026-07-26T14:10:19.457Z,51.7759,-173.2906,35,3.4,ml,8,320,0.704,0.49,us,us7000t3nw,2026-07-30T22:58:13.119Z,"78 km SE of Atka, Alaska",earthquake,11.4,2.028,0.091,16,reviewed,us,us
2026-07-26T14:08:02.230Z,38.846168518066,-122.81500244141,1.5700000524521,0.58,md,11,77,0.01069,0.01,nc,nc75406002,2026-07-26T14:09:41.706Z,"8 km WNW of Cobb, CA",earthquake,0.33,0.860000014,0.13,11,automatic,nc,nc
2026-07-26T14:05:03.972Z,54.3218,161.6456,39.025,4.4,mb,36,82,2.642,1.05,us,us7000t3hd,2026-07-27T13:54:31.040Z,"192 km SE of Atlasovo, Russia",earthquake,10.81,7.533,0.103,27,reviewed,us,us
2026-07-26T13:58:52.630Z,19.039333333333,-155.37033333333,33.79,2.04,ml,49,214,0.1444,0.14,hv,hv75008207,2026-07-31T01:21:19.930Z,"21 km SSE of Pāhala, Hawaii",earthquake,0.44,0.67,0.41817116341679,10,reviewed,hv,hv
2026-07-26T13:58:06.184Z,51.513,-173.369,9.8,3.7,ml,39,211,0.9,0.6,ak,aka2026orolrv,2026-07-30T22:56:25.357Z,"95 km SE of Atka, Alaska",earthquake,7.2,3.4511,0.1,29,reviewed,ak,ak
2026-07-26T13:56:43.527Z,51.479,-173.287,9.5,2.9,ml,24,220,0.9,0.9,ak,aka2026orokpo,2026-07-30T22:53:59.135Z,"101 km SE of Atka, Alaska",earthquake,7.2,3.1564,0.2,18,reviewed,ak,ak
2026-07-26T13:52:41.148Z,57.966,-155.938,0.2,1.8,ml,29,74,0.2,0.7,ak,aka2026orohbi,2026-07-30T22:51:56.376Z,"89 km ESE of Egegik, Alaska",earthquake,3,2.3327,0.2,22,reviewed,ak,ak
2026-07-26T13:45:52.010Z,36.125333333333,-118.1875,9.22,0.92,ml,25,65,0.1052,0.18,ci,ci40661586,2026-07-26T16:15:37.724Z,"23 km WNW of Coso Junction, CA",earthquake,0.27,0.57,0.081137040303248,10,reviewed,ci,ci
2026-07-26T13:45:43.404Z,57.951,-155.966,6.6,3,ml,52,67,0.2,0.9,ak,aka2026orobae,2026-07-30T22:50:37.203Z,"88 km ESE of Egegik, Alaska",earthquake,3,1.6237,0.1,39,reviewed,ak,ak
2026-07-26T13:45:27.591Z,62.089,-148.163,33.2,1.9,ml,56,36,0.3,0.8,ak,aka2026oroati,2026-07-30T22:48:27.910Z,"36 km NNE of Chickaloon, Alaska",earthquake,2.1,2.4803,0.2,41,reviewed,ak,ak
2026-07-26T13:39:29.094Z,37.1636,-3.6227,10,3.1,mb_lg,6,166,2.445,0.15,us,us7000t3hl,2026-07-26T15:02:37.133Z,"2 km N of Armilla, Spain",earthquake,8.36,2.001,0.295,3,reviewed,us,us
2026-07-26T13:38:34.570Z,33.873333333333,-116.177,4.96,1.1,ml,39,56,0.05207,0.16,ci,ci40661570,2026-07-27T22:46:25.476Z,"17 km NNE of Indio, CA",earthquake,0.18,0.37,0.13420341211135,22,reviewed,ci,ci
2026-07-26T13:36:16.071Z,-24.0141,-66.7348,193.092,4.4,mb,59,55,1.696,1,us,us7000t3h2,2026-07-27T13:18:33.040Z,"47 km WNW of San Antonio de los Cobres, Argentina",earthquake,4.03,7.344,0.067,63,reviewed,us,us
2026-07-26T13:30:01.710Z,38.793167114258,-122.75666809082,0.93000000715256,1.04,md,12,84,0.007818,0.02,nc,nc75405987,2026-07-26T13:31:35.395Z,"2 km N of The Geysers, CA",earthquake,0.27,0.5,0.22,12,automatic,nc,nc
2026-07-26T13:28:10.570Z,33.983833333333,-117.15316666667,11.15,0.59,ml,22,70,0.03985,0.18,ci,ci40661562,2026-07-27T18:35:19.401Z,"8 km SSE of Redlands, CA",earthquake,0.24,0.6,0.11242499439391,10,reviewed,ci,ci
2026-07-26T13:27:07.118Z,51.4392,-173.0031,35,3.2,ml,7,315,1.064,0.42,us,us7000t3i6,2026-07-27T13:06:36.040Z,"117 km SE of Atka, Alaska",earthquake,12.01,2.028,0.097,14,reviewed,us,us
2026-07-26T13:26:12.710Z,17.938666666667,-66.842833333333,13.32,2.22,md,19,181,0.05012,0.16,pr,pr71525888,2026-07-26T13:50:29.270Z,"6 km SE of Maria Antonia, Puerto Rico",earthquake,0.48,0.31,0.23243366084954,15,reviewed,pr,pr
2026-07-26T13:25:56.010Z,52.0515,178.4565,4.86,0.98,ml,4,342,0.08987,0.08,av,av94335063,2026-07-28T17:37:23.270Z,"Rat Islands, Aleutian Islands, Alaska",earthquake,1.63,2.91,0.26951152344842,4,reviewed,av,av
2026-07-26T13:25:32.897Z,59.038,-153.054,75.5,1.6,ml,35,80,0.3,0.5,ak,aka2026ornjnv,2026-07-30T22:46:36.444Z,"73 km WSW of Nanwalek, Alaska",earthquake,4,2.7939,0.2,25,reviewed,ak,ak
2026-07-26T13:22:56.440Z,33.985,-117.1535,10.86,0.8,ml,43,39,0.06082,0.19,ci,ci40661554,2026-07-26T14:36:10.404Z,"8 km SSE of Redlands, CA",earthquake,0.18,0.38,0.14417518337466,17,reviewed,ci,ci
2026-07-26T13:22:26.340Z,33.797,-115.93983333333,8.63,0.99,ml,30,74,0.1321,0.15,ci,ci40661546,2026-07-26T14:36:18.453Z,"25 km ENE of Coachella, CA",earthquake,0.24,0.65,0.14036083592017,21,reviewed,ci,ci
2026-07-26T13:20:50.250Z,33.626166666667,-116.81283333333,12.33,0.58,ml,19,140,0.08745,0.14,ci,ci40661538,2026-07-26T14:36:14.419Z,"15 km WNW of Anza, CA",earthquake,0.32,0.57,0.18879055893526,7,reviewed,ci,ci
2026-07-26T13:18:43.603Z,51.7323,-173.4513,43.18,4.3,mb,77,129,0.659,0.71,us,us7000t3gz,2026-07-30T22:15:06.127Z,"72 km SE of Atka, Alaska",earthquake,6.76,6.363,0.055,94,reviewed,us,us
2026-07-26T13:17:43.950Z,34.74233333,-97.7605,21.3,1.9,ml,88,128,0.2105586812,0.27,ok,ok2026onjy,2026-07-27T13:11:45.722Z,"12 km NNE of Bray, Oklahoma",earthquake,,0.8,0.25,42,reviewed,ok,ok
2026-07-26T13:13:50.370Z,18.009166666667,-67.197666666667,13.06,2.89,md,8,265,0.08385,0.31,pr,pr71525878,2026-07-26T13:39:47.090Z,"3 km WSW of Boquerón, Puerto Rico",earthquake,1.51,0.6,0.041007666443729,4,reviewed,pr,pr
2026-07-26T13:06:56.360Z,33.936166666667,-116.99083333333,17.14,0.7,ml,20,92,0.1635,0.1,ci,ci40661530,2026-07-26T13:21:53.448Z,"1 km WNW of Beaumont, CA",earthquake,0.2,0.54,0.24961501237215,16,reviewed,ci,ci
2026-07-26T13:04:35.142Z,61.478,-151.395,67.6,1.6,ml,33,57,0.2,0.7,ak,aka2026ormrje,2026-07-30T22:07:24.107Z,"41 km NNW of Beluga, Alaska",earthquake,3.3,2.9149,0.2,25,reviewed,ak,ak
2026-07-26T13:04:03.720Z,33.986,-117.15366666667,11.04,1.01,ml,57,44,0.04167,0.14,ci,ci40661522,2026-07-26T13:34:24.578Z,"8 km SSE of Redlands, CA",earthquake,0.1,0.26,0.18973219883889,29,reviewed,ci,ci
2026-07-26T13:01:16.110Z,33.984666666667,-117.15316666667,10.56,0.81,ml,51,58,0.06094,0.17,ci,ci40661514,2026-07-26T13:25:03.420Z,"8 km SSE of Redlands, CA",earthquake,0.15,0.36,0.1260438610519,23,reviewed,ci,ci
2026-07-26T12:53:40.296Z,60.248,-150.304,47.5,1.6,ml,16,95,0.3,0.9,ak,aka2026ormhwv,2026-07-30T22:04:36.353Z,"37 km SW of Cooper Landing, Alaska",earthquake,4.4,5.1044,0.2,12,reviewed,ak,ak
2026-07-26T12:49:06.040Z,33.950333333333,-116.644,13.19,0.74,ml,30,62,0.08802,0.12,ci,ci40661506,2026-07-26T13:23:44.830Z,"11 km WNW of Garnet, CA",earthquake,0.15,0.45,0.25264402877691,16,reviewed,ci,ci
2026-07-26T12:45:51.190Z,64.759,-149.82,7.8,1.5,ml,18,58,0.4,0.7,ak,aka2026ormbcl,2026-07-30T22:03:04.286Z,"37 km WNW of Four Mile Road, Alaska",earthquake,3.2,2.6101,0.2,13,reviewed,ak,ak
2026-07-26T12:36:17.467Z,24.8852,121.8508,93.836,4.7,mww,91,42,0.333,0.68,us,us7000t3gt,2026-07-26T19:42:02.484Z,"15 km ESE of Pinglin, Taiwan",earthquake,5.25,3.769,0.098,10,reviewed,us,us
2026-07-26T12:33:14.687Z,51.427,-173.575,0.3,2.4,ml,22,214,0.9,0.8,ak,aka2026orlpze,2026-07-30T22:01:36.248Z,"95 km SSE of Atka, Alaska",earthquake,7.6,3.8192,0.3,19,reviewed,ak,ak
2026-07-26T12:22:51.040Z,35.315333333333,-117.8115,7.44,1.07,ml,40,55,0.05544,0.23,ci,ci40661498,2026-07-26T13:23:57.239Z,"17 km WSW of Johannesburg, CA",earthquake,0.24,0.64,0.12276340633807,17,reviewed,ci,ci
2026-07-26T12:21:53.345Z,51.338,-177.442,27.1,2.1,ml,23,230,0.4,0.5,ak,aka2026orlgiq,2026-07-30T21:36:56.431Z,"81 km SW of Adak, Alaska",earthquake,8,3.1922,0.2,18,reviewed,ak,ak
2026-07-26T12:06:57.324Z,32.29,-101.853,5.4443,0.7,ml,20,44,0,0.2,tx,tx2026opbrrm,2026-07-29T16:03:53.206Z,"18 km NNW of Stanton, Texas",earthquake,0.53157350072145,0.7424438981225,0.1,12,reviewed,tx,tx
2026-07-26T11:57:50.276Z,51.451,-173.458,0.2,2.5,ml,19,222,0.9,0.9,ak,aka2026orklne,2026-07-28T22:06:12.937Z,"97 km SSE of Atka, Alaska",earthquake,8.1,4.6141,0.2,15,reviewed,ak,ak
2026-07-26T11:57:39.215Z,65.817,-150.916,4.9,2.3,ml,31,78,0.2,0.8,ak,aka2026orklig,2026-07-28T22:04:56.365Z,"48 km NW of Rampart, Alaska",earthquake,3,2.1886,0.2,23,reviewed,ak,ak
2026-07-26T11:54:06.688Z,57.119,-153.873,21.5,1.9,ml,16,125,0.3,0.7,ak,aka2026orkigf,2026-07-28T22:03:41.866Z,"26 km NE of Akhiok, Alaska",earthquake,5.5,4.4012,0.1,13,reviewed,ak,ak
2026-07-26T11:52:50.814Z,31.652,-104.234,6.0999,2,ml,41,65,0,0.2,tx,tx2026opbfjx,2026-07-27T16:54:22.197Z,"56 km NW of Toyah, Texas",earthquake,0.57213676334232,0.50324954279992,0.2,25,reviewed,tx,tx
2026-07-26T11:52:07.677Z,51.348,-177.479,32,1.8,ml,15,228,0.4,0.4,ak,aka2026orkgns,2026-07-28T22:01:15.923Z,"82 km SW of Adak, Alaska",earthquake,12.5,6.2283,0.2,13,reviewed,ak,ak
2026-07-26T11:47:16.884Z,51.467,-173.453,5,2.3,ml,12,304,0.9,0.8,ak,aka2026orkcjc,2026-07-28T21:59:20.245Z,"96 km SSE of Atka, Alaska",earthquake,10.2,0,0.1,10,reviewed,ak,ak
2026-07-26T11:39:18.786Z,59.745,-150.743,37.6,1.8,ml,28,89,0,0.8,ak,aka2026orjvkv,2026-07-28T21:57:57.112Z,"17 km SE of Fox River, Alaska",earthquake,4.7,2.1009,0.2,21,reviewed,ak,ak
2026-07-26T11:36:18.891Z,28.842,-98.985,9.1339,1.6,ml,10,82,0.1,0.1,tx,tx2026oparjm,2026-07-28T12:06:27.139Z,"12 km ESE of Pearsall, Texas",earthquake,2.0676104502743,2.3234820300888,0.1,12,reviewed,tx,tx
2026-07-26T11:33:15.280Z,51.938,176.264,6.9,3.2,ml,19,196,1.4,0.7,ak,aka2026orjqjl,2026-07-28T21:55:59.712Z,"232 km ESE of Attu Station, Alaska",earthquake,23.4,8.5528,0.1,15,reviewed,ak,ak
2026-07-26T11:25:29.650Z,38.800498962402,-122.77083587647,4.4200000762939,0.76,md,5,171,0.02052,0.01,nc,nc75405967,2026-07-26T11:27:06.756Z,"3 km NNW of The Geysers, CA",earthquake,0.76,4.69000006,0.05,7,automatic,nc,nc
2026-07-26T11:18:59.321Z,28.805,-98.973,7.4229,1.5,ml,17,82,0.1,0.2,tx,tx2026opacla,2026-07-29T18:24:13.111Z,"15 km SE of Pearsall, Texas",earthquake,1.4355733224434,0.98480353489752,0.1,12,reviewed,tx,tx
2026-07-26T11:17:32.769Z,54.887,-161.898,70.7,3.2,ml,56,184,0.3,0.7,ak,aka2026orjcnq,2026-07-28T21:53:06.963Z,"33 km SE of King Cove, Alaska",earthquake,9,2.8149,0.1,40,reviewed,ak,ak
2026-07-26T11:09:05.350Z,60.4915,-152.72083333333,2.36,-0.96,ml,4,103,0.01356,0.05,av,av94334818,2026-07-28T18:13:57.620Z,"76 km NW of Ninilchik, Alaska",earthquake,0.53,0.85,0.27312356405406,4,reviewed,av,av
2026-07-26T11:05:06.120Z,52.792166666667,-169.87416666667,0.75,1.08,ml,4,180,0.03271,0.09,av,av94334803,2026-07-28T15:02:13.760Z,"70 km WSW of Nikolski, Alaska",earthquake,0.29,0.28,0.16020596277111,4,reviewed,av,av
2026-07-26T10:57:37.061Z,-10.007,123.4402,10,5.3,mb,68,40,0.852,1.08,us,us7000t3g4,2026-07-26T11:57:57.795Z,"25 km NW of Kupang, Indonesia",earthquake,6.04,1.847,0.061,90,reviewed,us,us
2026-07-26T10:52:20.053Z,59.328,-153.439,116.6,1.5,ml,28,64,0,0.4,ak,aka2026origrb,2026-07-28T21:51:02.821Z,"63 km SE of Pedro Bay, Alaska",earthquake,5.1,3.0174,0.4,23,reviewed,ak,ak
2026-07-26T10:52:14.486Z,51.646,-176.067,63,1.8,ml,21,213,0.3,0.4,ak,aka2026origqw,2026-07-28T21:47:20.814Z,"46 km ESE of Adak, Alaska",earthquake,22.8,7.8444,0.3,17,reviewed,ak,ak
2026-07-26T10:48:15.095Z,51.367,-173.397,1.2,2.8,ml,21,302,1,0.6,ak,aka2026oridgc,2026-07-28T21:48:38.747Z,"107 km SSE of Atka, Alaska",earthquake,37.8,15.4635,0.1,16,reviewed,ak,ak
2026-07-26T10:44:41.350Z,28.829,-98.958,6.6373,1.7,ml,16,81,0.1,0.4,tx,tx2026ooyywj,2026-07-28T11:53:22.337Z,"15 km ESE of Pearsall, Texas",earthquake,2.1167107447079,2.1769699859522,0.1,15,reviewed,tx,tx
2026-07-26T10:42:22.731Z,51.493,-173.365,3.6,2.8,ml,23,303,0.9,0.4,ak,aka2026orhycb,2026-07-28T21:45:55.606Z,"97 km SE of Atka, Alaska",earthquake,36,14.4066,0.1,17,reviewed,ak,ak
2026-07-26T10:40:44.696Z,51.466,-173.341,7.8,2.7,ml,21,218,0.9,0.7,ak,aka2026orhwrr,2026-07-28T21:36:00.711Z,"100 km SE of Atka, Alaska",earthquake,11.6,5.0755,0.1,17,reviewed,ak,ak
2026-07-26T10:39:46.450Z,34.0655,-117.2545,14.11,0.84,ml,53,44,0.04623,0.16,ci,ci40661490,2026-07-26T13:24:21.182Z,"2 km NNE of Loma Linda, CA",earthquake,0.16,0.31,0.18297329394469,25,reviewed,ci,ci
2026-07-26T10:36:42.400Z,19.154,-155.50233333333,34.32,1.47,ml,43,135,0.03805,0.14,hv,hv75008152,2026-07-31T01:10:17.740Z,"5 km SSW of Pāhala, Hawaii",earthquake,0.53,0.62,0.24776875185754,7,reviewed,hv,hv
2026-07-26T10:36:32.351Z,50.809,-172.242,5,2.8,ml,18,248,1.9,0.7,ak,aka2026orhtns,2026-07-28T21:34:25.810Z,"205 km SE of Atka, Alaska",earthquake,10.3,0,0.2,15,reviewed,ak,ak
2026-07-26T10:33:54.224Z,51.44,-173.353,5,2.6,ml,19,303,0.9,0.8,ak,aka2026orhqtg,2026-07-28T21:31:44.504Z,"102 km SE of Atka, Alaska",earthquake,8.6,0,0.2,14,reviewed,ak,ak
2026-07-26T10:29:44.765Z,28.819,-98.968,8.0835,1.9,ml,11,137,0.1,0.3,tx,tx2026ooylyw,2026-07-28T12:20:08.515Z,"14 km ESE of Pearsall, Texas",earthquake,1.9441132634528,1.6722623171339,0.1,13,reviewed,tx,tx
2026-07-26T10:27:03.575Z,51.428,-173.515,5,2.3,ml,11,304,0.9,0.6,ak,aka2026orhkvf,2026-07-28T21:30:32.374Z,"97 km SSE of Atka, Alaska",earthquake,13.1,0,0.1,9,reviewed,ak,ak
2026-07-26T10:20:44.020Z,34.74116667,-97.78333333,4.37,1,ml,20,191,0.2060595641,0.24,ok,ok2026onec,2026-07-27T19:26:44.690Z,"11 km NNE of Bray, Oklahoma",earthquake,,1.5,0.27,9,reviewed,ok,ok
2026-07-26T10:12:43.335Z,51.501,-173.331,7.6,2.5,ml,20,220,0.9,0.8,ak,aka2026orgynb,2026-07-28T21:29:08.185Z,"97 km SE of Atka, Alaska",earthquake,12.2,5.3007,0.2,17,reviewed,ak,ak
2026-07-26T10:10:16.882Z,59.84,-150.974,12.9,2,ml,34,56,0.1,0.6,ak,aka2026orgwge,2026-07-28T21:28:00.902Z,"2 km SSW of Fox River, Alaska",earthquake,3.1,1.5636,0.2,24,reviewed,ak,ak
2026-07-26T10:09:10.640Z,46.200666666667,-122.18833333333,0.76,0.91,ml,23,58,0.001964,0.08,uw,uw714062391,2026-07-29T20:06:38.130Z,"37 km NNE of Amboy, Washington",earthquake,0.22,0.2,0.05537982514576,3,reviewed,uw,uw
2026-07-26T10:06:23.640Z,36.038333333333,-117.724,1.97,1.27,ml,26,77,0.03592,0.13,ci,ci40661482,2026-07-26T13:24:17.119Z,"20 km NE of Little Lake, CA",earthquake,0.16,0.18,0.14031023796333,20,reviewed,ci,ci
2026-07-26T10:04:55.964Z,14.3522,-92.2547,35,4.2,mb,23,184,2.442,0.73,us,us7000t3fw,2026-07-26T10:30:42.040Z,"18 km SSW of Ocós, Guatemala",earthquake,9.82,1.994,0.065,65,reviewed,us,us
2026-07-26T10:01:59.150Z,32.003,-103.239,6.6125,1.1,ml,11,88,0.1,0.1,tx,tx2026ooxobl,2026-07-27T16:18:39.430Z,"12 km SSW of Jal, New Mexico",earthquake,1.1057570307042,1.9335323915493,0.2,10,reviewed,tx,tx
2026-07-26T09:55:27.322Z,51.468,-173.445,5.2,3,ml,28,213,0.9,0.8,ak,aka2026orgjjp,2026-07-28T20:39:15.244Z,"96 km SSE of Atka, Alaska",earthquake,6.6,3.3319,0.1,21,reviewed,ak,ak
2026-07-26T09:52:19.040Z,38.81566619873,-122.79633331299,4.1799998283386,0.75,md,8,107,0.007729,0.02,nc,nc75405952,2026-07-26T09:53:56.943Z,"5 km NW of The Geysers, CA",earthquake,0.62,1.65999997,0.07,10,automatic,nc,nc
2026-07-26T09:51:26.378Z,60.564,-151.601,80.2,1.6,ml,29,56,0.3,0.6,ak,aka2026orgfxr,2026-07-28T18:30:14.337Z,"16 km WSW of Salamatof, Alaska",earthquake,3.2,3.908,0.1,23,reviewed,ak,ak
2026-07-26T09:48:31.605Z,61.303,-149.944,36.6,1.4,ml,26,93,0.2,0.7,ak,aka2026orgdjd,2026-07-28T18:22:07.213Z,"6 km SSE of Point MacKenzie, Alaska",earthquake,3.7,2.1627,0.2,18,reviewed,ak,ak
2026-07-26T09:47:04.822Z,51.508,-173.21,24.5,3,ml,24,213,0.9,0.7,ak,aka2026orgcgc,2026-07-28T18:15:19.472Z,"102 km SE of Atka, Alaska",earthquake,9.2,5.7096,0.1,19,reviewed,ak,ak
2026-07-26T09:44:04.304Z,51.757,-173.359,28.9,3.5,ml,33,204,0.7,0.6,ak,aka2026orfxoi,2026-07-28T18:14:35.168Z,"75 km SE of Atka, Alaska",earthquake,14.8,8.0225,0.1,27,reviewed,ak,ak
2026-07-26T09:39:24.702Z,51.297,-173.224,5,2.6,ml,15,306,1.1,0.9,ak,aka2026orfvrm,2026-07-28T17:29:42.867Z,"120 km SSE of Atka, Alaska",earthquake,9.1,0,0.1,13,reviewed,ak,ak
2026-07-26T09:38:36.770Z,54.140333333333,-165.953,1.3,-0.22,ml,7,122,0.01544,0.21,av,av94334588,2026-07-28T00:07:26.870Z,"11 km W of Akutan, Alaska",earthquake,0.34,0.56,0.29052683864297,7,reviewed,av,av
2026-07-26T09:37:14.312Z,58.744,-153.551,14.3,1.6,ml,13,142,0.2,0.3,ak,aka2026orfpxs,2026-07-28T18:52:34.470Z,"84 km NNW of Aleneva, Alaska",earthquake,6.2,4.3103,0.2,11,automatic,ak,ak
2026-07-26T09:36:28.117Z,51.57,-173.967,5,2.4,ml,18,280,0.6,0.6,ak,aka2026orfsww,2026-07-28T17:27:34.628Z,"71 km SSE of Atka, Alaska",earthquake,10.6,0,0.1,14,reviewed,ak,ak
2026-07-26T09:29:19.560Z,46.678166666667,-112.33066666667,4.98,0.21,ml,4,179,0.2008,0.02,mb,mb90203503,2026-07-27T21:37:21.870Z,"8 km SSW of Marysville, Montana",earthquake,0.54,5.9,0.32007654913267,4,reviewed,mb,mb
2026-07-26T09:26:55.020Z,11.2364,-86.8076,35,4.6,mb,54,176,2.051,0.98,us,us7000t3fs,2026-07-26T10:00:21.040Z,"68 km SSW of Masachapa, Nicaragua",earthquake,7.74,1.953,0.031,307,reviewed,us,us
2026-07-26T09:09:30.140Z,35.10233333,-97.90683333,11,0.45,ml,18,162,0.01349735136,0.22,ok,ok2026onbt,2026-07-27T19:21:38.791Z,"6 km NNE of Chickasha, Oklahoma",earthquake,,1,0.14,5,reviewed,ok,ok
2026-07-26T09:05:23.533Z,51.46,-173.263,6.7,3.8,ml,31,213,0.9,1,ak,aka2026oresay,2026-07-28T17:26:19.317Z,"104 km SE of Atka, Alaska",earthquake,6.9,3.2354,0.1,25,reviewed,ak,ak
2026-07-26T09:04:40.136Z,51.505,-173.551,5.2,2.6,ml,15,297,0.8,0.6,ak,aka2026orermi,2026-07-28T17:24:18.421Z,"88 km SSE of Atka, Alaska",earthquake,37.6,15.8909,0.2,10,reviewed,ak,ak
2026-07-26T08:59:42.021Z,51.5312,-173.3261,7.7,2.9,ml,22,210,0.862,0.52,us,us6000tgar,2026-07-29T05:38:58.040Z,"95 km SE of Atka, Alaska",earthquake,4.6,9.624,0.091,16,reviewed,us,us
2026-07-26T08:55:42.148Z,51.362,-173.273,11.8,3.3,ml,27,222,1,1,ak,aka2026orejst,2026-07-28T05:28:56.461Z,"112 km SE of Atka, Alaska",earthquake,6.4,5.6898,0.1,21,reviewed,ak,ak
2026-07-26T08:55:02.586Z,64.239,-150.148,1.1,1.8,ml,17,82,0.6,0.6,ak,aka2026oreizu,2026-07-28T05:26:32.827Z,"46 km W of Clear, Alaska",earthquake,3.2,2.7008,0.2,6,reviewed,ak,ak
2026-07-26T08:54:20.735Z,51.481,-173.566,5,2.7,ml,17,296,0.8,0.7,ak,aka2026oreijq,2026-07-28T05:22:25.390Z,"90 km SSE of Atka, Alaska",earthquake,8.8,0,0.1,11,reviewed,ak,ak
2026-07-26T08:53:29.742Z,31.969,-103.322,6.9714,1.1,ml,10,73,0,0.2,tx,tx2026oovhcd,2026-07-27T16:12:02.028Z,"20 km SW of Jal, New Mexico",earthquake,1.6582923180683,1.0567149149579,0.1,9,reviewed,tx,tx
2026-07-26T08:51:34.445Z,51.485,-173.4639,8.583,3,ml,15,295,0.85,0.44,us,us6000tgan,2026-07-29T05:27:32.040Z,"94 km SSE of Atka, Alaska",earthquake,4.58,15.984,0.115,10,reviewed,us,us
2026-07-26T08:50:24.777Z,51.5739,-173.3461,10.232,3.1,ml,21,209,0.821,0.69,us,us6000tgam,2026-07-29T05:25:04.040Z,"90 km SE of Atka, Alaska",earthquake,5.25,9.227,0.091,16,reviewed,us,us
2026-07-26T08:43:42.901Z,56.798,-153.704,20.8,2.8,ml,23,197,0.4,0.7,ak,aka2026ordzel,2026-07-28T05:11:35.763Z,"32 km ESE of Akhiok, Alaska",earthquake,7,3.7793,0.2,8,reviewed,ak,ak
2026-07-26T08:40:21.910Z,19.209999084473,-155.47149658203,30.409999847412,1.76,md,22,102,0.04617,0.150000006,hv,hv75008127,2026-07-26T08:43:56.450Z,"1 km NE of Pāhala, Hawaii",earthquake,0.81,1.01999998,0.20610967049628,15,automatic,hv,hv
2026-07-26T08:38:16.625Z,28.831,-98.972,8.4369,1.9,ml,23,81,0.1,0.4,tx,tx2026ooutyh,2026-07-28T12:01:27.940Z,"13 km ESE of Pearsall, Texas",earthquake,1.9203641499106,1.1960882465381,0.1,15,reviewed,tx,tx
2026-07-26T08:35:18.849Z,51.4994,-173.306,10,5.8,mww,121,97,0.895,0.99,us,us7000t3fm,2026-08-01T08:45:29.719Z,"99 km SE of Atka, Alaska",earthquake,4.53,1.82,0.044,50,reviewed,us,us
2026-07-26T08:33:44.690Z,33.415833333333,-116.37133333333,12.25,0.85,ml,43,54,0.07423,0.18,ci,ci40661474,2026-07-26T13:24:53.340Z,"18 km N of Borrego Springs, CA",earthquake,0.2,0.52,0.12499760209204,17,reviewed,ci,ci
2026-07-26T08:27:55.363Z,61.435,-149.719,23.3,1.9,ml,48,63,0.2,0.8,ak,aka2026ordlhy,2026-07-28T05:08:19.579Z,"2 km SSE of Knik, Alaska",earthquake,2.4,1.8808,0.1,36,reviewed,ak,ak
2026-07-26T08:17:53.020Z,36.462333679199,-121.07416534424,4.8800001144409,1.71,md,23,80,0.01483,0.12,nc,nc75405932,2026-07-26T08:52:22.114Z,"10 km SE of Pinnacles, CA",earthquake,0.3,0.730000019,0.2,21,automatic,nc,nc
2026-07-26T08:10:24.930Z,38.828666687012,-122.81583404541,2.329999923706,0.4,md,12,60,0.006925,0.02,nc,nc75405927,2026-07-26T08:12:01.097Z,"8 km NW of The Geysers, CA",earthquake,0.31,0.810000002,0.31,13,automatic,nc,nc
2026-07-26T08:09:55.082Z,61.392,-150.838,62.6,2.5,ml,76,30,0.1,0.8,ak,aka2026orcvvv,2026-07-28T05:06:19.665Z,"24 km SW of Susitna, Alaska",earthquake,2.2,2.1258,0.1,58,reviewed,ak,ak
2026-07-26T07:48:12.594Z,32.412,-102.16,6.9092,0.8,ml,28,65,0,0.2,tx,tx2026ootarc,2026-07-27T15:30:55.944Z,"36 km ENE of McKinney Acres, Texas",earthquake,0.75341192321546,1.0051243046977,0.2,22,reviewed,tx,tx
2026-07-26T07:34:10.464Z,39.3406,-119.0136,6.6246,1.97,ml,27,49,0.067,0.1249,nn,nn00922338,2026-07-27T20:38:57.824Z,"19 km ESE of Silver Springs, Nevada",earthquake,,0.8377,0.33,17,reviewed,nn,nn
2026-07-26T07:24:04.370Z,33.809833333333,-116.97466666667,5.67,0.94,ml,54,25,0.005928,0.2,ci,ci40661458,2026-07-26T13:24:47.650Z,"3 km NNW of San Jacinto, CA",earthquake,0.18,0.54,0.20679573883796,27,reviewed,ci,ci
2026-07-26T07:22:33.560Z,54.151166666667,-165.97583333333,1.12,0.29,ml,4,155,0.01653,0.15,av,av94334278,2026-07-27T23:50:55.900Z,"13 km W of Akutan, Alaska",earthquake,0.58,0.96,0.25912505958224,4,reviewed,av,av
2026-07-26T07:19:21.620Z,56.185833333333,-159.4025,0.5,0.64,ml,5,112,0.0479,0.22,av,av94334263,2026-07-28T00:18:58.450Z,"32 km N of Ivanof Bay, Alaska",earthquake,0.47,4.11,0.19185557539375,5,reviewed,av,av
2026-07-26T07:16:20.260Z,40.754333333333,-112.0565,2.66,0.81,md,10,111,0.03152,0.07,uu,uu80007753,2026-07-27T15:54:57.380Z,"6 km NE of Magna, Utah",earthquake,0.29,0.78,0.10568932890471,5,reviewed,uu,uu
2026-07-26T07:10:24.922Z,51.5551,-173.4822,10,2.8,ml,20,294,0.785,0.86,us,us6000tgag,2026-07-29T05:22:37.040Z,"86 km SE of Atka, Alaska",earthquake,3.6,1.873,0.097,14,reviewed,us,us
2026-07-26T07:04:06.360Z,38.840000152588,-122.83650207519,1.4500000476837,0.45,md,7,99,0.001617,0.05,nc,nc75405917,2026-07-26T07:05:40.693Z,"10 km NW of The Geysers, CA",earthquake,0.49,0.920000017,0.17,9,automatic,nc,nc
2026-07-26T07:02:48.072Z,51.083,-177.821,5.1,2,ml,14,256,0.7,0.6,ak,aka2026oraprq,2026-07-28T04:58:07.495Z,"120 km SW of Adak, Alaska",earthquake,8.7,4.2772,0.1,11,reviewed,ak,ak
2026-07-26T06:48:34.701Z,37.2873,71.9239,183.758,4.4,mb,54,59,1.116,0.85,us,us7000t3f9,2026-07-26T07:03:48.040Z,"39 km SE of Khorugh, Tajikistan",earthquake,7.61,6.641,0.067,65,reviewed,us,us
2026-07-26T06:47:37.270Z,36.535667419434,-121.13716888428,7.460000038147,1.89,md,23,51,0.05293,0.19,nc,nc75405912,2026-07-26T07:37:20.574Z,"1 km NE of Pinnacles, CA",earthquake,0.41,1.40999997,0.15,21,automatic,nc,nc
2026-07-26T06:46:17.270Z,35.666166666667,-117.47033333333,8.95,0.94,ml,20,93,0.03798,0.13,ci,ci40661450,2026-07-26T13:25:02.332Z,"13 km SSW of Searles Valley, CA",earthquake,0.25,0.56,0.1462508972295,6,reviewed,ci,ci
2026-07-26T06:36:22.780Z,33.541,-116.87266666667,16,0.74,ml,37,31,0.06556,0.2,ci,ci40661442,2026-07-26T13:24:58.379Z,"11 km N of Aguanga, CA",earthquake,0.22,0.5,0.20092219476833,18,reviewed,ci,ci
2026-07-26T06:30:30.730Z,35.10733333,-97.88333333,7.45,0.62,ml,16,146,0.02969417299,0.19,ok,ok2026omwn,2026-07-27T19:18:04.139Z,"5 km S of Amber, Oklahoma",earthquake,,0.9,0.15,6,reviewed,ok,ok
2026-07-26T06:26:47.710Z,17.972,-66.844333333333,13.05,2.32,md,14,165,0.03338,0.24,pr,pr71525863,2026-07-26T10:22:07.080Z,"3 km SW of Indios, Puerto Rico",earthquake,0.65,0.4,0.083308104537394,7,reviewed,pr,pr
2026-07-26T06:25:35.470Z,17.966333333333,-66.838833333333,12.9,2.16,md,13,188,0.03944,0.22,pr,pr71525858,2026-07-26T10:31:37.250Z,"3 km SW of Indios, Puerto Rico",earthquake,0.74,0.48,0.18339924697703,6,reviewed,pr,pr
2026-07-26T06:23:12.810Z,38.772834777832,-122.73850250244,0.98000001907349,0.76,md,7,71,0.01048,0.02,nc,nc75405902,2026-07-26T06:24:51.413Z,"2 km ESE of The Geysers, CA",earthquake,0.38,0.860000014,0.06,8,automatic,nc,nc
2026-07-26T06:11:01.721Z,64.336,-146.876,9,1.6,ml,21,69,0.1,0.7,ak,aka2026oqywuc,2026-07-28T04:56:25.725Z,"13 km WSW of Harding-Birch Lakes, Alaska",earthquake,2.8,1.8534,0.2,16,reviewed,ak,ak
2026-07-26T06:03:03.478Z,60.053,-152.488,102.6,1.6,ml,27,49,0.3,0.4,ak,aka2026oqypws,2026-07-28T04:55:13.833Z,"43 km WNW of Happy Valley, Alaska",earthquake,3.5,2.8971,0.3,21,reviewed,ak,ak
2026-07-26T05:58:52.200Z,38.4173,133.4886,446.051,4.4,mb,80,62,4.174,0.54,us,us7000t3f0,2026-07-26T06:13:36.040Z,"260 km N of Ama, Japan",earthquake,10.74,2.413,0.031,310,reviewed,us,us
2026-07-26T05:55:10.418Z,62.246,-150.925,79.3,2.3,ml,74,36,0.3,0.8,ak,aka2026oqyjaw,2026-07-28T04:52:49.793Z,"29 km SSW of Petersville, Alaska",earthquake,2.1,2.436,0.1,54,reviewed,ak,ak
2026-07-26T05:34:21.612Z,31.805,-103.708,5.946,1.3,ml,35,46,0.1,0.2,tx,tx2026ooorlc,2026-07-27T15:20:18.746Z,"15 km NW of Mentone, Texas",earthquake,0.46120487537087,1.1853948269753,0.1,20,reviewed,tx,tx
2026-07-26T05:32:00.940Z,19.2685,-155.40966666667,30.22,1.69,ml,39,74,0.03291,0.11,hv,hv75008052,2026-07-31T00:58:47.470Z,"10 km NE of Pāhala, Hawaii",earthquake,0.48,0.57,0.23463494431762,7,reviewed,hv,hv
2026-07-26T05:24:02.580Z,28.808,-98.982,7.39,2,ml,31,81,0.1,0.4,tx,tx2026oooiop,2026-07-27T08:34:24.172Z,"14 km SE of Pearsall, Texas",earthquake,1.4401594217171,0.7825139081762,0.1,16,reviewed,tx,tx
2026-07-26T05:19:59.760Z,38.82799911499,-122.80349731445,1.8799999952316,1.04,md,17,54,0.006894,0.02,nc,nc75405897,2026-07-26T05:21:35.962Z,"7 km NW of The Geysers, CA",earthquake,0.22,0.409999996,0.21,20,automatic,nc,nc
2026-07-26T05:12:45.930Z,61.283333333333,-152.31466666667,3.05,-0.09,ml,8,111,0.03693,0.08,av,av94334018,2026-07-28T18:30:29.970Z,"67 km WNW of Tyonek, Alaska",earthquake,0.8,0.66,0.14178095498055,8,reviewed,av,av
2026-07-26T05:09:54.414Z,51.536,-174.051,5,2.2,ml,14,277,0.7,0.8,ak,aka2026oqwvti,2026-07-28T04:38:27.041Z,"74 km S of Atka, Alaska",earthquake,10.5,0,0.2,11,reviewed,ak,ak
2026-07-26T05:09:21.738Z,63.768,-146.877,1.1,1.6,ml,25,45,0.5,0.6,ak,aka2026oqwvib,2026-07-28T01:57:04.707Z,"63 km WSW of Delta Junction, Alaska",earthquake,2.8,2.9511,0.1,18,reviewed,ak,ak
2026-07-26T04:57:57.310Z,19.415666666667,-65.672833333333,39.78,3.36,md,21,251,1.163,0.63,pr,pr71525843,2026-07-30T01:02:25.040Z,"110 km N of Suárez, Puerto Rico",earthquake,3.38,20.47,0.079525828171321,18,reviewed,pr,pr
2026-07-26T04:54:11.270Z,56.464333333333,-158.89583333333,13.9,1.08,ml,5,192,0.1264,0.15,av,av94333983,2026-07-28T18:47:03.120Z,"24 km NNW of Chignik Lake, Alaska",earthquake,3.6,0.94,0.27773585043048,5,reviewed,av,av
2026-07-26T04:51:09.550Z,38.837833404541,-122.87699890137,2.7599999904633,0.74,md,10,151,0.006889,0.05,nc,nc75405892,2026-07-26T04:52:46.675Z,"12 km WNW of The Geysers, CA",earthquake,0.48,0.74000001,0.12,11,automatic,nc,nc
2026-07-26T04:46:33.840Z,46.884666666667,-121.95883333333,3.44,0.2,ml,17,126,0.01822,0.08,uw,uw714062351,2026-07-27T17:08:41.200Z,"15 km NNE of Ashford, Washington",earthquake,0.25,0.4,0.022498400188632,3,reviewed,uw,uw
2026-07-26T04:43:23.130Z,38.806167602539,-122.82133483887,2.9400000572205,0.75,md,11,124,0.006695,0.01,nc,nc75405887,2026-07-26T04:45:01.780Z,"6 km WNW of The Geysers, CA",earthquake,0.47,0.99000001,0.22,13,automatic,nc,nc
2026-07-26T04:39:00.269Z,44.9264,-74.498,6.701,1.6,ml,19,80,0.313,0.4,us,us7000t3er,2026-07-27T13:11:07.040Z,"5 km S of Fort Covington Hamlet, New York",earthquake,1.71,2.245,0.128,8,reviewed,us,us
2026-07-26T04:36:57.664Z,53.895,-166.65,5.8,1.7,ml,12,152,0,0.3,ak,aka2026oqvtfr,2026-07-28T17:48:25.140Z,"7 km W of Dutch Harbor, Alaska",earthquake,10.7,7.4862,0.3,9,reviewed,ak,ak
2026-07-26T04:35:32.690Z,34.206833333333,-117.57766666667,6.52,0.94,ml,37,63,0.06465,0.17,ci,ci40661434,2026-07-26T13:24:57.750Z,"9 km SW of Lytle Creek, CA",earthquake,0.2,0.37,0.18836756474417,30,reviewed,ci,ci
2026-07-26T04:30:40.320Z,38.78466796875,-122.73816680908,0.79000002145767,0.52,md,8,82,0.00182,0.03,nc,nc75405882,2026-07-26T04:32:15.535Z,"2 km ENE of The Geysers, CA",earthquake,0.34,0.540000021,0.29,7,automatic,nc,nc
2026-07-26T04:30:14.270Z,53.913166666667,-166.64816666667,7.91,0.69,ml,6,229,0.03756,0.08,av,av94333933,2026-07-28T17:45:23.900Z,"7 km WNW of Dutch Harbor, Alaska",earthquake,0.63,0.79,0.15161528754661,6,reviewed,av,av
2026-07-26T04:25:52.791Z,53.453,-166.907,95.7,2.1,ml,16,203,0.3,0.3,ak,aka2026oqvjoq,2026-07-28T01:53:59.082Z,"52 km SSW of Unalaska, Alaska",earthquake,46.1,8.8908,0.3,12,reviewed,ak,ak
2026-07-26T04:25:07.616Z,65.984,-150.873,1.2,1.6,ml,14,66,0.2,0.8,ak,aka2026oqvjbd,2026-07-28T01:51:48.095Z,"62 km NNW of Rampart, Alaska",earthquake,3.1,2.6919,0.1,12,reviewed,ak,ak
2026-07-26T04:22:44.730Z,33.4245,-116.904,10.92,0.62,ml,28,46,0.07871,0.19,ci,ci40661426,2026-07-26T13:24:50.362Z,"4 km WSW of Aguanga, CA",earthquake,0.21,0.45,0.19723720439902,17,reviewed,ci,ci
2026-07-26T04:11:38.363Z,37.5507,-117.7498,5.958,2.41,ml,19,58,0.219,0.1501,nn,nn00922335,2026-07-27T20:13:29.672Z,"24 km SSW of Silver Peak, Nevada",earthquake,,1.5284,0.64,5,reviewed,nn,nn
2026-07-26T03:52:12.446Z,59.849,-153.481,128.2,1.5,ml,23,80,0.2,0.8,ak,aka2026oqugno,2026-07-28T01:50:21.347Z,"35 km E of Pedro Bay, Alaska",earthquake,5.7,3.4565,0.3,16,reviewed,ak,ak
2026-07-26T03:49:05.481Z,61.438,-151.674,81.7,1.8,ml,38,57,0.1,0.7,ak,aka2026oqudsm,2026-07-28T01:44:27.813Z,"45 km NW of Beluga, Alaska",earthquake,3.1,2.4225,0.2,30,reviewed,ak,ak
2026-07-26T03:38:16.496Z,31.637,-104.126,5.3308,1.6,ml,27,65,0.1,0.2,tx,tx2026ookvjo,2026-07-27T11:18:33.327Z,"47 km NW of Toyah, Texas",earthquake,0.61254745022961,1.0739606987403,0.2,13,reviewed,tx,tx
2026-07-26T03:31:04.977Z,50.168,-179.643,5,2.7,ml,19,274,1.4,0.7,ak,aka2026oqtolr,2026-07-28T01:38:33.081Z,"283 km SW of Adak, Alaska",earthquake,9,0,0.2,14,reviewed,ak,ak
2026-07-26T03:24:04.722Z,59.913,-151.621,60.1,1.5,ml,22,56,0.4,0.4,ak,aka2026oqtiav,2026-07-28T01:15:57.057Z,"7 km ESE of Happy Valley, Alaska",earthquake,3.9,4.6604,0.2,17,reviewed,ak,ak
2026-07-26T03:23:26.580Z,35.914666666667,-117.72916666667,4.52,0.68,ml,11,70,0.07203,0.06,ci,ci10246470,2026-07-27T18:44:07.425Z,"16 km E of Little Lake, CA",earthquake,0.16,0.33,0.14481726529794,5,reviewed,ci,ci
2026-07-26T03:23:17.560Z,35.914,-117.72883333333,4.5,0.83,ml,19,70,0.0721,0.08,ci,ci40661418,2026-07-27T18:40:05.502Z,"16 km E of Little Lake, CA",earthquake,0.13,0.26,0.16694862392243,13,reviewed,ci,ci
2026-07-26T03:21:05.723Z,32.111,-101.84,6.4941,2.8,ml,20,62,0.1,0.1,tx,tx2026ookght,2026-07-26T04:41:39.282Z,"5 km WSW of Stanton, Texas",earthquake,0.61637556933241,1.5047714738517,0.2,25,reviewed,tx,tx
2026-07-26T03:17:28.566Z,32.414,-102.059,8.4229,0.4,ml,21,70,0,0.1,tx,tx2026ookdin,2026-07-28T14:05:29.384Z,"34 km WSW of Ackerly, Texas",earthquake,0.62883474360523,0.85668105960869,0.2,10,reviewed,tx,tx
2026-07-26T03:14:56.694Z,51.499,-173.419,2.9,3.5,ml,26,213,0.9,0.8,ak,aka2026oqtacp,2026-07-28T01:13:51.404Z,"94 km SE of Atka, Alaska",earthquake,7.2,3.7304,0.1,20,reviewed,ak,ak
2026-07-26T03:14:55.911Z,51.392,-178.105,8.8,2.1,ml,26,205,0.4,0.4,ak,aka2026oqtacl,2026-07-28T01:17:57.408Z,"115 km WSW of Adak, Alaska",earthquake,6.6,2.7128,0.2,9,reviewed,ak,ak
2026-07-26T03:12:07.450Z,51.382,-177.03633333333,22.97,1.28,ml,8,267,0.3998,0.28,av,av94333803,2026-07-27T17:21:03.130Z,"61 km SSW of Adak, Alaska",earthquake,1.35,3.66,0.16492443483039,7,reviewed,av,av
2026-07-26T03:00:47.410Z,38.296666666667,-112.2985,11.5,1.52,ml,16,82,0.2355,0.14,uu,uu80146431,2026-07-27T16:47:46.650Z,"9 km NW of Junction, Utah",earthquake,0.44,2.15,0.11794825739804,9,reviewed,uu,uu
2026-07-26T02:56:22.390Z,35.321166666667,-84.572333333333,12.88,1.95,md,14,77,0.09607,0.2,se,se60625696,2026-07-26T12:50:23.800Z,"4 km W of Etowah, Tennessee",earthquake,0.46,0.79,0.066921123171141,13,reviewed,se,se
2026-07-26T02:56:11.315Z,31.764,-104.512,4.613,2.4,ml,43,80,0,0.2,tx,tx2026oojkzb,2026-07-26T06:38:22.369Z,"47 km SSW of Whites City, New Mexico",earthquake,1.0015176847217,0.77044960961547,0.2,28,reviewed,tx,tx
2026-07-26T02:55:00.570Z,38.865501403809,-122.81600189209,2.4400000572205,0.95,md,7,165,0.01333,0.01,nc,nc75405862,2026-07-26T02:56:35.827Z,"9 km WNW of Cobb, CA",earthquake,0.73,1.57000005,0.63,10,automatic,nc,nc
2026-07-26T02:51:42.654Z,58.846,-152.33,64.4,1.6,ml,18,146,0.2,0.4,ak,aka2026oqsfyy,2026-07-28T01:01:40.796Z,"61 km SSW of Nanwalek, Alaska",earthquake,4.8,4.9336,0.2,13,reviewed,ak,ak
2026-07-26T02:48:53.740Z,38.788833618164,-122.75650024414,1.9800000190735,1.23,md,17,77,0.01204,0.03,nc,nc75405852,2026-07-26T03:07:20.777Z,"1 km N of The Geysers, CA",earthquake,0.27,0.439999998,0.27,17,automatic,nc,nc
2026-07-26T02:45:18.390Z,38.765335083008,-122.75233459473,3.2200000286102,0.72,md,9,146,0.01178,0.16,nc,nc75405847,2026-07-26T02:46:56.680Z,"1 km SSE of The Geysers, CA",earthquake,0.95,1.69000006,0.04,9,automatic,nc,nc
2026-07-26T02:43:06.191Z,39.268,-119.109,8.5918,2.1,ml,20,91,0.056,0.1301,nn,nn00922332,2026-07-27T20:26:09.915Z,"19 km SSE of Silver Springs, Nevada",earthquake,,1.8699,0.22,13,reviewed,nn,nn
2026-07-26T02:42:56.570Z,57.94,-154.631,70.2,1.7,ml,23,82,0.3,0.4,ak,aka2026oqryiz,2026-07-28T00:58:22.735Z,"42 km NNW of Karluk, Alaska",earthquake,3.9,3.4001,0.2,17,reviewed,ak,ak
2026-07-26T02:14:16.300Z,38.82816696167,-122.85133361816,1.7699999809265,0.73,md,7,124,0.004371,0.02,nc,nc75405832,2026-07-26T02:15:50.512Z,"10 km NW of The Geysers, CA",earthquake,0.7,1.26999998,0.12,9,automatic,nc,nc
2026-07-26T02:13:46.744Z,4.7907,-72.7547,12.362,4.7,mb,63,57,1.142,0.7,us,us7000t3eb,2026-07-26T02:33:31.040Z,"18 km ESE of Monterrey, Colombia",earthquake,7.2,4.654,0.038,204,reviewed,us,us
2026-07-26T01:58:49.629Z,28.8,-98.974,6.7354,1.7,ml,33,82,0.1,0.4,tx,tx2026oohnsy,2026-07-27T14:35:13.948Z,"15 km SE of Pearsall, Texas",earthquake,1.5293172205681,0.84339661140488,0.1,15,reviewed,tx,tx
2026-07-26T01:57:11.016Z,51.7528,-173.271,51.699,4.1,mb,64,173,0.728,0.69,us,us7000t3e9,2026-07-26T03:52:44.794Z,"80 km SE of Atka, Alaska",earthquake,7.91,6.334,0.057,84,reviewed,us,us
2026-07-26T01:54:39.140Z,38.511833190918,-122.43083190918,6.3099999427795,1.43,md,16,79,0.05511,0.07,nc,nc75405827,2026-07-26T04:27:21.292Z,"4 km ENE of Saint Helena, CA",earthquake,0.36,0.99000001,0.12,16,automatic,nc,nc
2026-07-26T01:53:25.390Z,39.293166666667,-111.20366666667,-2.43,0.96,ml,9,76,0.004826,0.05,uu,uu80146426,2026-07-27T16:50:05.410Z,"14 km WNW of Orangeville, Utah",earthquake,0.37,0.36,0.085725827695947,3,reviewed,uu,uu
2026-07-26T01:47:01.030Z,52.067666666667,-176.1235,0.58,0.15,ml,6,108,0.01765,0.19,av,av94333703,2026-07-28T15:54:47.820Z,"41 km ENE of Adak, Alaska",earthquake,0.6,1.73,0.21147277787146,6,reviewed,av,av
2026-07-26T01:42:23.772Z,51.469,-173.187,11.2,3.4,ml,29,213,1,0.6,ak,aka2026oqpxxn,2026-07-28T00:41:24.422Z,"106 km SE of Atka, Alaska",earthquake,10.6,4.988,0.1,23,reviewed,ak,ak
2026-07-26T01:42:13.490Z,38.824501037598,-122.80816650391,2.1099998950958,0.52,md,7,101,0.001855,0.02,nc,nc75405822,2026-07-26T01:43:51.098Z,"7 km NW of The Geysers, CA",earthquake,0.44,0.99000001,0.36,9,automatic,nc,nc
2026-07-26T01:37:51.885Z,67.553,-158.219,8.2,3,ml,54,42,0.4,0.7,ak,aka2026oqpuby,2026-07-28T00:39:18.146Z,"54 km NNW of Ambler, Alaska",earthquake,2.9,2.6683,0.1,40,reviewed,ak,ak
2026-07-26T01:37:22.110Z,36.932998657227,-121.4126663208,10.800000190735,1.15,md,7,166,0.07965,0.04,nc,nc75405817,2026-07-26T04:07:21.174Z,"10 km N of Hollister, CA",earthquake,0.77,1.25999999,0.15,5,automatic,nc,nc
2026-07-26T01:35:43.900Z,34.686333333333,-116.33566666667,2.58,2.02,ml,32,41,0.1427,0.15,ci,ci40661402,2026-07-26T13:26:09.960Z,"17 km WSW of Ludlow, CA",earthquake,0.17,0.74,0.16755319143946,26,reviewed,ci,ci
2026-07-26T01:32:44.077Z,-34.0707,-14.543,10,5.1,mb,56,60,3.499,0.62,us,us7000t3e7,2026-07-26T01:49:50.040Z,"Tristan da Cunha region",earthquake,10.73,1.872,0.077,54,reviewed,us,us
2026-07-26T01:31:20.465Z,51.486,-173.379,7.5,2.7,ml,20,219,0.9,0.8,ak,aka2026oqpomb,2026-07-28T00:31:35.917Z,"97 km SE of Atka, Alaska",earthquake,11.6,5.4395,0.2,15,reviewed,ak,ak
2026-07-26T01:28:17.825Z,59.386,-153.487,110,1.6,ml,28,67,0,0.4,ak,aka2026oqpljk,2026-07-27T22:31:44.166Z,"56 km SE of Pedro Bay, Alaska",earthquake,4.4,2.7712,0.2,20,reviewed,ak,ak
2026-07-26T01:25:35.480Z,17.977,-66.864666666667,12.67,2.28,md,6,188,0.01402,0.07,pr,pr71525833,2026-07-26T01:37:08.100Z,"2 km E of Maria Antonia, Puerto Rico",earthquake,1.22,0.58,0.17310297269676,4,reviewed,pr,pr
2026-07-26T01:25:14.585Z,31.646,-103.574,4.3054,1,ml,12,79,0.1,0.2,tx,tx2026oogkua,2026-07-29T09:32:54.345Z,"6 km SSE of Mentone, Texas",earthquake,1.0290662941362,2.1552191836004,0.2,7,reviewed,tx,tx
2026-07-26T01:21:22.730Z,51.306,-173.268,5.6,2.5,ml,13,228,1.1,0.4,ak,aka2026oqpfqq,2026-07-27T22:29:03.852Z,"118 km SSE of Atka, Alaska",earthquake,10.3,4.5631,0.2,11,reviewed,ak,ak
2026-07-26T01:19:26.320Z,17.945666666667,-66.914333333333,14.89,2.12,md,14,210,0.04437,0.1,pr,pr71525828,2026-07-26T01:35:57.490Z,"2 km SSW of Guánica, Puerto Rico",earthquake,0.41,0.3,0.11639146391463,6,reviewed,pr,pr
2026-07-26T01:17:26.361Z,53.302,-166.059,45,2.1,ml,11,239,0.7,0.3,ak,aka2026oqpcga,2026-07-27T22:05:11.990Z,"71 km SSE of Unalaska, Alaska",earthquake,35.9,47.5515,0.2,9,reviewed,ak,ak
2026-07-26T01:17:14.418Z,31.98,-103.312,6.7664,1.6,ml,25,66,0,0.2,tx,tx2026oogdno,2026-07-27T10:28:25.036Z,"18 km SW of Jal, New Mexico",earthquake,0.63928392863373,0.65467596560144,0.2,6,reviewed,tx,tx
2026-07-26T01:16:26.340Z,19.186832427979,-155.50283813477,31.229999542236,1.87,md,21,195,0.06133,0.239999995,hv,hv75007997,2026-07-26T01:19:57.600Z,"3 km SW of Pāhala, Hawaii",earthquake,1.17,1.49000001,0.11374581196437,15,automatic,hv,hv
2026-07-26T01:09:57.460Z,38.514667510986,-122.43383026123,3.9300000667572,1.17,md,8,160,0.05712,0.07,nc,nc75405802,2026-07-26T03:37:22.990Z,"3 km ENE of Saint Helena, CA",earthquake,0.46,1.75,0.21,8,automatic,nc,nc
2026-07-26T01:03:57.823Z,28.898,-98.967,7.2741,1.8,ml,26,71,0.1,0.3,tx,tx2026oofslp,2026-07-27T09:05:00.695Z,"12 km E of Pearsall, Texas",earthquake,1.5620520977901,0.75881745875796,0.1,12,reviewed,tx,tx
2026-07-26T01:01:07.600Z,39.275333404541,-123.19249725342,8.1599998474121,1.52,md,9,89,0.1101,0.04,nc,nc75405797,2026-07-26T01:22:21.053Z,"2 km NE of Redwood Valley, CA",earthquake,0.38,1.41999996,0.07,5,automatic,nc,nc
2026-07-26T00:41:18.850Z,34.688333333333,-116.335,0.47,1.91,ml,32,53,0.2053,0.15,ci,ci40661394,2026-07-26T18:42:26.164Z,"16 km WSW of Ludlow, CA",earthquake,0.15,0.45,0.16821028270012,36,reviewed,ci,ci
2026-07-26T00:36:52.430Z,61.286333333333,-152.3445,2.3,-0.66,ml,7,131,0.03043,0.09,av,av94333568,2026-07-27T17:00:02.110Z,"69 km WNW of Tyonek, Alaska",earthquake,0.81,0.81,0.097562223531106,7,reviewed,av,av
2026-07-26T00:29:59.500Z,51.784333333333,-178.812,3.47,0.89,ml,5,123,0.02848,0.03,av,av94333553,2026-07-28T15:44:17.060Z,"150 km W of Adak, Alaska",earthquake,0.32,0.73,0.12936057187968,5,reviewed,av,av
2026-07-26T00:28:18.582Z,73.4913,7.0107,10,4.4,mb,34,112,5.578,1.09,us,us7000t3dx,2026-07-26T03:20:51.040Z,"Greenland Sea",earthquake,12.43,1.938,0.1,29,reviewed,us,us
2026-07-26T00:25:29.690Z,60.448166666667,-152.72916666667,2.09,-0.56,ml,4,282,0.009679,0.21,av,av94333548,2026-07-28T15:21:15.740Z,"73 km NW of Ninilchik, Alaska",earthquake,1.41,1.07,0.33153134260951,4,reviewed,av,av
2026-07-26T00:17:55.752Z,28.8,-98.975,6.9829,2.3,ml,44,82,0.1,0.4,tx,tx2026ooeeuh,2026-07-27T07:27:36.224Z,"15 km SE of Pearsall, Texas",earthquake,1.302003767717,0.64330080734454,0.2,20,reviewed,tx,tx
2026-07-26T00:16:26.356Z,29.6202,56.8533,81.206,4.3,mb,35,139,4.692,1.21,us,us7000t3dw,2026-07-26T02:59:33.040Z,"38 km N of Kūh Sefīd, Iran",earthquake,14.39,8.151,0.099,29,reviewed,us,us
2026-07-26T00:14:44.650Z,52.378166666667,-174.16483333333,4.26,-0.04,ml,6,120,0.01796,0.19,av,av94333533,2026-07-28T17:18:52.310Z,"20 km N of Atka, Alaska",earthquake,1,1.34,0.54737341993042,6,reviewed,av,av
2026-07-26T00:11:17.320Z,61.576,-147.567,20.5,1.4,ml,24,50,0.2,0.9,ak,aka2026oqmwvi,2026-07-27T22:03:01.948Z,"26 km S of Glacier View, Alaska",earthquake,2.8,2.1377,0.2,16,reviewed,ak,ak
2026-07-26T00:05:27.510Z,19.153667449951,-155.48832702637,25.329999923706,1.74,md,13,224,0.151,0.0900000036,hv,hv75007962,2026-07-26T00:09:03.720Z,"5 km S of Pāhala, Hawaii",earthquake,0.98,1.13,0.16912873966194,14,automatic,hv,hv
2026-07-26T00:02:18.018Z,-21.7339,-177.9322,395.256,4.3,mb,42,108,5.481,0.74,us,us7000t3dt,2026-07-26T02:01:01.040Z,"279 km WSW of Houma, Tonga",earthquake,12.3,7.019,0.099,29,reviewed,us,us
2026-07-25T23:57:58.543Z,59.988,-153.036,111.8,1.1,ml,20,89,0,0.3,ak,aka2026oqmlic,2026-07-27T19:26:27.923Z,"63 km ENE of Pedro Bay, Alaska",earthquake,7.5,4.2797,0.5,14,reviewed,ak,ak
2026-07-25T23:55:10.570Z,64.489,-148.616,6.4,1.4,ml,14,75,0.2,0.5,ak,aka2026oqmiwy,2026-07-27T19:24:45.015Z,"24 km ESE of Nenana, Alaska",earthquake,3.2,2.5995,0.2,12,reviewed,ak,ak
2026-07-25T23:53:20.499Z,52.1595,176.4027,10,3,ml,14,180,1.318,0.58,us,us6000tg6u,2026-07-27T22:13:42.040Z,"231 km ESE of Attu Station, Alaska",earthquake,5.33,1.979,0.097,14,reviewed,us,us
2026-07-25T23:50:35.290Z,19.164666666667,-155.50616666667,33.24,2.06,ml,40,118,0.04265,0.11,hv,hv75007947,2026-07-31T00:25:45.920Z,"5 km SW of Pāhala, Hawaii",earthquake,0.47,0.62,0.089575499581888,11,reviewed,hv,hv
2026-07-25T23:49:52.255Z,51.464,-173.546,0.9,2.6,ml,16,220,0.8,0.8,ak,aka2026oqmeif,2026-07-27T19:16:11.748Z,"93 km SSE of Atka, Alaska",earthquake,11.5,6.5461,0.2,12,reviewed,ak,ak
2026-07-25T23:43:52.564Z,65.032,-148.728,17.1,1.1,ml,10,79,0.2,0.4,ak,aka2026oqlzck,2026-07-27T19:14:59.331Z,"32 km ESE of Minto, Alaska",earthquake,4.1,2.8963,0.1,8,reviewed,ak,ak
2026-07-25T23:42:38.490Z,58.187333333333,-155.31633333333,-0.16,-0.47,ml,6,100,0.02401,0.22,av,av94333468,2026-07-27T05:09:59.000Z,"85 km NW of Karluk, Alaska",earthquake,0.59,3.28,0.18870826862603,6,reviewed,av,av
2026-07-25T23:40:48.247Z,50.2541,156.8988,50.022,4.5,mb,56,165,2.901,0.65,us,us7000t3dp,2026-07-26T01:50:08.040Z,"72 km SE of Severo-Kuril’sk, Russia",earthquake,13.85,8.672,0.065,70,reviewed,us,us
2026-07-25T23:33:19.080Z,59.72,-153.048,109.8,1.9,ml,44,62,0.1,0.7,ak,aka2026oqlpmy,2026-07-27T19:14:12.254Z,"59 km E of Pedro Bay, Alaska",earthquake,4.1,2.2412,0.3,31,reviewed,ak,ak
2026-07-25T23:31:43.633Z,51.1137,-173.266,10,4,mb,35,198,1.999,1.14,us,us7000t3dn,2026-07-27T19:14:45.814Z,"136 km SSE of Atka, Alaska",earthquake,9.18,1.974,0.125,17,reviewed,us,us
2026-07-25T23:16:09.698Z,51.5302,-173.2939,35,3,ml,24,210,0.875,0.56,us,us6000tg6h,2026-07-27T22:09:03.040Z,"96 km SE of Atka, Alaska",earthquake,6.44,2.014,0.097,14,reviewed,us,us
2026-07-25T23:11:37.409Z,53.4486,-165.2275,35,2.9,ml,17,217,0.719,0.44,us,us6000tg6g,2026-07-27T22:00:26.040Z,"84 km SSE of Akutan, Alaska",earthquake,3.98,2.01,0.105,12,reviewed,us,us
2026-07-25T23:09:37.653Z,53.49,-165.1581,35,2.8,ml,17,221,0.699,0.72,us,us6000tg6f,2026-07-27T21:57:48.040Z,"82 km SSE of Akutan, Alaska",earthquake,4.21,2.014,0.115,10,reviewed,us,us
2026-07-25T23:09:29.078Z,25.9804,95.294,92.961,4.5,mb,46,93,4.765,0.79,us,us7000t3di,2026-07-26T00:15:46.040Z,"56 km SE of Tuensang, India",earthquake,11.53,7.196,0.089,37,reviewed,us,us
2026-07-25T23:08:38.648Z,32.249,-101.926,6.1279,0.3,ml,11,70,0,0.2,tx,tx2026oobwuv,2026-07-28T17:38:24.508Z,"18 km NW of Stanton, Texas",earthquake,1.0441148172812,1.4253117627554,0.2,7,reviewed,tx,tx
2026-07-25T23:03:54.172Z,28.805,-98.978,7.6081,1.9,ml,14,82,0.1,0.2,tx,tx2026oobspi,2026-07-27T13:37:24.153Z,"14 km SE of Pearsall, Texas",earthquake,1.5215043646593,1.2875432655265,0.2,13,reviewed,tx,tx
2026-07-25T23:01:01.790Z,38.754833221435,-122.83499908447,5.1799998283386,1.58,md,35,68,0.01656,0.05,nc,nc75405772,2026-07-26T00:07:23.546Z,"7 km WSW of The Geysers, CA",earthquake,0.34,0.469999999,0.12,36,automatic,nc,nc
2026-07-25T23:00:59.508Z,61.064,-152.343,118.9,1.4,ml,29,71,0.1,0.7,ak,aka2026oqknyq,2026-07-27T19:10:12.728Z,"65 km W of Tyonek, Alaska",earthquake,5.2,3.0991,0.4,22,reviewed,ak,ak
2026-07-25T22:51:04.067Z,64.964,-147.466,0,1.4,ml,16,56,0.1,0.9,ak,aka2026oqkfht,2026-07-27T19:07:26.214Z,"7 km E of Fox, Alaska",quarry blast,3.5,0,0.2,12,reviewed,ak,ak
2026-07-25T22:45:04.930Z,17.9575,-66.839166666667,12.2,2.47,md,13,171,0.04196,0.1,pr,pr71525813,2026-07-25T22:56:18.940Z,"4 km SSW of Indios, Puerto Rico",earthquake,0.43,0.31,0.14037072293415,8,reviewed,pr,pr
2026-07-25T22:42:54.870Z,19.153666666667,-155.3575,28.92,1.69,ml,36,221,0.09156,0.11,hv,hv75007907,2026-07-31T00:18:44.450Z,"13 km ESE of Pāhala, Hawaii",earthquake,0.52,0.6,0.25014544739502,7,reviewed,hv,hv
2026-07-25T22:36:22.648Z,34.349,-107.926,9.284,3.4,ml,28,50,0.722,0.72,us,us7000t3dd,2026-07-27T03:10:21.040Z,"20 km ENE of Pie Town, New Mexico",earthquake,1.67,8.589,0.042,76,reviewed,us,us
2026-07-25T22:30:40.369Z,35.09783333,-97.90716667,9.66,0.06,ml,12,103,0.008998234239,0.14,ok,ok2026omgr,2026-07-27T19:10:55.230Z,"5 km NNE of Chickasha, Oklahoma",earthquake,,0.8,0.19,4,reviewed,ok,ok
2026-07-25T22:23:36.770Z,35.094,-97.8615,7.25,1.18,ml,19,88,0.04229170093,0.13,ok,ok2026omgl,2026-07-27T19:07:17.050Z,"7 km SSE of Amber, Oklahoma",earthquake,,0.5,0.22,8,reviewed,ok,ok
2026-07-25T22:21:55.476Z,63.06,-150.429,99.3,2,ml,32,80,0.6,0.6,ak,aka2026oqjgat,2026-07-27T19:02:28.312Z,"65 km NNE of Petersville, Alaska",earthquake,3.4,4.0684,0.2,23,reviewed,ak,ak
2026-07-25T22:20:42.380Z,33.467,-116.5655,11.26,0.43,ml,18,48,0.04128,0.13,ci,ci40661386,2026-07-27T17:03:17.892Z,"14 km SE of Anza, CA",earthquake,0.21,0.51,0.12380425086167,8,reviewed,ci,ci
2026-07-25T22:18:30.329Z,35.096,-97.87633333,7.27,0.95,ml,24,86,0.03059399641,0.15,ok,ok2026omgh,2026-07-27T19:01:14.204Z,"7 km S of Amber, Oklahoma",earthquake,,0.3,0.09,10,reviewed,ok,ok
2026-07-25T22:07:01.110Z,38.792499542236,-122.76116943359,2.25,0.72,md,9,73,0.008193,0.02,nc,nc75405742,2026-07-25T22:08:35.652Z,"2 km NNW of The Geysers, CA",earthquake,0.36,0.899999976,0.34,10,automatic,nc,nc
2026-07-25T22:03:33.655Z,51.489,-173.503,7.3,2.5,ml,15,299,0.8,0.9,ak,aka2026oqiqcb,2026-07-27T19:01:44.371Z,"92 km SSE of Atka, Alaska",earthquake,40.1,16.5407,0.2,13,reviewed,ak,ak
2026-07-25T21:53:20.278Z,51.5997,-173.1088,35,2.9,ml,20,209,0.905,0.52,us,us6000tg67,2026-07-27T21:54:03.040Z,"100 km SE of Atka, Alaska",earthquake,4.01,2.011,0.097,14,reviewed,us,us
2026-07-25T21:53:15.500Z,38.814498901367,-122.7945022583,12.300000190735,0.93,md,8,186,0.006551,0.07,nc,nc75405732,2026-07-25T21:54:51.386Z,"5 km NW of The Geysers, CA",earthquake,2.15,0.959999979,0.11,2,automatic,nc,nc
2026-07-25T21:48:27.750Z,36.603500366211,-121.26333618164,5.5700001716614,1.47,md,14,66,0.04195,0.1,nc,nc75405727,2026-07-25T23:17:29.231Z,"13 km NW of Pinnacles, CA",earthquake,0.33,0.930000007,0.23,11,automatic,nc,nc
2026-07-25T21:46:12.230Z,17.939833333333,-66.908833333333,15.28,3.08,md,27,185,0.04494,0.17,pr,pr71525803,2026-07-27T02:25:57.274Z,"3 km S of Guánica, Puerto Rico",earthquake,0.34,0.37,0.11126075574993,14,reviewed,pr,pr
2026-07-25T21:45:34.750Z,35.665666666667,-117.4905,5.58,0.99,ml,30,51,0.05439,0.13,ci,ci40661370,2026-07-26T13:25:52.033Z,"14 km SW of Searles Valley, CA",earthquake,0.17,0.59,0.18081192147409,16,reviewed,ci,ci
2026-07-25T21:42:17.372Z,31.98,-103.307,7.1765,1.8,ml,21,66,0,0.2,tx,tx2026onzape,2026-07-27T16:16:24.956Z,"18 km SW of Jal, New Mexico",earthquake,0.77198519443846,0.84665371101041,0.2,13,reviewed,tx,tx
2026-07-25T21:41:44.400Z,28.854,-98.983,8.4857,1.8,ml,14,76,0.1,0.2,tx,tx2026onzaex,2026-07-28T20:35:53.660Z,"11 km ESE of Pearsall, Texas",earthquake,2.1361175007035,2.4058920103652,0.1,12,reviewed,tx,tx
2026-07-25T21:39:53.035Z,31.975,-103.319,6.9714,1.6,ml,17,66,0,0.2,tx,tx2026onyyon,2026-07-27T17:06:20.327Z,"19 km SW of Jal, New Mexico",earthquake,1.009524615318,0.9071013966516,0.2,19,reviewed,tx,tx
2026-07-25T21:39:01.620Z,-29.4861,-177.5595,55.602,4.9,mb,29,138,0.402,0.76,us,us7000t3d9,2026-07-25T22:01:16.040Z,"Kermadec Islands, New Zealand",earthquake,12.92,6.323,0.15,16,reviewed,us,us
2026-07-25T21:32:35.742Z,57.48,-155.679,17.9,1.6,ml,14,261,0.4,0.3,ak,aka2026oqhpcw,2026-07-27T19:00:07.435Z,"73 km W of Karluk, Alaska",earthquake,9.3,4.4091,0.1,12,reviewed,ak,ak
2026-07-25T21:24:09.080Z,51.696666666667,-178.81666666667,15.83,3.31,ml,5,318,0.06942,0.2,av,av94333183,2026-07-27T04:54:27.140Z,"151 km W of Adak, Alaska",earthquake,3.88,1.63,0.074441144018381,1,reviewed,av,av
2026-07-25T21:23:30.498Z,61.834,-149.88,24.1,2,ml,39,73,0.4,0.8,ak,aka2026oqhhiq,2026-07-27T18:58:35.482Z,"12 km NE of Willow, Alaska",earthquake,2.8,2.2148,0.1,29,reviewed,ak,ak
2026-07-25T21:19:32.914Z,51.5794,-173.2558,35,2.7,ml,19,210,0.854,1.12,us,us6000tg66,2026-07-27T21:44:56.040Z,"94 km SE of Atka, Alaska",earthquake,5,2.014,0.105,12,reviewed,us,us
2026-07-25T21:18:31.270Z,51.871833333333,-178.93766666667,6.48,1.33,ml,5,327,0.09732,0.25,av,av94333168,2026-07-26T23:49:12.910Z,"158 km W of Adak, Alaska",earthquake,2.11,4.8,0.31999018707533,5,reviewed,av,av
2026-07-25T21:18:19.680Z,31.981,-103.31,7.0227,1.9,ml,21,51,0,0.2,tx,tx2026onyfyy,2026-07-27T13:09:42.788Z,"18 km SW of Jal, New Mexico",earthquake,0.79144552642525,0.71924354732637,0.2,27,reviewed,tx,tx
2026-07-25T21:12:57.340Z,60.008666666667,-153.10516666667,-2.83,-0.61,ml,4,181,0.0442,0.12,av,av94333158,2026-07-27T04:41:56.410Z,"61 km ENE of Pedro Bay, Alaska",earthquake,0.44,2.82,0.18044831642951,4,reviewed,av,av
2026-07-25T21:11:16.800Z,51.554,-176.283,58.6,1.8,ml,15,219,0.3,0.2,ak,aka2026oqgwug,2026-07-27T18:54:02.951Z,"43 km SE of Adak, Alaska",earthquake,27.1,10.6219,0.1,7,reviewed,ak,ak
2026-07-25T21:07:24.070Z,38.816501617432,-122.76533508301,1.3799999952316,0.51,md,8,104,0.0144,0.02,nc,nc75405712,2026-07-25T21:09:01.162Z,"4 km W of Cobb, CA",earthquake,0.41,1.11000001,0.19,9,automatic,nc,nc
2026-07-25T21:03:17.610Z,51.6063,-173.2803,40.779,5,mb,108,126,0.824,0.71,us,us7000t3cv,2026-07-27T18:50:54.810Z,"91 km SE of Atka, Alaska",earthquake,6.4,6.881,0.028,410,reviewed,us,us
2026-07-25T20:58:18.540Z,38.81233215332,-122.78549957275,2.920000076294,1.14,md,23,44,0.003874,0.03,nc,nc75405687,2026-07-25T21:32:21.551Z,"5 km NNW of The Geysers, CA",earthquake,0.27,0.419999987,0.15,23,automatic,nc,nc
2026-07-25T20:55:12.640Z,33.510833333333,-116.56016666667,14.1,0.43,ml,19,49,0.03863,0.11,ci,ci40661362,2026-07-26T13:26:07.900Z,"12 km ESE of Anza, CA",earthquake,0.22,0.41,0.12397258389609,8,reviewed,ci,ci
2026-07-25T20:51:01.875Z,51.355,-178.081,4.5,2,ml,14,230,0.4,0.6,ak,aka2026oqgffx,2026-07-27T18:44:34.019Z,"115 km WSW of Adak, Alaska",earthquake,8.4,4.6048,0.2,12,reviewed,ak,ak
2026-07-25T20:32:21.750Z,41.556666666667,-109.883,-2.19,3.28,ml,21,155,0.1072,0.16,uu,uu80146416,2026-07-27T13:35:40.853Z,"2 km NW of Little America, Wyoming",earthquake,0.52,1.07,0.26709968035451,20,reviewed,uu,uu
2026-07-25T20:31:18.270Z,39.305166666667,-111.2235,-1.17,1.39,md,8,112,0.01471,0.08,uu,uu80146411,2026-07-27T13:41:35.790Z,"17 km WNW of Orangeville, Utah",earthquake,0.64,0.34,0.20456613569784,8,reviewed,uu,uu
2026-07-25T20:30:11.690Z,40.24433517456,-124.18450164795,12.859999656677,1.55,md,7,118,0.05782,0.39,nc,nc75405672,2026-07-25T21:07:22.390Z,"12 km SE of Petrolia, CA",earthquake,1.92,4.01000023,,1,automatic,nc,nc
2026-07-25T20:30:05.413Z,51.457,-175.763,28.1,2.5,ml,20,232,0.5,0.5,ak,aka2026oqfnbc,2026-07-27T18:44:17.441Z,"76 km SE of Adak, Alaska",earthquake,10.5,4.1248,0.1,15,reviewed,ak,ak
2026-07-25T20:28:26.939Z,28.829,-98.969,8.7168,1.7,ml,12,81,0.1,0.3,tx,tx2026onwpax,2026-07-28T18:20:29.088Z,"14 km ESE of Pearsall, Texas",earthquake,2.1392575015677,1.9101648571449,0.1,13,reviewed,tx,tx
2026-07-25T20:23:03.836Z,59.92,-152.707,84.2,1.5,ml,16,71,0.2,0.3,ak,aka2026oqfgha,2026-07-27T18:44:01.557Z,"51 km WNW of Anchor Point, Alaska",earthquake,7.5,4.1348,0.4,12,reviewed,ak,ak
2026-07-25T20:14:19.767Z,60.7,-150.038,37.7,1.7,ml,42,47,0.2,0.6,ak,aka2026oqeysl,2026-07-27T18:42:14.960Z,"26 km NNW of Cooper Landing, Alaska",earthquake,2.5,2.8125,0.1,30,reviewed,ak,ak
2026-07-25T20:13:23.680Z,17.962,-66.913333333333,15.1,1.93,md,3,206,0.03494,0.03,pr,pr71525798,2026-07-25T20:24:51.890Z,"1 km SSW of Guánica, Puerto Rico",earthquake,3.02,1.02,0.055888690115659,3,reviewed,pr,pr
2026-07-25T19:45:17.090Z,33.186833333333,-115.60383333333,4.08,2.12,ml,46,43,0.01361,0.22,ci,ci40661346,2026-07-26T18:10:49.000Z,"10 km SW of Niland, CA",earthquake,0.22,0.32,0.12495557284238,64,reviewed,ci,ci
2026-07-25T19:42:29.230Z,44.994833333333,-111.78733333333,4.72,0.68,ml,5,173,0.07367,0.29,mb,mb90203493,2026-07-27T21:30:51.290Z,"35 km SSE of Virginia City, Montana",earthquake,8.32,7.41,0.23428300669162,4,reviewed,mb,mb
2026-07-25T19:37:00.200Z,33.183333333333,-115.61116666667,4.02,0.53,ml,11,96,0.006947,0.13,ci,ci10246526,2026-07-28T18:56:01.443Z,"11 km SW of Niland, CA",earthquake,0.46,0.2,0.096459187257449,5,reviewed,ci,ci
2026-07-25T19:36:31.790Z,33.181166666667,-115.61333333333,3.38,0.95,ml,11,84,0.004163,0.19,ci,ci40661338,2026-07-28T18:52:59.809Z,"11 km SW of Niland, CA",earthquake,0.45,0.32,0.07008024082798,9,reviewed,ci,ci
2026-07-25T19:36:21.490Z,33.1825,-115.60233333333,4.55,0.98,ml,21,87,0.01224,0.16,ci,ci40661330,2026-07-28T18:47:56.028Z,"10 km SW of Niland, CA",earthquake,0.22,0.34,0.25557207720003,13,reviewed,ci,ci
2026-07-25T19:27:33.200Z,40.97216796875,-123.76466369629,3.3800001144409,1.21,md,5,157,0.1446,0.35,nc,nc75405652,2026-07-25T20:07:22.019Z,"12 km WNW of Willow Creek, CA",earthquake,6.19,15.3000002,,1,automatic,nc,nc
2026-07-25T19:07:38.450Z,38.154,-112.3315,1.84,1.01,md,6,128,0.1616,0.27,uu,uu80146401,2026-07-27T13:49:39.180Z,"5 km WSW of Circleville, Utah",earthquake,1.37,31.61,0.18282195732935,6,reviewed,uu,uu
2026-07-25T19:05:46.744Z,28.832,-98.964,6.8369,1.5,ml,13,81,0.1,0.2,tx,tx2026ontvux,2026-07-28T17:25:19.641Z,"14 km ESE of Pearsall, Texas",earthquake,1.4656295294289,1.8478662744448,0.1,12,reviewed,tx,tx
2026-07-25T19:03:30.716Z,32.16,-101.508,6.8115,1,ml,17,52,0,0.1,tx,tx2026onttuz,2026-07-28T17:10:19.152Z,"10 km SSW of Big Spring, Texas",earthquake,0.76448456083694,1.1140860040257,0.2,14,reviewed,tx,tx
2026-07-25T19:02:20.470Z,54.577,-159.98,3.7,2.7,ml,12,274,1.2,0.5,ak,aka2026oqcoyv,2026-07-27T18:39:48.021Z,"90 km SSE of Sand Point, Alaska",earthquake,9.2,4.8678,0.1,10,reviewed,ak,ak
2026-07-25T18:59:39.962Z,28.811,-98.964,8.5035,1.8,ml,10,82,0.1,0.2,tx,tx2026ontqnq,2026-07-28T20:26:15.581Z,"15 km SE of Pearsall, Texas",earthquake,2.2304573990715,2.3699571845028,0.1,10,reviewed,tx,tx
2026-07-25T18:58:40.870Z,38.831832885742,-122.81500244141,2.25,0.72,md,16,51,0.009263,0.01,nc,nc75405632,2026-07-25T19:00:16.239Z,"8 km NW of The Geysers, CA",earthquake,0.25,0.699999988,0.09,17,automatic,nc,nc
2026-07-25T18:56:52.100Z,19.251499176025,-155.39683532715,28.770000457764,1.71,md,20,104,0.01394,0.119999997,hv,hv75007842,2026-07-25T19:00:22.960Z,"10 km ENE of Pāhala, Hawaii",earthquake,0.8,0.709999979,0.2007805109106,15,automatic,hv,hv
2026-07-25T18:54:22.986Z,35.7024,73.6881,10,4.4,mb,59,65,2.076,0.89,us,us7000t3ce,2026-07-25T19:45:39.040Z,"53 km S of Gahkuch, Pakistan",earthquake,6.92,1.335,0.076,50,reviewed,us,us
2026-07-25T18:51:37.698Z,31.98,-103.307,6.7151,1.3,ml,20,84,0,0.2,tx,tx2026ontjoz,2026-07-28T17:04:41.109Z,"18 km SW of Jal, New Mexico",earthquake,0.74832989371776,0.96845634663386,0.2,13,reviewed,tx,tx
2026-07-25T18:49:06.053Z,31.649,-104.237,5.1001,1.5,ml,30,65,0,0.1,tx,tx2026onthkb,2026-07-27T20:22:44.527Z,"56 km NW of Toyah, Texas",earthquake,0.53943021462726,1.0941571245295,0.2,26,reviewed,tx,tx
2026-07-25T18:45:47.240Z,45.233,-112.30933333333,-2,1.27,ml,12,67,0.1812,0.17,mb,mb90203488,2026-07-27T21:35:51.700Z,"18 km WSW of Alder, Montana",quarry blast,0.49,31.61,0.13010837822748,10,reviewed,mb,mb
2026-07-25T18:43:13.850Z,17.956666666667,-66.9935,10.24,2.22,md,7,205,0.04992,0.07,pr,pr71525788,2026-07-25T18:55:00.210Z,"5 km ESE of La Parguera, Puerto Rico",earthquake,0.45,0.66,0.02616256793096,4,reviewed,pr,pr
2026-07-25T18:40:57.740Z,38.837501525879,-122.80867004394,2.079999923706,0.72,md,9,71,0.01413,0.01,nc,nc75405617,2026-07-25T18:42:31.003Z,"8 km WNW of Cobb, CA",earthquake,0.32,0.939999998,0.15,11,automatic,nc,nc
2026-07-25T18:33:17.546Z,49.5245,-129.3203,10,4.4,mwr,78,85,1.354,0.75,us,us7000t3c8,2026-07-25T19:24:25.234Z,"199 km SW of Port McNeill, Canada",earthquake,7.18,1.919,0.045,48,reviewed,us,us
2026-07-25T18:07:38.858Z,28.834,-98.976,8.3978,1.7,ml,10,86,0.1,0.3,tx,tx2026onrxsb,2026-07-28T18:48:34.146Z,"13 km ESE of Pearsall, Texas",earthquake,3.1204752275995,2.9173053965331,0.1,6,reviewed,tx,tx
2026-07-25T17:58:03.582Z,59.006,-154.042,116,1.7,ml,24,60,0.2,0.4,ak,aka2026oqalgy,2026-07-27T18:36:44.261Z,"63 km SE of Kokhanok, Alaska",earthquake,6.1,4.2081,0.1,19,reviewed,ak,ak
2026-07-25T17:52:32.845Z,52.12,-169.856,9,2.4,ml,11,311,0.7,0.4,ak,aka2026oqagnp,2026-07-27T18:36:27.394Z,"113 km SW of Nikolski, Alaska",earthquake,11.2,5.3551,0.2,8,reviewed,ak,ak
2026-07-25T17:50:01.150Z,58.239833333333,-155.1,5.36,-0.35,ml,7,109,0.05847,0.17,av,av94332868,2026-07-27T04:22:25.390Z,"83 km NNW of Karluk, Alaska",earthquake,0.39,0.89,0.22522985702946,7,reviewed,av,av
2026-07-25T17:48:50.845Z,60.391,-147.804,27.9,1.2,ml,10,154,0.4,0.5,ak,aka2026oqadgu,2026-07-27T18:35:19.297Z,"37 km NNE of Chenega, Alaska",earthquake,6.4,4.2805,0.1,8,reviewed,ak,ak
2026-07-25T17:48:42.104Z,31.92,-101.991,9.3018,1.2,ml,36,61,0,0.1,tx,tx2026onrhic,2026-07-28T17:08:43.851Z,"11 km SE of Midland, Texas",earthquake,0.40551034534893,0.76657536652271,0.1,21,reviewed,tx,tx
2026-07-25T17:43:13.841Z,28.818,-98.983,8.9403,1.6,ml,12,80,0.1,0.2,tx,tx2026onrcpt,2026-07-28T16:05:13.103Z,"13 km SE of Pearsall, Texas",earthquake,1.3056221825603,1.2497554463848,0.1,6,reviewed,tx,tx
2026-07-25T17:42:59.303Z,-7.3555,128.8506,135.403,4.2,mb,24,111,3.003,0.94,us,us7000t3c6,2026-07-25T18:23:19.040Z,"241 km ENE of Lospalos, Timor Leste",earthquake,8.72,8.322,0.128,17,reviewed,us,us
2026-07-25T17:36:38.500Z,49.284666666667,-120.47066666667,-0.46,2.12,ml,10,201,0.5546,0.36,uw,uw714061421,2026-07-29T15:40:54.520Z,"19 km S of Princeton, Canada",explosion,1.39,31.61,0.10782574060115,7,reviewed,uw,uw
2026-07-25T17:35:06.510Z,35.3125,-117.81733333333,8.24,1.02,ml,25,85,0.05065,0.21,ci,ci40661322,2026-07-26T13:26:44.165Z,"18 km WSW of Johannesburg, CA",earthquake,0.3,0.62,0.22461245130837,12,reviewed,ci,ci
2026-07-25T17:29:06.570Z,34.11,-117.209,5.39,0.88,ml,20,73,0.01396,0.17,ci,ci40661314,2026-07-27T18:07:34.030Z,"2 km S of Highland, CA",earthquake,0.26,0.59,0.075641887795637,9,reviewed,ci,ci
2026-07-25T17:28:58.075Z,51.28,-174.474,7.3,2.4,ml,16,273,0.9,0.7,ak,aka2026opzmap,2026-07-27T18:34:17.267Z,"103 km S of Atka, Alaska",earthquake,9.9,5.7879,0.1,12,reviewed,ak,ak
2026-07-25T17:19:14.202Z,61.299,-145.218,35.5,1.6,ml,20,71,0.2,0.8,ak,aka2026opzdpg,2026-07-27T18:33:15.386Z,"39 km S of Tonsina, Alaska",earthquake,5,3.4626,0.2,16,reviewed,ak,ak
2026-07-25T17:14:49.771Z,61.774,-149.73,16.5,2.8,ml,111,29,0.3,0.9,ak,aka2026opyztl,2026-07-27T18:33:28.271Z,"16 km E of Willow, Alaska",earthquake,1.7,1.8205,0.1,80,reviewed,ak,ak
2026-07-25T17:14:48.070Z,38.805500030518,-122.81866455078,2.7599999904633,1.45,md,31,58,0.008876,0.04,nc,nc75405602,2026-07-25T18:07:21.222Z,"6 km WNW of The Geysers, CA",earthquake,0.23,0.360000014,0.22,31,automatic,nc,nc
2026-07-25T17:14:03.590Z,38.822666168213,-122.80133056641,2.8099999427795,1.05,md,24,33,0.006868,0.01,nc,nc75405597,2026-07-25T17:15:40.432Z,"6 km NW of The Geysers, CA",earthquake,0.21,0.419999987,0.15,24,automatic,nc,nc
2026-07-25T17:11:34.220Z,33.1685,-116.03433333333,3.74,0.92,ml,35,38,0.04772,0.18,ci,ci40661306,2026-07-27T21:26:07.955Z,"9 km ENE of Ocotillo Wells, CA",earthquake,0.17,0.35,0.1659561105322,22,reviewed,ci,ci
2026-07-25T17:11:13.301Z,60.084,-150.053,12.7,1.9,ml,41,127,0.3,0.7,ak,aka2026opywqj,2026-07-27T18:32:16.171Z,"33 km W of Seward, Alaska",earthquake,3.3,1.7281,0.2,30,reviewed,ak,ak
2026-07-25T17:06:29.063Z,31.976,-103.308,6.9202,1.7,ml,22,66,0,0.2,tx,tx2026onpwze,2026-07-28T21:39:01.791Z,"18 km SW of Jal, New Mexico",earthquake,0.67760143958362,0.62834081976932,0.2,14,reviewed,tx,tx
2026-07-25T17:05:43.280Z,18.005333333333,-66.951666666667,9.58,2.36,md,8,136,0.04401,0.23,pr,pr71525778,2026-07-25T17:19:39.340Z,"4 km WNW of Fuig, Puerto Rico",earthquake,0.6,1.37,0.039685158723743,4,reviewed,pr,pr
2026-07-25T17:01:40.426Z,31.979,-103.313,6.8689,2.5,ml,26,44,0,0.1,tx,tx2026onpsve,2026-07-26T06:54:53.225Z,"18 km SW of Jal, New Mexico",earthquake,0.7413967543193,0.60751892788504,0.2,28,reviewed,tx,tx
2026-07-25T16:56:10.962Z,36.2386,69.8583,126.288,4.1,mb,25,104,2.945,1.25,us,us7000t3bz,2026-07-25T21:10:10.040Z,"37 km S of Farkhār, Afghanistan",earthquake,5.04,10.221,0.198,8,reviewed,us,us
2026-07-25T16:52:46.200Z,38.798831939697,-122.78366851807,3.5,0.77,md,10,66,0.006549,0.01,nc,nc75405587,2026-07-25T16:54:21.390Z,"3 km NW of The Geysers, CA",earthquake,0.45,1.16999996,0.21,12,automatic,nc,nc
2026-07-25T16:52:42.800Z,33.18,-115.60616666667,3.66,1.13,ml,24,48,0.008336,0.23,ci,ci40661290,2026-07-26T17:19:19.505Z,"10 km NW of Calipatria, CA",earthquake,0.28,0.23,0.15075536746145,13,reviewed,ci,ci
2026-07-25T16:37:30.989Z,57.703,-155.882,94.7,1.9,ml,37,130,0.2,0.4,ak,aka2026opxtkp,2026-07-27T18:28:18.509Z,"86 km W of Karluk, Alaska",earthquake,6.4,2.4743,0.3,27,reviewed,ak,ak
2026-07-25T16:37:10.552Z,52.246,-169.445,14.7,2.4,ml,13,286,0.6,0.8,ak,aka2026opxtcm,2026-07-27T18:26:08.929Z,"86 km SSW of Nikolski, Alaska",earthquake,9.2,4.5538,0.1,11,reviewed,ak,ak
2026-07-25T16:31:32.375Z,61.193,-146.921,0,0.9,ml,9,104,0.3,0.5,ak,aka2026opxoge,2026-07-27T18:25:21.962Z,"31 km WNW of Valdez, Alaska",ice quake,3.9,0,0.1,6,reviewed,ak,ak
2026-07-25T16:31:25.070Z,35.865833333333,-117.70433333333,9.46,1.27,ml,32,34,0.07541,0.11,ci,ci40661274,2026-07-26T13:34:28.530Z,"20 km ESE of Little Lake, CA",earthquake,0.13,0.32,0.2242808029864,21,reviewed,ci,ci
2026-07-25T16:28:44.943Z,31.541,-104.136,9.74,1.5,ml,29,69,0,0.1,tx,tx2026onoqgq,2026-07-28T21:45:37.805Z,"41 km NW of Toyah, Texas",earthquake,0.59808644249594,0.53512271551389,0.1,15,reviewed,tx,tx
2026-07-25T16:13:17.340Z,38.824501037598,-122.8441696167,2.0499999523163,0.75,md,13,118,0.007272,0.02,nc,nc75405572,2026-07-25T16:14:54.871Z,"9 km NW of The Geysers, CA",earthquake,0.3,0.479999989,0.12,15,automatic,nc,nc
2026-07-25T16:12:02.890Z,38.820999145508,-122.84166717529,2.5099999904633,1.84,md,40,50,0.005599,0.06,nc,nc75405567,2026-07-25T16:42:21.656Z,"9 km WNW of The Geysers, CA",earthquake,0.18,0.300000012,0.18,41,automatic,nc,nc
2026-07-25T16:10:26.770Z,38.822666168213,-122.84432983398,2.25,0.73,md,13,115,0.007278,0.01,nc,nc75405562,2026-07-25T16:12:04.909Z,"9 km WNW of The Geysers, CA",earthquake,0.3,0.649999976,0.18,15,automatic,nc,nc
2026-07-25T16:02:31.525Z,31.649,-104.23,7.1124,1.5,ml,36,65,0,0.2,tx,tx2026onnrqi,2026-07-30T16:13:28.531Z,"55 km NW of Toyah, Texas",earthquake,0.41488983744022,0.78283540639664,0.1,24,reviewed,tx,tx
2026-07-25T15:56:36.480Z,19.171,-155.50283333333,33.95,1.43,ml,30,108,0.0415,0.11,hv,hv75007817,2026-07-31T00:07:43.000Z,"4 km SW of Pāhala, Hawaii",earthquake,0.54,0.65,0.090195933502313,7,reviewed,hv,hv
2026-07-25T15:53:26.400Z,44.835833333333,-111.49866666667,9.04,0.09,ml,5,136,0.04913,0.06,mb,mb90203483,2026-07-27T21:41:52.330Z,"25 km WNW of Hebgen Lake Estates, Montana",earthquake,0.69,0.97,0.34802669754383,2,reviewed,mb,mb
2026-07-25T15:40:58.210Z,31.544,-104.135,9.74,1.7,ml,36,69,0,0.2,tx,tx2026onnbhi,2026-07-27T23:03:56.286Z,"41 km NW of Toyah, Texas",earthquake,0.48875634296594,0.42548569905736,0.2,22,reviewed,tx,tx
2026-07-25T15:40:50.066Z,51.256,-174.429,10,2.4,ml,12,275,1,0.5,ak,aka2026opvwgi,2026-07-27T18:03:58.418Z,"105 km S of Atka, Alaska",earthquake,9.9,0,0.2,10,reviewed,ak,ak
2026-07-25T15:39:50.230Z,61.2905,-152.18,-3.18,-0.58,ml,7,165,0.02777,0.21,av,av93064884,2026-07-27T03:58:24.190Z,"61 km WNW of Beluga, Alaska",earthquake,0.69,2.38,0.20287412300263,5,reviewed,av,av
2026-07-25T15:37:15.710Z,52.135666666667,-176.36666666667,2.83,0.44,ml,7,276,0.124,0.16,av,av94332698,2026-07-27T03:47:23.530Z,"34 km NNE of Adak, Alaska",earthquake,1.21,2.43,0.35969191393265,7,reviewed,av,av
2026-07-25T15:34:11.920Z,38.641666412354,-122.8621673584,6.8600001335144,1.4,md,12,120,0.1072,0.05,nc,nc75405552,2026-07-25T16:07:20.429Z,"4 km N of Healdsburg, CA",earthquake,0.37,1.63999999,0.18,11,automatic,nc,nc
2026-07-25T15:22:23.483Z,53.425,-166.945,12,2,ml,18,218,0.4,0.2,ak,aka2026opvghg,2026-07-27T18:02:13.548Z,"56 km SSW of Unalaska, Alaska",earthquake,13.8,10.6878,0.2,14,reviewed,ak,ak
2026-07-25T15:19:04.617Z,51.4256,179.7814,10,2.5,ml,14,180,0.304,0.8,us,us6000tg5l,2026-07-28T13:33:57.040Z,"253 km WSW of Adak, Alaska",earthquake,2.89,1.968,0.091,16,reviewed,us,us
2026-07-25T15:12:50.870Z,53.900666666667,-166.66966666667,8.23,0.59,ml,6,212,0.02015,0.11,av,av94332648,2026-07-27T03:40:53.100Z,"8 km W of Dutch Harbor, Alaska",earthquake,0.51,0.56,0.22777626001469,7,reviewed,av,av
2026-07-25T15:08:40.720Z,53.433666666667,-168.058,3.56,-0.62,ml,6,165,0.01765,0.22,av,av94332633,2026-07-27T03:27:52.370Z,"76 km NE of Nikolski, Alaska",earthquake,0.71,0.99,0.2140633562255,5,reviewed,av,av
2026-07-25T15:05:36.540Z,59.899,-151.835,77.7,2.5,ml,104,50,0.5,0.8,ak,aka2026opursv,2026-07-27T17:55:50.217Z,"7 km SW of Happy Valley, Alaska",earthquake,2,1.825,0.1,76,reviewed,ak,ak
2026-07-25T15:04:27.300Z,47.1353,153.1701,89.719,4.4,mb,107,131,6.649,0.63,us,us7000t3bu,2026-07-25T18:53:15.040Z,"Kuril Islands",earthquake,29.47,18.188,0.053,100,reviewed,us,us
2026-07-25T15:04:10.118Z,58.966,-151.632,56.4,1.7,ml,11,198,0.5,0.3,ak,aka2026opuqmi,2026-07-27T17:57:04.678Z,"44 km SSE of Port Graham, Alaska",earthquake,8.3,8.1267,0.3,9,reviewed,ak,ak
2026-07-25T15:00:46.268Z,59.463,-146.733,34,1.6,ml,10,229,0.2,0.8,ak,aka2026opunob,2026-07-27T17:53:29.034Z,"98 km SE of Chenega, Alaska",earthquake,16.6,7.9532,0.2,8,reviewed,ak,ak
2026-07-25T14:54:05.660Z,33.992333333333,-117.18183333333,13.07,0.94,ml,49,34,0.07195,0.15,ci,ci40661258,2026-07-26T13:34:41.498Z,"7 km S of Redlands, CA",earthquake,0.14,0.36,0.19784654911025,30,reviewed,ci,ci
2026-07-25T14:50:41.420Z,51.779,-178.85183333333,8.48,0.82,ml,5,150,0.003234,0.1,av,av94332608,2026-07-27T05:25:59.030Z,"153 km W of Adak, Alaska",earthquake,0.62,0.52,0.29359700991152,5,reviewed,av,av
2026-07-25T14:45:31.730Z,51.806833333333,-178.84,8.04,1.08,ml,5,219,0.02458,0.14,av,av94332603,2026-07-26T23:30:11.880Z,"152 km W of Adak, Alaska",earthquake,1.13,0.98,0.23752824709528,5,reviewed,av,av
2026-07-25T14:45:30.700Z,19.315500259399,-155.54350280762,40.639999389648,1.81,md,7,106,0.07891,0.109999999,hv,hv75007802,2026-07-25T14:49:01.960Z,"14 km NNW of Pāhala, Hawaii",earthquake,2.1,1.75999999,0.14185542924941,16,automatic,hv,hv
2026-07-25T14:44:58.930Z,34.8265,-118.9975,8.23,2.3,ml,76,21,0.0562,0.25,ci,ci40661250,2026-07-26T18:02:23.350Z,"5 km W of Frazier Park, CA",earthquake,0.2,0.43,0.16498900156655,109,reviewed,ci,ci
2026-07-25T14:36:26.895Z,28.84,-98.96,7.514,1.7,ml,12,82,0.1,0.3,tx,tx2026onkxrh,2026-07-29T15:08:16.447Z,"14 km ESE of Pearsall, Texas",earthquake,2.9909643074955,1.0592790833945,0.1,7,reviewed,tx,tx
2026-07-25T14:31:07.667Z,31.98,-103.307,7.9456,1.4,ml,23,66,0,0.2,tx,tx2026onktcs,2026-07-28T22:31:43.859Z,"18 km SW of Jal, New Mexico",earthquake,0.70696741143619,1.1289955640511,0.2,18,reviewed,tx,tx
2026-07-25T14:30:34.523Z,52.071,-169.19,8.1,2.5,ml,17,289,0.8,0.5,ak,aka2026optnjq,2026-07-27T17:52:17.094Z,"99 km SSW of Nikolski, Alaska",earthquake,10,5.5825,0.1,13,reviewed,ak,ak
2026-07-25T14:29:01.230Z,38.822166442871,-122.84883117676,1.6699999570847,0.42,md,9,171,0.008265,0.04,nc,nc75405527,2026-07-25T14:30:40.160Z,"9 km WNW of The Geysers, CA",earthquake,0.43,0.910000026,0.36,10,automatic,nc,nc
2026-07-25T14:24:38.014Z,31.981,-103.307,7.4841,2,ml,29,66,0,0.2,tx,tx2026onknig,2026-07-27T22:36:57.484Z,"18 km SW of Jal, New Mexico",earthquake,0.47319891011247,0.94876327449828,0.1,20,reviewed,tx,tx
2026-07-25T14:17:57.294Z,60.846,-151.313,63.4,1.4,ml,18,55,0.1,0.8,ak,aka2026optckc,2026-07-27T17:50:58.707Z,"17 km N of Nikiski, Alaska",earthquake,3.8,4.3481,0.2,13,reviewed,ak,ak
2026-07-25T14:16:24.250Z,19.757999420166,-155.39332580566,15.640000343323,1.71,md,29,94,0.06168,0.200000003,hv,hv75007792,2026-07-25T14:19:57.530Z,"30 km SSW of Laupāhoehoe, Hawaii",earthquake,0.37,1.47000003,0.1750195230271,12,automatic,hv,hv
2026-07-25T14:14:36.443Z,59.435,-152.751,80.2,1.5,ml,16,85,0.3,0.4,ak,aka2026opszmy,2026-07-27T17:49:34.124Z,"47 km W of Nanwalek, Alaska",earthquake,6.1,4.0429,0.3,13,reviewed,ak,ak
2026-07-25T13:51:43.134Z,62.062,-150.772,65,1.8,ml,38,47,0.4,0.9,ak,aka2026opsfra,2026-07-27T17:49:07.439Z,"33 km ENE of Skwentna, Alaska",earthquake,2.5,3.2743,0.2,26,reviewed,ak,ak
2026-07-25T13:47:10.634Z,31.976,-103.316,8.3044,1.3,ml,21,66,0,0.2,tx,tx2026onjhey,2026-07-28T22:38:17.436Z,"19 km SW of Jal, New Mexico",earthquake,1.0855488673342,0.74208880159071,0.1,13,reviewed,tx,tx
2026-07-25T13:37:50.049Z,31.979,-103.303,7.7917,1.8,ml,32,67,0.1,0.2,tx,tx2026onizhh,2026-07-27T22:56:19.465Z,"18 km SW of Jal, New Mexico",earthquake,0.65376862944878,0.88994263571609,0.1,22,reviewed,tx,tx
2026-07-25T13:36:59.829Z,62.654,-149.992,22.2,1.5,ml,14,88,0.3,0.7,ak,aka2026oprsyh,2026-07-27T17:47:07.401Z,"23 km NNE of Chase, Alaska",earthquake,3.9,4.2335,0.1,12,reviewed,ak,ak
2026-07-25T13:30:46.246Z,50.9905,-170.0394,10,3,ml,26,233,1.809,0.59,us,us6000tg5e,2026-07-28T14:53:59.040Z,"231 km SSW of Nikolski, Alaska",earthquake,8.29,2.02,0.091,16,reviewed,us,us
2026-07-25T13:29:48.920Z,61.034,-148.474,0,1.3,ml,12,162,0.2,0.7,ak,aka2026oprmrs,2026-07-27T17:41:46.389Z,"31 km NNE of Whittier, Alaska",ice quake,5.7,0,0.3,9,reviewed,ak,ak
2026-07-25T13:28:51.510Z,28.815,-98.98,7.716,1.7,ml,19,80,0.1,0.3,tx,tx2026onirlx,2026-07-28T16:39:09.508Z,"14 km SE of Pearsall, Texas",earthquake,1.5947852513248,1.0327672491414,0.1,11,reviewed,tx,tx
2026-07-25T13:21:19.910Z,19.191666666667,-155.50383333333,38.28,1.38,ml,36,85,0.05344,0.12,hv,hv75007787,2026-07-31T00:00:12.360Z,"2 km WSW of Pāhala, Hawaii",earthquake,0.46,0.61,0.10825272818525,6,reviewed,hv,hv
2026-07-25T13:17:33.189Z,62.32,-151.196,76.2,2.4,ml,89,34,0.3,1.1,ak,aka2026oprcan,2026-07-27T17:40:46.951Z,"29 km SW of Petersville, Alaska",earthquake,2.2,2.6661,0.2,64,reviewed,ak,ak
2026-07-25T13:17:29.867Z,28.815,-98.982,8.0758,1.5,ml,10,86,0.1,0.3,tx,tx2026onihrr,2026-07-29T15:30:43.456Z,"13 km SE of Pearsall, Texas",earthquake,1.9550472202781,1.2365221848447,0.1,6,reviewed,tx,tx
2026-07-25T13:15:38.820Z,31.978,-103.309,6.4587,1.5,ml,26,66,0,0.2,tx,tx2026onifwv,2026-07-28T22:22:20.921Z,"18 km SW of Jal, New Mexico",earthquake,0.715799516259,0.62294832223029,0.1,16,reviewed,tx,tx
2026-07-25T13:15:12.230Z,48.560333333333,-122.62616666667,15.35,1.6,ml,30,59,0.01393,0.17,uw,uw714061361,2026-07-27T22:25:55.840Z,"5 km N of Anacortes, Washington",earthquake,0.27,0.55,0.089086478210301,17,reviewed,uw,uw
2026-07-25T13:13:48.750Z,37.638668060303,-118.90399932861,1.8799999952316,0.73,md,9,79,0.008063,0.01,nc,nc75405512,2026-07-25T13:15:25.517Z,"7 km E of Mammoth Lakes, CA",earthquake,0.42,0.790000021,0.13,9,automatic,nc,nc
2026-07-25T13:11:49.890Z,31.981,-103.302,7.5354,2.2,ml,31,58,0.1,0.2,tx,tx2026onicrs,2026-07-27T22:47:53.486Z,"17 km SW of Jal, New Mexico",earthquake,0.54804342657083,1.0886244972448,0.2,24,reviewed,tx,tx
2026-07-25T13:09:24.435Z,63.898,-145.605,14.4,1,ml,12,104,0.1,0.5,ak,aka2026opquzi,2026-07-27T17:38:07.991Z,"5 km SSW of Fort Greely, Alaska",earthquake,5,1.7931,0.2,9,reviewed,ak,ak
2026-07-25T13:08:06.511Z,28.845,-98.977,9.4553,1.5,ml,13,83,0.1,0.2,tx,tx2026onhzpa,2026-07-28T16:30:23.957Z,"12 km ESE of Pearsall, Texas",earthquake,1.8831481712833,1.8455455200387,0.1,7,reviewed,tx,tx
2026-07-25T13:04:56.800Z,52.105166666667,-176.13783333333,3.03,-0.06,ml,4,276,0.0495,0.17,av,av93064879,2026-07-26T23:13:39.730Z,"42 km NE of Adak, Alaska",earthquake,1.2,2.01,0.2813769356834,4,reviewed,av,av
2026-07-25T12:55:42.192Z,51.127,-178.398,29.4,2.2,ml,17,269,0.5,0.4,ak,aka2026opqjcd,2026-07-27T17:36:14.209Z,"148 km SW of Adak, Alaska",earthquake,10.3,5.7816,0.1,11,reviewed,ak,ak
2026-07-25T12:52:08.769Z,31.979,-103.302,6.8689,1.7,ml,27,58,0.1,0.3,tx,tx2026onhlmo,2026-07-28T16:52:53.115Z,"18 km SW of Jal, New Mexico",earthquake,0.67260483250313,1.2113354637491,0.1,19,reviewed,tx,tx
2026-07-25T12:47:55.584Z,62.869,-149.392,65.8,2.1,ml,61,31,0.6,0.9,ak,aka2026opqchx,2026-07-27T17:34:29.823Z,"59 km NE of Chase, Alaska",earthquake,2.4,4.1046,0.2,43,reviewed,ak,ak
2026-07-25T12:45:15.549Z,31.985,-103.299,7.3303,1.9,ml,26,67,0.1,0.2,tx,tx2026onhfod,2026-07-28T16:21:46.871Z,"17 km SW of Jal, New Mexico",earthquake,0.64181305312218,1.007525328503,0.1,17,reviewed,tx,tx
2026-07-25T12:42:13.530Z,35.308666666667,-117.79766666667,6.23,1.2,ml,45,59,0.05696,0.23,ci,ci40661226,2026-07-26T13:28:45.694Z,"16 km WSW of Johannesburg, CA",earthquake,0.23,0.53,0.1133924122368,23,reviewed,ci,ci
2026-07-25T12:35:22.010Z,35.08816667,-97.84683333,6.88,0.67,ml,22,177,0.05398940544,0.14,ok,ok2026olnb,2026-07-27T18:55:00.957Z,"8 km SSE of Amber, Oklahoma",earthquake,,0.6,0.22,9,reviewed,ok,ok
2026-07-25T12:34:40.461Z,31.972,-103.32,6.8304,1.1,ml,11,66,0,0.1,tx,tx2026ongwtg,2026-07-29T14:55:11.261Z,"19 km SW of Jal, New Mexico",earthquake,0.97626614159237,0.4775005008609,0.2,6,reviewed,tx,tx
2026-07-25T12:31:27.320Z,61.275333333333,-152.35266666667,2.78,-0.46,ml,9,126,0.01883,0.17,av,av94332338,2026-07-26T22:59:09.850Z,"69 km WNW of Tyonek, Alaska",earthquake,0.63,0.67,0.20981602859326,9,reviewed,av,av
2026-07-25T12:29:54.730Z,61.300333333333,-152.38266666667,-2.81,-0.25,ml,11,118,0.04169,0.25,av,av94332333,2026-07-26T22:57:08.670Z,"71 km WNW of Tyonek, Alaska",earthquake,0.55,2.3,0.1529005279803,10,reviewed,av,av
2026-07-25T12:23:22.871Z,31.659,-104.228,6.1383,1.7,ml,58,64,0,0.2,tx,tx2026ongnaa,2026-07-28T16:16:30.499Z,"56 km NW of Toyah, Texas",earthquake,0.4550702061008,0.56417839104813,0.1,36,reviewed,tx,tx
2026-07-25T12:12:23.790Z,45.627666666667,-122.6445,14.85,1.34,ml,33,79,0.006425,0.12,uw,uw714061341,2026-07-29T20:03:35.500Z,"1 km SE of Vancouver, Washington",earthquake,0.29,0.33,0.19209402569845,12,reviewed,uw,uw
2026-07-25T12:04:53.020Z,33.257,-116.37783333333,3.21,1.31,ml,69,27,0.03479,0.2,ci,ci40661218,2026-07-26T13:29:21.050Z,"0 km WNW of Borrego Springs, CA",earthquake,0.15,0.27,0.17067772177111,26,reviewed,ci,ci
2026-07-25T11:56:59.596Z,31.981,-103.307,9.2273,1.5,ml,24,58,0,0.3,tx,tx2026onfnne,2026-07-27T13:36:53.710Z,"18 km SW of Jal, New Mexico",earthquake,0.74058561572609,0.95265384565598,0.1,12,reviewed,tx,tx
2026-07-25T11:50:51.510Z,38.494333333333,-112.90766666667,3.18,0,md,7,103,0.01801,0.04,uu,uu80146386,2026-07-27T13:59:01.550Z,"14 km NE of Milford, Utah",earthquake,0.28,0.59,0.51235607334587,4,reviewed,uu,uu
2026-07-25T11:49:17.890Z,46.676,-112.33066666667,4.94,0.26,ml,4,179,0.2028,0.06,mb,mb90203478,2026-07-27T21:45:52.670Z,"8 km SSW of Marysville, Montana",earthquake,0.51,6.56,0.17135905902853,4,reviewed,mb,mb
2026-07-25T11:44:31.252Z,28.803,-98.963,8.3043,1.5,ml,13,82,0.2,0.2,tx,tx2026onffog,2026-07-29T17:59:19.678Z,"16 km SE of Pearsall, Texas",earthquake,1.6523645724153,2.2707413522715,0.1,12,reviewed,tx,tx
2026-07-25T11:43:54.184Z,31.547,-104.145,8.8171,2.1,ml,13,70,0,0.1,tx,tx2026onfckc,2026-07-27T11:42:33.717Z,"42 km NW of Toyah, Texas",earthquake,1.1748904302215,0.68514102847975,0.1,21,reviewed,tx,tx
2026-07-25T11:40:56.079Z,31.546,-104.159,9.5734,1.8,ml,28,71,0,0.1,tx,tx2026onfcho,2026-07-27T13:11:00.418Z,"43 km NW of Toyah, Texas",earthquake,0.48756134693913,0.65227199156754,0.1,13,reviewed,tx,tx
2026-07-25T11:39:34.811Z,31.519,-104.15,8.1763,2.6,ml,17,73,0.1,0.1,tx,tx2026onfbfb,2026-07-26T06:47:55.390Z,"40 km WNW of Toyah, Texas",earthquake,1.3866514750105,1.081880927089,0.1,24,reviewed,tx,tx
2026-07-25T11:31:41.760Z,38.507331848145,-122.43466949463,6.1700000762939,2.46,md,65,32,0.05886,0.2,nc,nc75405477,2026-07-25T11:52:21.682Z,"3 km E of St. Helena, CA",earthquake,0.23,0.779999971,0.11,71,automatic,nc,nc
2026-07-25T11:31:29.350Z,18.227333333333,-67.467333333333,16.16,2.75,md,8,292,0.3068,0.13,pr,pr71525758,2026-07-25T11:54:03.540Z,"25 km WSW of Stella, Puerto Rico",earthquake,0.76,0.72,0.086359344136753,6,reviewed,pr,pr
2026-07-25T11:27:20.860Z,46.205166666667,-122.188,2.72,0.88,ml,17,84,0.005263,0.06,uw,uw714061311,2026-07-29T20:02:56.230Z,"38 km NNE of Amboy, Washington",earthquake,0.2,0.49,0.093465353317296,3,reviewed,uw,uw
2026-07-25T11:26:46.729Z,58.074,-137.587,11,2.2,ml,12,194,0.7,0.7,ak,aka2026opnjyy,2026-07-27T16:38:48.105Z,"74 km W of Elfin Cove, Alaska",earthquake,7,3.5102,0.2,10,reviewed,ak,ak
2026-07-25T11:20:33.552Z,31.536,-104.141,8.5095,1.5,ml,10,72,0,0.1,tx,tx2026onekwh,2026-07-27T12:59:13.314Z,"41 km NW of Toyah, Texas",earthquake,0.94618149088514,0.69260315646863,0.1,14,reviewed,tx,tx
2026-07-25T11:05:14.708Z,64.874,-148.993,19.5,0.8,ml,8,160,0.3,0.4,ak,aka2026opmrhy,2026-07-27T16:38:05.132Z,"30 km NNE of Four Mile Road, Alaska",earthquake,5.7,3.6788,0.3,7,reviewed,ak,ak
2026-07-25T11:05:00.570Z,17.960333333333,-66.917666666667,13.72,1.94,md,5,207,0.03938,0.14,pr,pr71525748,2026-07-25T11:21:46.340Z,"1 km SW of Guánica, Puerto Rico",earthquake,1.73,1.02,0.10226739920063,4,reviewed,pr,pr
2026-07-25T11:03:52.959Z,31.981,-103.302,7.4329,2.4,ml,21,58,0.1,0.2,tx,tx2026ondvqq,2026-07-27T11:33:26.010Z,"17 km SW of Jal, New Mexico",earthquake,0.54078464280779,0.729812591117,0.2,20,reviewed,tx,tx
2026-07-25T11:01:49.810Z,33.3935,-116.43116666667,11.11,0.7,ml,48,20,0.08547,0.22,ci,ci40661210,2026-07-26T13:30:35.600Z,"16 km NNW of Borrego Springs, CA",earthquake,0.19,0.4,0.20624387032712,13,reviewed,ci,ci
2026-07-25T10:59:33.884Z,31.973,-103.32,6.228,1,ml,12,88,0,0.1,tx,tx2026ondsuj,2026-07-27T14:51:54.027Z,"19 km SW of Jal, New Mexico",earthquake,1.2310370686882,0.5487744570945,0.2,13,reviewed,tx,tx
2026-07-25T10:55:49.556Z,51.103,-178.318,22.5,2.2,ml,11,269,0.5,0.7,ak,aka2026opmjdv,2026-07-27T16:36:28.937Z,"145 km SW of Adak, Alaska",earthquake,13.3,6.8529,0.1,9,reviewed,ak,ak
2026-07-25T10:54:54.570Z,18.0078,-68.4316,89,3.67,md,22,220,0.5086,0.33,pr,pr2026206000,2026-07-25T12:57:04.040Z,"45 km SSE of Boca de Yuma, Dominican Republic",earthquake,2.73,2.04,0.24,18,reviewed,pr,pr
2026-07-25T10:54:08.642Z,60.557,-139.943,10.8,2.1,ml,13,87,0.6,0.6,ak,aka2026opmhrs,2026-07-27T16:34:49.241Z,"113 km N of Yakutat, Alaska",earthquake,6.8,3.1352,0.2,10,reviewed,ak,ak
2026-07-25T10:48:01.578Z,31.982,-103.308,6.6125,1.6,ml,25,58,0,0.2,tx,tx2026ondiwp,2026-07-27T13:50:09.891Z,"18 km SW of Jal, New Mexico",earthquake,0.63933589384372,0.67275201519817,0.1,15,reviewed,tx,tx
2026-07-25T10:44:38.424Z,31.67,-104.414,6.7151,1.7,ml,28,70,0,0.2,tx,tx2026ondfra,2026-07-29T16:18:58.757Z,"56 km S of Whites City, New Mexico",earthquake,0.86342215191926,0.89419470763062,0.1,22,reviewed,tx,tx
2026-07-25T10:43:57.520Z,38.836498260498,-122.78700256348,1.8799999952316,0.88,md,8,169,0.003233,0.01,nc,nc75405467,2026-07-25T10:45:33.449Z,"6 km WNW of Cobb, CA",earthquake,0.62,1.28999996,0.3,9,automatic,nc,nc
2026-07-25T10:43:56.690Z,33.353666666667,-116.3405,12.04,0.42,ml,28,49,0.02728,0.19,ci,ci40661202,2026-07-26T13:29:04.232Z,"11 km NNE of Borrego Springs, CA",earthquake,0.25,0.55,0.12533187792793,5,reviewed,ci,ci
2026-07-25T10:43:26.240Z,38.4675,-112.86816666667,8.45,0.98,md,10,92,0.01015,0.14,uu,uu80146381,2026-07-27T14:06:27.390Z,"14 km ENE of Milford, Utah",earthquake,0.72,0.59,0.38119211608212,4,reviewed,uu,uu
2026-07-25T10:40:35.743Z,64.69,-147.862,21.7,1,ml,10,70,0.1,0.2,ak,aka2026oplvyl,2026-07-27T16:34:16.468Z,"13 km SSW of South Van Horn, Alaska",earthquake,4.3,3.3114,0.1,8,reviewed,ak,ak
2026-07-25T10:37:48.670Z,35.364,-117.79616666667,5.97,2.09,ml,57,32,0.1046,0.18,ci,ci40661194,2026-07-26T13:29:08.519Z,"15 km W of Johannesburg, CA",earthquake,0.16,0.62,0.15350311322272,26,reviewed,ci,ci
2026-07-25T10:37:25.860Z,51.785666666667,-178.85016666667,6.48,0.88,ml,5,192,0.00897,0.18,av,av94332163,2026-07-27T05:25:29.830Z,"153 km W of Adak, Alaska",earthquake,0.87,1.14,0.26530875946999,5,reviewed,av,av
2026-07-25T10:26:01.870Z,38.481333333333,-112.8995,2.98,-0.35,md,6,147,0.02259,0.06,uu,uu80146376,2026-07-27T14:13:18.220Z,"13 km NE of Milford, Utah",earthquake,0.61,0.67,0.7722650337858,3,reviewed,uu,uu
2026-07-25T10:25:00.695Z,60.625,-139.907,9.1,1.6,ml,11,148,0.6,0.7,ak,aka2026oplilo,2026-07-27T16:33:19.699Z,"120 km N of Yakutat, Alaska",earthquake,8.1,4.5943,0.1,8,reviewed,ak,ak
2026-07-25T10:19:46.210Z,31.982,-103.3,6.2537,1.3,ml,13,90,0.1,0.1,tx,tx2026onckue,2026-07-27T14:18:39.179Z,"17 km SW of Jal, New Mexico",earthquake,1.4654674447586,0.58089856508499,0.2,13,reviewed,tx,tx
2026-07-25T10:19:06.710Z,61.183,-152.29383333333,5.97,-0.71,ml,10,210,0.02565,0.11,av,av94332123,2026-07-26T21:51:05.350Z,"63 km W of Tyonek, Alaska",earthquake,0.54,0.42,0.17159621344093,10,reviewed,av,av
2026-07-25T10:18:33.973Z,31.972,-103.319,6.7151,1.3,ml,9,74,0,0.1,tx,tx2026oncjid,2026-07-27T13:59:29.003Z,"19 km SW of Jal, New Mexico",earthquake,1.1332586163244,0.86518254577577,0.2,17,reviewed,tx,tx
2026-07-25T10:17:11.216Z,31.983,-103.291,5.8435,1.4,ml,13,72,0.1,0.2,tx,tx2026oncihj,2026-07-27T14:07:59.040Z,"17 km SSW of Jal, New Mexico",earthquake,1.1783075852694,0.92072718847275,0.1,10,reviewed,tx,tx
2026-07-25T10:16:34.970Z,31.983,-103.299,6.8689,1.1,ml,15,78,0.1,0.2,tx,tx2026onchtq,2026-07-27T14:32:58.539Z,"17 km SW of Jal, New Mexico",earthquake,0.62226424740516,0.86801887329445,0.2,10,reviewed,tx,tx
2026-07-25T10:09:38.324Z,61.449,-149.997,27.9,2.3,ml,67,46,0.3,1,ak,aka2026opkvce,2026-07-27T16:32:11.062Z,"8 km SSW of Big Lake, Alaska",earthquake,2.1,1.2906,0.2,49,reviewed,ak,ak
2026-07-25T10:08:59.870Z,34.371,-116.88233333333,2.36,1.7,ml,76,47,0.05084,0.16,ci,ci40661186,2026-07-26T18:54:46.324Z,"11 km SE of Lucerne Valley, CA",earthquake,0.11,0.26,0.16321778018612,62,reviewed,ci,ci
2026-07-25T10:06:43.004Z,53.081,-168.01,66.5,1.7,ml,14,209,0.3,0.2,ak,aka2026opksof,2026-07-27T16:29:32.320Z,"59 km ENE of Nikolski, Alaska",earthquake,45,10.3555,0.4,12,reviewed,ak,ak
2026-07-25T10:04:10.620Z,47.3705,-122.6745,34.4,2.18,ml,18,56,0.06125,0.11,uw,uw714061301,2026-07-26T19:45:31.260Z,"2 km WSW of Wauna, Washington",earthquake,0.61,1,0.16877098391326,15,reviewed,uw,uw
2026-07-25T09:58:30.920Z,38.492333333333,-112.9105,2.51,1.38,ml,18,58,0.01273,0.11,uu,uu80146371,2026-07-27T14:20:00.720Z,"13 km NE of Milford, Utah",earthquake,0.3,0.53,0.0042807498016635,2,reviewed,uu,uu
2026-07-25T09:58:18.472Z,51.408,-178.094,9.2,2,ml,14,222,0.4,0.4,ak,aka2026opklhf,2026-07-27T16:28:41.992Z,"113 km WSW of Adak, Alaska",earthquake,7.9,3.1999,0.2,11,reviewed,ak,ak
2026-07-25T09:56:49.530Z,52.104333333333,-176.15083333333,3.82,0.15,ml,5,278,0.04862,0.13,av,av93064869,2026-07-26T19:46:30.230Z,"41 km NE of Adak, Alaska",earthquake,0.88,1.22,0.16451774678968,5,reviewed,av,av
2026-07-25T09:53:31.310Z,31.659,-104.213,7.2791,2.8,ml,38,63,0,0.2,tx,tx2026onbnwl,2026-07-25T10:14:43.540Z,"55 km NW of Toyah, Texas",earthquake,0.59524062439262,0.69445787324146,0.1,27,reviewed,tx,tx
2026-07-25T09:36:00.910Z,59.363166666667,-153.4275,-0.31,-0.47,ml,5,188,0.008827,0.08,av,av94332063,2026-07-26T19:41:58.910Z,"60 km SE of Pedro Bay, Alaska",earthquake,0.3,0.31,0.32244685719362,5,reviewed,av,av
2026-07-25T09:32:00.010Z,38.833499908447,-122.79900360107,1.9800000190735,1.59,md,29,40,0.008353,0.04,nc,nc75405437,2026-07-25T10:22:19.056Z,"7 km W of Cobb, CA",earthquake,0.2,0.330000013,0.18,30,automatic,nc,nc
2026-07-25T09:28:57.270Z,38.493166666667,-112.91183333333,2.15,1.42,ml,19,45,0.01308,0.12,uu,uu80146361,2026-07-27T14:38:09.350Z,"13 km NE of Milford, Utah",earthquake,0.28,0.62,0.061761362691475,3,reviewed,uu,uu
2026-07-25T09:27:14.770Z,53.3815,-168.183,5.1,-0.46,ml,6,220,0.02807,0.25,av,av93064874,2026-07-26T19:51:59.670Z,"66 km NE of Nikolski, Alaska",earthquake,1.43,1.38,0.36707058462975,6,reviewed,av,av
2026-07-25T09:26:09.810Z,38.491,-112.9055,3.82,0.79,md,8,101,0.01818,0.05,uu,uu80146356,2026-07-27T14:40:10.890Z,"13 km NE of Milford, Utah",earthquake,0.29,0.8,0.48015000954781,4,reviewed,uu,uu
2026-07-25T09:24:01.560Z,38.165833333333,-112.27533333333,6.51,0.98,md,6,165,0.1434,0.07,uu,uu80146351,2026-07-27T18:52:38.230Z,"0 km SSW of Circleville, Utah",earthquake,0.44,2.55,0.066712011956211,4,reviewed,uu,uu
